{"data": {"type": "incident", "situations": [{"label": "cliff", "affected_objects": ["manholes", "table"]}], "category": "Flood Forecasts", "subcategory": "Antennas"}, "meta": {"entity": "citizen_report", "project_id": "citizen", "id": "1623300606TuTbRSRivxCZcumWyKFc", "sourceText": "bUfLayglFfJjMcMWVLEO3584448613", "location": {"radius": 0.0, "inferred": "false", "coordinates": [35.524678, 24.084345]}}}{"data": {"type": "incident", "situations": [{"label": "cliff", "affected_objects": ["manholes", "table"]}], "category": "Infrastructure", "subcategory": "Antennas"}, "meta": {"entity": "citizen_report", "project_id": "citizen", "id": "1623300606TuTbRSRivxCZcumWyKFc", "sourceText": "bUfLayglFfJjMcMWVLEO3584448613", "location": {"radius": 0.0, "inferred": "false", "coordinates": [35.52925763063966,24.07529354095459]}}}