{"data": {"type": "incident", "situations": [{"label": "pier", "affected_objects": ["cranes", "ring", "bollard", "ship", "grass"]}], "category": "Accommodation", "subcategory": "Apartments"}, "meta": {"entity": "citizen_report", "project_id": "citizen", "id": "9411458377hZaTaEVIccgMdqhQBRLN", "sourceText": "ioZidyNIlDoXJsLcNzYc7057408941", "location": {"radius": 0.0, "inferred": "false", "coordinates": [35.52925763063966,24.07529354095459]}}}{"data": {"type": "incident", "situations": [{"label": "pier", "affected_objects": ["cranes", "ring", "bollard", "ship", "grass"]}], "category": "Accommodation", "subcategory": "Apartments"}, "meta": {"entity": "citizen_report", "project_id": "citizen", "id": "9411458377hZaTaEVIccgMdqhQBRLN", "sourceText": "ioZidyNIlDoXJsLcNzYc7057408941", "location": {"radius": 0.0, "inferred": "false", "coordinates": [35.52925763063966,24.07529354095459]}}}