{"data": {"type": "incident", "situations": [{"label": "swimming_pool_outdoor", "affected_objects": ["lamp post", "cranes", "post boxes", "bins", "ship"]}], "category": "Medical", "subcategory": "Doctors"}, "meta": {"entity": "citizen_report", "project_id": "citizen", "id": "5708075985jtqwbEKkqcLaLChLPWAW", "sourceText": "vFoLeRYFytgzkuaVQjDp5187874934", "location": {"radius": 0.0, "inferred": "false", "coordinates": [48.13009, 11.6053]}}}{"data": {"type": "incident", "situations": [{"label": "swimming_pool_outdoor", "affected_objects": ["lamp post", "cranes", "post boxes", "bins", "ship"]}], "category": "Medical", "subcategory": "Doctors"}, "meta": {"entity": "citizen_report", "project_id": "citizen", "id": "5708075985jtqwbEKkqcLaLChLPWAW", "sourceText": "vFoLeRYFytgzkuaVQjDp5187874934", "location": {"radius": 0.0, "inferred": "false", "coordinates": [48.13009, 11.6053]}}}