{"data": {"type": "incident", "situations": [{"label": "excavation", "affected_objects": ["umbrella", "tree", "table", "post boxes"]}], "category": "Flood Forecasts", "subcategory": "Flood Results From Model"}, "meta": {"entity": "citizen_report", "project_id": "citizen", "id": "9881050303DifIcyqiaKEYUsqnWmIy", "sourceText": "ClBOyaZmsZzJcuiwLuGc9034876289", "location": {"radius": 0.0, "inferred": "true", "coordinates": [48.13009, 11.6053]}}}{"data": {"type": "incident", "situations": [{"label": "bar", "affected_objects": ["chair"]}], "category": "Commerce", "subcategory": "Electronics"}, "meta": {"entity": "citizen_report", "project_id": "citizen", "id": "0689138828uQVEjBjbsroHrcwKranF", "sourceText": "rsLrMuFrpcPTNrXujrZk5340562730", "location": {"radius": 0.0, "inferred": "true", "coordinates": [35.524678, 24.084345]}}}