{"data": {"type": "incident", "situations": [{"label": "mansion", "affected_objects": ["benches", "window", "grass", "manholes"]}], "category": "Education", "subcategory": "Sources of Pollution"}, "meta": {"entity": "citizen_report", "project_id": "citizen", "id": "9339085924vQwHNGErYpoXwuLaYOAI", "sourceText": "pqDnmylKXcvxKavJXMxe7657729835", "location": {"radius": 0.0, "inferred": "true", "coordinates": [35.524678, 24.084345]}}}{"data": {"type": "incident", "situations": [{"label": "mansion", "affected_objects": ["benches", "window", "grass", "manholes"]}], "category": "Education", "subcategory": "Secondary Schools"}, "meta": {"entity": "citizen_report", "project_id": "citizen", "id": "9339085924vQwHNGErYpoXwuLaYOAI", "sourceText": "pqDnmylKXcvxKavJXMxe7657729835", "location": {"radius": 0.0, "inferred": "true", "coordinates": [35.52925763063966,24.07529354095459,]}}}