{"_id": {"$oid": "62418d3d32716b72191da410"}, "header": {"timestamp": "2022-03-28 12:44:26.401075", "sender": "Visual Analysis", "entity": "video", "simmoid": "cf798436-e82a-4af5-8de0-c6faeb8069cb", "project_id": "83"}, "shotInfo": [
	
{"shotIdx": 3, "startFrame": "875", "endFrame": "975", "objectsFound": [{"type": "sky", "probability": 53.81334092881944}, {"type": "mountain", "probability": 17.53811306423611}, {"type": "building", "probability": 24.516465928819446}, {"type": "wall", "probability": 5.827501085069445}, {"type": "tree", "probability": 6.780327690972222}], "peopleInDanger": 0, "vehiclesInDanger": 0, "riverOvertop": false, "area": "hotel_outdoor", "areaProb": 0.08585714285714285, "outdoor": true, "emergencyType": "none", "emergencyProb": 0.9999983310699463, "category": "Transportation", "subcategory": "Bike Rentals", "coordinate": [45.559496, 11.5306666], "animalsInDanger": 5, "infraInDanger": ["office", "school"], "objectsInDanger": ["Toothbrush", "Bookcase", "Computer", "Sink", "Knife", "Trousers", "Wallet", "Glass", "Pot", "Trousers", "Glue", "Wallet", "Blanket", "Window", "Cupboard", "Spoon", "Coin", "Cup", "Banknote", "Fork", "Computer", "Glue", "Backpack", "Cupboard", "Whiteboard", "Blouse", "Key", "Shirt", "Stove", "Glass", "Washing machine"]}]}