{"_id": {"$oid": "61eac2f87d2bf8167cc41c5e"}, "header": {"timestamp": "2022-01-21 14:12:34.824049", "sender": "Visual Analysis", "entity": "video", "simmoid": "abbb259b-7867-4b8a-ae2f-10becb2a96b5", "project_id": "test"}, "shotInfo": [
{"shotIdx": 0, "startFrame": "0", "endFrame": "23", "objectsFound": [{"type": "sky", "probability": 100}, {"type": "tree", "probability": 0.01538764105902778}, {"type": "wall", "probability": 0.011942545572916664}], "peopleInDanger": 0, "vehiclesInDanger": 0, "riverOvertop": false, "area": "forest_broadleaf", "areaProb": 0.11449999999999999, "outdoor": true, "emergencyType": "none", "emergencyProb": 0.9999314546585083, "category": "Transportation", "subcategory": "Taxi", "coordinate": [45.55054180487325,11.548604965209961], "animalsInDanger": 11, "infraInDanger": ["company", "office", "tower"], "objectsInDanger": ["Glue", "Helmet", "Whiteboard", "Key", "Toothbrush", "Desk", "Bed", "Clock", "Desk", "Shirt", "Glue", "Pen", "Wallet", "Dish", "Trousers", "Helmet", "Window", "Knife", "Shirt", "Sink", "Toothbrush", "Wallet", "Car", "Key", "Knife", "Banknote", "Fork", "Sweater", "Shoe", "Toothbrush", "Bag", "Pot"]}]}