{"_id": {"$oid": "62434aa1692f7f5379d3d2ff"}, "header": {"timestamp": "2022-03-29 18:09:51.052135", "sender": "Visual Analysis", "entity": "video", "simmoid": "372d0e9b-b361-452b-af05-34ee99bced76", "project_id": "82"}, "shotInfo": [

{"shotIdx": 13, "startFrame": "5534", "endFrame": "5709", "objectsFound": [{"type": "wall", "probability": 77.40071614583334}, {"type": "ceiling", "probability": 19.331190321180554}, {"type": "sky", "probability": 2.364095052083333}, {"type": "road", "probability": 3.2212999131944446}], "peopleInDanger": 0, "vehiclesInDanger": 0, "riverOvertop": false, "area": "alley", "areaProb": 0.6752333333333332, "outdoor": true, "emergencyType": "none", "emergencyProb": 0.9999374291476082, "category": "Commerce", "subcategory": "Electronics", "coordinate": [45.55054180487325, 11.548604965209961], "animalsInDanger": 11, "infraInDanger": ["company", "kindergraden", "road", "school", "tourist office", "ceiling", "office", "room", "nurseries", "university", "office"], "objectsInDanger": ["Cup", "Pen", "Fridge", "Bed", "Fork", "Trousers", "Fork", "Glue", "Car", "Toothbrush", "Bicycle", "Pen", "Ruler", "Washing machine", "Shoe", "Toothbrush", "Computer", "Pot", "Wallet", "Banknote", "Fridge", "Pen", "Fork", "Pillow", "Window", "Shoe", "Computer", "Glue", "Cupboard", "Pencil", "Stove", "Paper", "Blanket", "Cupboard", "Computer", "Cup", "Dish", "Sofa", "Knife", "Cupboard", "Pencil", "Door", "Bag", "Pot", "Bookcase", "Dish", "Cupboard", "Pencil", "Backpack"]}]}