{"_id": {"$oid": "6216016f600a435c38d2a295"}, "header": {"timestamp": "2022-02-23 10:39:45.180299", "sender": "Visual Analysis", "entity": "video", "simmoid": "60aeb4e9-f9a5-4470-8a8d-de0694182f7c", "project_id": "1"}, "shotInfo": [

{"shotIdx": 1, "startFrame": "478", "endFrame": "685", "objectsFound": [{"type": "sky", "probability": 100}, {"type": "mountain", "probability": 6.045871310763888}, {"type": "sea", "probability": 7.474093967013889}, {"type": "earth", "probability": 3.061930338541667}, {"type": "wall", "probability": 5.979410807291666}], "peopleInDanger": 0, "vehiclesInDanger": 0, "riverOvertop": false, "area": "railroad_track", "areaProb": 0.10014166666666666, "outdoor": true, "emergencyType": "none", "emergencyProb": 0.9999877214431763, "category": "Disaster Management", "subcategory": "Flooded Reports", "coordinate": [48.13009, 11.6053], "animalsInDanger": 12, "infraInDanger": ["company", "tower", "parking", "tourist office", "stadium", "house"], "objectsInDanger": ["Window", "Chair"]}]}