{"_id": {"$oid": "6213ca0942fde02430089b1b"}, "header": {"timestamp": "2022-02-21 16:39:09.725780", "sender": "Visual Analysis", "entity": "video", "simmoid": "60aeb4e9-f9a5-4470-8a8d-de0694182f7c", "project_id": "1"}, "shotInfo": [

{"shotIdx": 3, "startFrame": "740", "endFrame": "803", "objectsFound": [{"type": "building", "probability": 61.71196831597222}, {"type": "sky", "probability": 20.897081163194446}, {"type": "tree", "probability": 12.140570746527777}, {"type": "road", "probability": 11.258951822916668}, {"type": "water", "probability": 3.6573621961805554}, {"type": "mountain", "probability": 2.3430718315972223}, {"type": "sea", "probability": 0.7520887586805556}, {"type": "house", "probability": 0.0732421875}, {"type": "grass", "probability": 1.7673068576388888}], "peopleInDanger": 0, "vehiclesInDanger": 0, "riverOvertop": false, "area": "market_outdoor", "areaProb": 0.10421818181818181, "outdoor": true, "emergencyType": "none", "emergencyProb": 0.9998539090156555, "category": "Infrastructure", "subcategory": "Aqueducts", "coordinate": [45.55054180487325,11.548604965209961], "animalsInDanger": 7, "infraInDanger": ["room", "school", "house", "office", "tower", "tower", "office", "company", "tourist office"], "objectsInDanger": ["Pot", "Wallet", "Whiteboard", "Paper", "Ruler", "Chair", "Fork", "Car", "Chair", "Pillow", "Computer", "Stove", "Coffee maker", "Blouse", "Wallet", "Bookcase"]}]}