{"_id": {"$oid": "62820c5a6611e02826986a59"}, "header": {"timestamp": "2022-05-16 11:28:11.387201", "sender": "Visual Analysis", "entity": "video", "simmoid": "60aeb4e9-f9a5-4470-8a8d-de0694182f7c", "project_id": "143"}, "shotInfo": [

{"shotIdx": 38, "startFrame": "4535", "endFrame": "4661", "objectsFound": [{"type": "building", "probability": 80.48099956445994}, {"type": "sky", "probability": 1.5727079703832754}, {"type": "road", "probability": 1.2018183797909407}, {"type": "plant", "probability": 0.9649934668989547}], "peopleInDanger": 0, "vehiclesInDanger": 0, "riverOvertop": false, "area": "alley", "areaProb": 0.2649083333333333, "outdoor": true, "emergencyType": "none", "emergencyProb": 0.9999997715155283, "category": "Accommodation", "subcategory": "Campsites", "coordinate": [48.130089, 11.6053], "animalsInDanger": 9, "infraInDanger": ["office", "house", "parking", "office", "company"], "objectsInDanger": ["Pot", "Sink", "Washing machine", "Helmet", "Chair", "Sofa", "Stool", "Stove", "Spoon", "Shoe", "Helmet", "Sink", "Clock", "Stove", "Sofa", "Shoe", "Bed", "Wallet", "Car", "Chair", "Bed", "Chair", "Notebook", "Sink", "Wallet", "Cup", "Ruler", "Glass", "Knife", "Blanket", "Ruler", "Key", "Car", "Wallet"]}]}