{"_id": {"$oid": "6241aec2a8da5dc100eff0ea"}, "header": {"timestamp": "2022-03-28 15:10:29.620942", "sender": "Visual Analysis", "entity": "video", "simmoid": "cf798436-e82a-4af5-8de0-c6faeb8069cb", "project_id": "85"}, "shotInfo": [

{"shotIdx": 15, "startFrame": "2210", "endFrame": "2312", "objectsFound": [{"type": "wall", "probability": 79.04798719618056}, {"type": "building", "probability": 0.1163601345486111}, {"type": "ceiling", "probability": 10.068766276041668}, {"type": "person", "probability": 3.384060329861111}, {"type": "sculpture", "probability": 2.394612630208333}, {"type": "table", "probability": 2.543131510416667}], "peopleInDanger": 0, "vehiclesInDanger": 0, "riverOvertop": false, "area": "bar", "areaProb": 0.44644444444444437, "outdoor": true, "emergencyType": "none", "emergencyProb": 0.9985508561134339, "category": "Public Services", "subcategory": "Tourist Offices", "coordinate": [37.980401, 23.757333], "animalsInDanger": 10, "infraInDanger": ["tourist office", "parking", "school", "house", "company", "office", "university", "school", "office", "parking", "room"], "objectsInDanger": ["Desk", "Paper", "Bookcase", "Bag", "Backpack", "Desk", "Pen", "Whiteboard", "Door", "Shirt", "Banknote", "Stove", "Car", "Bed", "Pencil", "Clock", "Ruler", "Stove", "Bed", "Toothbrush", "Fridge", "Cupboard", "Banknote", "Bed", "Bookcase", "Wallet", "Trousers", "Pot", "Bicycle", "Fork", "Bookcase", "Table", "Book", "Bed", "Stool", "Key", "Cup", "Glass", "Bed", "Helmet", "Cup", "Pencil", "Cup", "Desk", "Fridge", "Backpack", "Pot", "Glue"]}]}