{"_id": {"$oid": "6216016f600a435c38d2a295"}, "header": {"timestamp": "2022-02-23 10:39:45.180299", "sender": "Visual Analysis", "entity": "video", "simmoid": "60aeb4e9-f9a5-4470-8a8d-de0694182f7c", "project_id": "1"}, "shotInfo": [

{"shotIdx": 19, "startFrame": "2137", "endFrame": "2260", "objectsFound": [{"type": "building", "probability": 68.78933376736111}, {"type": "sky", "probability": 24.098036024305554}, {"type": "road", "probability": 11.826578776041668}], "peopleInDanger": 0, "vehiclesInDanger": 0, "riverOvertop": false, "area": "palace", "areaProb": 0.07520000000000002, "outdoor": true, "emergencyType": "none", "emergencyProb": 0.999999980131785, "category": "Disaster Management", "subcategory": "Civil Protection", "coordinate": [48.13009, 11.6053], "animalsInDanger": 6, "infraInDanger": ["road", "university", "house", "nurseries", "ceiling", "nurseries", "road"], "objectsInDanger": ["Pot", "Shirt", "Fork", "Glue", "Notebook", "Spoon", "Helmet", "Computer", "Whiteboard", "Shirt", "Window", "Fork", "Banknote", "Stool", "Paper", "Dish", "Blouse", "Bicycle", "Key", "Sink", "Stove", "Bookcase", "Sink", "Knife", "Sofa", "Paper"]}]}