{"_id": {"$oid": "62430bc8e6d3068eca396a4a"}, "header": {"timestamp": "2022-03-29 16:02:36.107553", "sender": "Visual Analysis", "entity": "video", "simmoid": "cf798436-e82a-4af5-8de0-c6faeb8069cb", "project_id": "82"}, "shotInfo": [

{"shotIdx": 17, "startFrame": "2423", "endFrame": "2517", "objectsFound": [{"type": "wall", "probability": 45.32877604166667}, {"type": "ceiling", "probability": 6.9091796875}, {"type": "sculpture", "probability": 16.75347222222222}, {"type": "chair", "probability": 4.044596354166666}, {"type": "table", "probability": 2.1674262152777777}], "peopleInDanger": 0, "vehiclesInDanger": 0, "riverOvertop": false, "area": "bar", "areaProb": 0.7921111111111112, "outdoor": true, "emergencyType": "none", "emergencyProb": 0.9973666005664401, "category": "Disaster Management", "subcategory": "Civil Protection", "coordinate": [45.55054180487325, 11.548604965209961], "animalsInDanger": 9, "infraInDanger": ["office", "tower", "office", "office", "school", "tower", "house", "university", "university", "parking", "kindergraden", "room"], "objectsInDanger": ["Glass", "Computer", "Notebook", "Notebook", "Bookcase", "Pillow", "Pot", "Bed", "Pencil", "Banknote", "Bag", "Chair", "Desk", "Blanket", "Bookcase", "Bookcase", "Pen", "Ruler", "Bicycle", "Stool", "Cup", "Blanket", "Bag", "Pillow", "Computer", "Clock", "Cupboard", "Cupboard", "Notebook", "Coin", "Sofa", "Glass", "Blanket", "Pot", "Pencil", "Dish", "Pot", "Cup", "Desk", "Pot", "Cupboard", "Pencil"]}]}