{"_id": {"$oid": "6216016f600a435c38d2a295"}, "header": {"timestamp": "2022-02-23 10:39:45.180299", "sender": "Visual Analysis", "entity": "video", "simmoid": "60aeb4e9-f9a5-4470-8a8d-de0694182f7c", "project_id": "1"}, "shotInfo": [{"shotIdx": 27, "startFrame": "3018", "endFrame": "3143", "objectsFound": [{"type": "wall", "probability": 46.70342339409722}, {"type": "ceiling", "probability": 34.25564236111111}, {"type": "building", "probability": 9.037272135416668}, {"type": "earth", "probability": 2.9547797309027777}, {"type": "road", "probability": 1.3624403211805556}], "peopleInDanger": 0, "vehiclesInDanger": 0, "riverOvertop": false, "area": "bar", "areaProb": 0.23627272727272725, "outdoor": true, "emergencyType": "none", "emergencyProb": 0.9999852776527405, "category": "Production Planning", "subcategory": "Snapshots", "coordinate": [35.52925763063966,24.07529354095459], "animalsInDanger": 2, "infraInDanger": ["road"], "objectsInDanger": ["Coin", "Cupboard", "Notebook", "Pencil", "Key", "Bicycle", "Pen", "Coffee maker", "Sofa", "Window", "Book", "Bookcase", "Fork", "Coin", "Whiteboard"]}]}