{"_id": {"$oid": "61fd574d1622298797a5e7a1"}, "header": {"timestamp": "2022-02-04 15:28:39.680683", "sender": "Visual Analysis", "entity": "video", "simmoid": "469bae19-e1ab-47f9-ac9f-557bccf7fda6", "project_id": "test"}, "shotInfo": [
	{"shotIdx": 0, "startFrame": "0", "endFrame": "86", "objectsFound": [{"type": "wall", "probability": 75.71207682291666}, {"type": "road", "probability": 12.5640869140625}, {"type": "water", "probability": 6.866963704427083}, {"type": "door", "probability": 1.1311848958333335}], "peopleInDanger": 0, "vehiclesInDanger": 0, "riverOvertop": false, "area": "hotel_outdoor", "areaProb": 0.09349999999999997, "outdoor": true, "emergencyType": "none", "emergencyProb": 0.999983128748442, "category": "Commerce", "subcategory": "Clothing", "coordinate": [45.55054180487325,11.548604965209961], "animalsInDanger": 15, "infraInDanger": ["house"], "objectsInDanger": ["Knife", "Sweater", "Fridge", "Sink", "Coffee maker", "Clock"]}]}