{"_id": {"$oid": "62820c5a6611e02826986a59"}, "header": {"timestamp": "2022-05-16 11:28:11.387201", "sender": "Visual Analysis", "entity": "video", "simmoid": "60aeb4e9-f9a5-4470-8a8d-de0694182f7c", "project_id": "143"}, "shotInfo": [

{"shotIdx": 7, "startFrame": "1058", "endFrame": "1126", "objectsFound": [{"type": "building", "probability": 81.759037456446}, {"type": "plant", "probability": 7.917982360627178}, {"type": "flag", "probability": 4.121978440766551}, {"type": "tree", "probability": 3.470029398954704}, {"type": "sky", "probability": 2.455357142857143}, {"type": "sculpture", "probability": 0.011385289634146341}], "peopleInDanger": 0, "vehiclesInDanger": 0, "riverOvertop": false, "area": "airport_terminal", "areaProb": 0.0481, "outdoor": true, "emergencyType": "none", "emergencyProb": 0.9858186741669973, "category": "Disaster Management", "subcategory": "Civil Protection", "coordinate": [45.55054180487325, 11.548604965209961], "animalsInDanger": 16, "infraInDanger": ["school", "company", "room", "nurseries", "office"], "objectsInDanger": ["Wallet", "Bookcase", "Fridge", "Helmet", "Pen", "Table", "Desk", "Shoe", "Coin", "Bicycle", "Trousers", "Helmet", "Cup", "Desk", "Desk", "Computer", "Chair", "Stove", "Wallet", "Stove", "Trousers", "Helmet", "Car", "Whiteboard", "Helmet", "Car", "Sink", "Computer", "Door", "Spoon", "Stool", "Notebook", "Window", "Wallet", "Glass", "Coffee maker", "Toothbrush", "Window", "Glue"]}]}