{"_id": {"$oid": "6216016f600a435c38d2a295"}, "header": {"timestamp": "2022-02-23 10:39:45.180299", "sender": "Visual Analysis", "entity": "video", "simmoid": "60aeb4e9-f9a5-4470-8a8d-de0694182f7c", "project_id": "1"}, "shotInfo": [

{"shotIdx": 24, "startFrame": "2578", "endFrame": "2639", "objectsFound": [{"type": "sky", "probability": 29.915364583333332}, {"type": "building", "probability": 30.48027886284722}, {"type": "road", "probability": 19.57465277777778}, {"type": "tree", "probability": 15.674506293402779}, {"type": "grass", "probability": 5.478244357638888}], "peopleInDanger": 0, "vehiclesInDanger": 0, "riverOvertop": false, "area": "canal_urban", "areaProb": 0.10363333333333331, "outdoor": true, "emergencyType": "none", "emergencyProb": 0.999984343846639, "category": "Education", "subcategory": "Universities", "coordinate": [48.13009, 11.6053], "animalsInDanger": 6, "infraInDanger": ["office", "road"], "objectsInDanger": ["Glue", "Chair", "Cupboard", "Pillow", "Computer", "Washing machine", "Coffee maker", "Backpack", "Chair", "Spoon", "Window", "Car", "Dish", "Desk", "Notebook", "Sofa", "Stool"]}]}