{"_id": {"$oid": "62430bc8e6d3068eca396a4a"}, "header": {"timestamp": "2022-03-29 16:02:36.107553", "sender": "Visual Analysis", "entity": "video", "simmoid": "cf798436-e82a-4af5-8de0-c6faeb8069cb", "project_id": "82"}, "shotInfo": [

{"shotIdx": 8, "startFrame": "1378", "endFrame": "1479", "objectsFound": [{"type": "sky", "probability": 43.38107638888889}, {"type": "sea", "probability": 43.292236328125}, {"type": "boat", "probability": 5.317518446180555}, {"type": "sand", "probability": 6.844753689236111}, {"type": "mountain", "probability": 10.96462673611111}, {"type": "building", "probability": 0.010572645399305556}], "peopleInDanger": 0, "vehiclesInDanger": 0, "riverOvertop": false, "area": "harbor", "areaProb": 0.27677, "outdoor": true, "emergencyType": "none", "emergencyProb": 0.9607985854148865, "category": "Production Planning", "subcategory": "Restricted Areas", "coordinate": [35.524678, 24.084345], "animalsInDanger": 6, "infraInDanger": ["company", "company"], "objectsInDanger": ["Notebook", "Bag", "Fork", "Sofa", "Stool", "Glass", "Blanket", "Cup", "Sink", "Table", "Sink", "Door", "Coffee maker", "Glass", "Bed", "Backpack", "Chair", "Sink", "Pillow", "Sweater", "Bag", "Fork", "Shoe", "Door", "Car", "Desk", "Ruler", "Book", "Pencil"]}]}