{"_id": {"$oid": "6216016f600a435c38d2a295"}, "header": {"timestamp": "2022-02-23 10:39:45.180299", "sender": "Visual Analysis", "entity": "video", "simmoid": "60aeb4e9-f9a5-4470-8a8d-de0694182f7c", "project_id": "1"}, "shotInfo": [

{"shotIdx": 14, "startFrame": "1757", "endFrame": "1819", "objectsFound": [{"type": "sky", "probability": 57.54530164930556}, {"type": "building", "probability": 43.31122504340278}, {"type": "road", "probability": 0.4408094618055556}], "peopleInDanger": 0, "vehiclesInDanger": 0, "riverOvertop": false, "area": "fire_escape", "areaProb": 0.10815999999999999, "outdoor": true, "emergencyType": "none", "emergencyProb": 0.9999991854031881, "category": "Education", "subcategory": "Universities", "coordinate": [48.13009, 11.6053], "animalsInDanger": 16, "infraInDanger": ["tourist office", "company", "company", "company", "house", "parking", "room", "school", "university", "nurseries", "parking", "tourist office", "office", "company", "tourist office"], "objectsInDanger": ["Sweater", "Desk", "Bookcase", "Desk", "Pot", "Bed"]}]}