{"_id": {"$oid": "627e2a6778ec7e2474491aa1"}, "header": {"timestamp": "2022-05-13 12:52:26.231281", "sender": "Visual Analysis", "entity": "citizen_report", "simmoid": "43c3b7b5-f07c-4984-9b1a-82ba95c589e7", "project_id": 0}, "shotInfo": [{"shotIdx": 0, "startFrame": 0, "endFrame": 0, "objectsFound": [{"type": "computer", "probability": 0.3524932861328125}, {"type": "desk", "probability": 0.21551513671875}, {"type": "monitor", "probability": 0.16143290201822913}, {"type": "wall", "probability": 0.14256795247395834}, {"type": "crt", "probability": 0.09393310546875}, {"type": "ceiling", "probability": 0.014180501302083336}, {"type": "table", "probability": 0.011678059895833336}, {"type": "cabinet", "probability": 0.008051554361979166}, {"type": "lake", "probability": 8.646647135416668e-05}, {"type": "floor", "probability": 5.594889322916666e-05}, {"type": "booth", "probability": 5.086263020833332e-06}], "peopleInDanger": 0, "vehiclesInDanger": 0, "riverOvertop": false, "area": "shopfront", "areaProb": 0.0676, "outdoor": true, "emergencyType": "none", "emergencyProb": 0.9959361553192139, "category": "Production Planning", "subcategory": "Sources of Pollution", "coordinate": [45.559496, 11.5306666], "animalsInDanger": 2, "infraInDanger": ["room", "ceiling", "office", "kindergraden", "office", "school"], "objectsInDanger": ["Toothbrush", "Cup", "Ruler", "Sofa", "Washing machine", "Table", "Door", "Banknote", "Ruler", "Dish", "Spoon", "Notebook", "Shoe", "Paper", "Blanket", "Cup", "Computer", "Chair", "Door", "Stove", "Stove", "Key", "Whiteboard", "Shirt", "Pillow", "Glue", "Sofa", "Key", "Blanket", "Book", "Car", "Bag", "Key", "Trousers", "Clock", "Coffee maker", "Pen", "Door", "Table", "Window", "Shoe", "Backpack", "Chair", "Stove", "Bag", "Wallet"]}]}