{"_id": {"$oid": "62820c5a6611e02826986a59"}, "header": {"timestamp": "2022-05-16 11:28:11.387201", "sender": "Visual Analysis", "entity": "video", "simmoid": "60aeb4e9-f9a5-4470-8a8d-de0694182f7c", "project_id": "143"}, "shotInfo": [

{"shotIdx": 33, "startFrame": "3779", "endFrame": "3922", "objectsFound": [{"type": "building", "probability": 61.547256097560975}, {"type": "wall", "probability": 13.797092770034844}, {"type": "ceiling", "probability": 8.22898519163763}, {"type": "road", "probability": 3.639481707317073}], "peopleInDanger": 0, "vehiclesInDanger": 0, "riverOvertop": false, "area": "bar", "areaProb": 0.2518000000000001, "outdoor": true, "emergencyType": "none", "emergencyProb": 0.9999460407665798, "category": "Production Planning", "subcategory": "Snapshots", "coordinate": [45.55054180487325, 11.548604965209961], "animalsInDanger": 2, "infraInDanger": ["university", "road", "nurseries"], "objectsInDanger": ["Washing machine", "Clock", "Knife", "Door", "Whiteboard", "Book", "Fork", "Ruler", "Cupboard", "Sweater", "Toothbrush", "Computer", "Sweater", "Glue", "Table", "Pot", "Trousers", "Dish", "Fridge", "Shirt", "Stool", "Bag", "Sofa"]}]}