{"_id": {"$oid": "62418d3d32716b72191da410"}, "header": {"timestamp": "2022-03-28 12:44:26.401075", "sender": "Visual Analysis", "entity": "video", "simmoid": "cf798436-e82a-4af5-8de0-c6faeb8069cb", "project_id": "83"}, "shotInfo": [

{"shotIdx": 19, "startFrame": "2630", "endFrame": "2772", "objectsFound": [{"type": "building", "probability": 82.9345703125}, {"type": "sky", "probability": 23.26321072048611}], "peopleInDanger": 0, "vehiclesInDanger": 0, "riverOvertop": false, "area": "railroad_track", "areaProb": 0.07854285714285715, "outdoor": true, "emergencyType": "none", "emergencyProb": 0.99984353354999, "category": "Disaster Management", "subcategory": "Civil Protection", "coordinate": [45.559496, 11.5306666], "animalsInDanger": 1, "infraInDanger": ["house", "house", "kindergraden", "kindergraden", "road", "house", "kindergraden", "school", "company", "nurseries", "kindergraden", "kindergraden", "nurseries", "office"], "objectsInDanger": ["Backpack", "Sofa", "Blouse", "Trousers", "Pot", "Spoon", "Wallet", "Shoe", "Notebook"]}]}