{"_id": {"$oid": "623c9aaf7d9e4cd180c9a6f8"}, "header": {"timestamp": "2022-03-24 17:42:23.152261", "sender": "Visual Analysis", "entity": "video", "simmoid": "cf798436-e82a-4af5-8de0-c6faeb8069cb", "project_id": "20"}, "shotInfo": [

{"shotIdx": 5, "startFrame": "1044", "endFrame": "1116", "objectsFound": [{"type": "sea", "probability": 33.68394639756944}, {"type": "wall", "probability": 25.1220703125}, {"type": "sky", "probability": 24.48798285590278}, {"type": "building", "probability": 10.373942057291668}, {"type": "mountain", "probability": 8.24924045138889}, {"type": "boat", "probability": 1.4404296875}], "peopleInDanger": 0, "vehiclesInDanger": 0, "riverOvertop": false, "area": "canal_urban", "areaProb": 0.16088571428571427, "outdoor": true, "emergencyType": "none", "emergencyProb": 0.9999351671763829, "category": "Commerce", "subcategory": "Electronics", "coordinate": [45.55054180487325,11.548604965209961], "animalsInDanger": 10, "infraInDanger": ["nurseries", "tourist office", "stadium", "tourist office", "tower", "office", "university"], "objectsInDanger": ["Whiteboard", "Cup", "Fridge", "Knife", "Car", "Glass", "Pen", "Glass", "Stool", "Blanket", "Pillow", "Sweater", "Banknote", "Stove", "Wallet", "Stove"]}]}