{"_id": {"$oid": "6213ca0942fde02430089b1b"}, "header": {"timestamp": "2022-02-21 16:39:09.725780", "sender": "Visual Analysis", "entity": "video", "simmoid": "60aeb4e9-f9a5-4470-8a8d-de0694182f7c", "project_id": "1"}, "shotInfo": [

{"shotIdx": 8, "startFrame": "1127", "endFrame": "1158", "objectsFound": [{"type": "building", "probability": 68.23662651909721}, {"type": "road", "probability": 25.828721788194443}, {"type": "sky", "probability": 2.351209852430556}, {"type": "plant", "probability": 0.9908040364583334}], "peopleInDanger": 0, "vehiclesInDanger": 0, "riverOvertop": false, "area": "alley", "areaProb": 0.28858333333333336, "outdoor": true, "emergencyType": "none", "emergencyProb": 0.999989370505015, "category": "Commerce", "subcategory": "Electronics", "coordinate": [45.55054180487325,11.548604965209961], "animalsInDanger": 19, "infraInDanger": [], "objectsInDanger": ["Fork", "Cupboard", "Car", "Sofa", "Coffee maker", "Stove", "Notebook", "Window", "Car", "Key", "Computer", "Glue", "Key", "Bed", "Cupboard", "Knife", "Pencil", "Car", "Door", "Pen", "Spoon", "Dish", "Coffee maker", "Stove", "Helmet", "Door", "Spoon", "Glass", "Key", "Paper", "Blouse", "Computer", "Toothbrush"]}]}