{"_id": {"$oid": "62418d3d32716b72191da410"}, "header": {"timestamp": "2022-03-28 12:44:26.401075", "sender": "Visual Analysis", "entity": "video", "simmoid": "cf798436-e82a-4af5-8de0-c6faeb8069cb", "project_id": "83"}, "shotInfo": [

{"shotIdx": 10, "startFrame": "1576", "endFrame": "1691", "objectsFound": [{"type": "building", "probability": 87.10666232638889}, {"type": "sky", "probability": 28.41864691840278}, {"type": "earth", "probability": 2.391221788194444}, {"type": "ship", "probability": 0.011705186631944444}], "peopleInDanger": 0, "vehiclesInDanger": 0, "riverOvertop": false, "area": "fire_escape", "areaProb": 0.12614, "outdoor": true, "emergencyType": "none", "emergencyProb": 0.9998624975031073, "category": "Natural Elements", "subcategory": "Water Bodies", "coordinate": [37.991292, 23.749394], "animalsInDanger": 7, "infraInDanger": ["nurseries"], "objectsInDanger": ["Whiteboard", "Banknote", "Stove", "Shirt", "Key", "Chair", "Pencil", "Fridge", "Shoe", "Toothbrush", "Washing machine", "Desk", "Coin", "Stove", "Shoe", "Cup", "Computer", "Shirt", "Pencil", "Trousers", "Stool", "Ruler", "Toothbrush", "Book", "Book", "Ruler", "Glass", "Pen", "Blanket", "Clock", "Sofa", "Shirt", "Glass", "Cupboard", "Trousers", "Desk", "Whiteboard", "Trousers", "Door", "Key", "Table", "Bookcase", "Car", "Stool", "Sink"]}]}