{"_id": {"$oid": "62430bc8e6d3068eca396a4a"}, "header": {"timestamp": "2022-03-29 16:02:36.107553", "sender": "Visual Analysis", "entity": "video", "simmoid": "cf798436-e82a-4af5-8de0-c6faeb8069cb", "project_id": "82"}, "shotInfo": [

{"shotIdx": 23, "startFrame": "3091", "endFrame": "3229", "objectsFound": [{"type": "building", "probability": 70.465087890625}, {"type": "sky", "probability": 30.01166449652778}, {"type": "wall", "probability": 2.090115017361111}, {"type": "earth", "probability": 1.6682942708333333}, {"type": "road", "probability": 5.293104383680555}, {"type": "car", "probability": 1.1827256944444444}, {"type": "van", "probability": 0.07954237196180555}], "peopleInDanger": 0, "vehiclesInDanger": 0, "riverOvertop": false, "area": "castle", "areaProb": 0.0336, "outdoor": true, "emergencyType": "none", "emergencyProb": 0.9999959927338821, "category": "Disaster Management", "subcategory": "Civil Protection Distribution Places", "coordinate": [45.55054180487325, 11.548604965209961], "animalsInDanger": 12, "infraInDanger": ["office", "parking", "road", "stadium", "ceiling", "office", "ceiling", "nurseries", "university", "tourist office", "house", "parking", "school"], "objectsInDanger": ["Blouse", "Shoe", "Pillow", "Cupboard", "Pillow", "Shirt", "Backpack", "Car", "Clock", "Pen", "Bookcase", "Computer", "Ruler", "Bicycle", "Bookcase", "Ruler", "Table", "Bookcase", "Bookcase", "Washing machine", "Coffee maker"]}]}