{"_id": {"$oid": "62c437b2e8fea246c375dae4"}, "header": {"timestamp": "2022-07-05 16:03:23.987588", "sender": "Visual Analysis", "entity": "video", "simmoid": "60aeb4e9-f9a5-4470-8a8d-de0694182f7c", "project_id": "154"}, "shotInfo": [

{"shotIdx": 38, "startFrame": "4535", "endFrame": "4661", "objectsFound": [{"type": "building", "probability": 80.48099956445994}, {"type": "sky", "probability": 1.5727079703832754}, {"type": "road", "probability": 1.2024989111498259}, {"type": "plant", "probability": 0.9656739982578396}], "peopleInDanger": 0, "vehiclesInDanger": 0, "riverOvertop": false, "area": "alley", "areaProb": 0.2648666666666667, "outdoor": true, "emergencyType": "none", "emergencyProb": 0.9999997715155283, "category": "Transportation", "subcategory": "Air Travel", "coordinate": [35.53375, 24.06505], "animalsInDanger": 20, "infraInDanger": ["tower", "school", "stadium", "ceiling", "company", "stadium", "stadium", "kindergraden", "parking", "company", "ceiling"], "objectsInDanger": ["Desk", "Pencil", "Clock", "Trousers", "Window", "Shirt", "Pencil", "Bicycle", "Shoe", "Pot", "Pencil", "Bicycle", "Bicycle", "Fork", "Desk", "Spoon", "Pencil", "Glass", "Helmet", "Helmet", "Sweater", "Book", "Glass", "Ruler", "Shoe", "Chair", "Knife", "Shoe", "Pot", "Knife", "Computer", "Trousers", "Window"]}]}