{"_id": {"$oid": "62820c5a6611e02826986a59"}, "header": {"timestamp": "2022-05-16 11:28:11.387201", "sender": "Visual Analysis", "entity": "video", "simmoid": "60aeb4e9-f9a5-4470-8a8d-de0694182f7c", "project_id": "143"}, "shotInfo": [

{"shotIdx": 24, "startFrame": "2578", "endFrame": "2639", "objectsFound": [{"type": "building", "probability": 31.63926393728223}, {"type": "sky", "probability": 29.533699912891986}, {"type": "road", "probability": 17.752341027874564}, {"type": "tree", "probability": 15.750898301393729}, {"type": "grass", "probability": 6.65015243902439}], "peopleInDanger": 0, "vehiclesInDanger": 0, "riverOvertop": false, "area": "hotel_outdoor", "areaProb": 0.11447999999999998, "outdoor": true, "emergencyType": "none", "emergencyProb": 0.9999329249064127, "category": "Production Planning", "subcategory": "Restricted Areas", "coordinate": [35.53375, 24.06505], "animalsInDanger": 7, "infraInDanger": ["school", "road", "stadium", "office", "room", "parking", "house", "office"], "objectsInDanger": ["Book", "Knife", "Cupboard", "Coin", "Blouse", "Sofa", "Dish", "Key", "Wallet", "Sweater"]}]}