{"_id": {"$oid": "62434aa1692f7f5379d3d2ff"}, "header": {"timestamp": "2022-03-29 18:09:51.052135", "sender": "Visual Analysis", "entity": "video", "simmoid": "372d0e9b-b361-452b-af05-34ee99bced76", "project_id": "82"}, "shotInfo": [

{"shotIdx": 20, "startFrame": "10030", "endFrame": "10229", "objectsFound": [{"type": "sky", "probability": 55.50469292534722}, {"type": "earth", "probability": 22.77560763888889}, {"type": "person", "probability": 13.572862413194445}, {"type": "building", "probability": 8.268907335069445}, {"type": "wall", "probability": 4.872639973958334}, {"type": "mountain", "probability": 1.1522081163194444}], "peopleInDanger": 0, "vehiclesInDanger": 0, "riverOvertop": false, "area": "harbor", "areaProb": 0.12208461538461539, "outdoor": true, "emergencyType": "none", "emergencyProb": 0.9998699520763598, "category": "Flood Forecasts", "subcategory": "Flood Results From Model", "coordinate": [48.142446, 11.568903], "animalsInDanger": 18, "infraInDanger": ["office", "tower", "tower", "office"], "objectsInDanger": ["Sweater", "Glue", "Blouse", "Computer", "Pen", "Chair", "Pencil", "Cup", "Pen", "Bag", "Pillow", "Bicycle", "Computer", "Dish", "Glue", "Ruler", "Computer", "Knife", "Banknote", "Blouse", "Sink", "Sink", "Bicycle", "Ruler", "Toothbrush", "Stove"]}]}