{"_id": {"$oid": "62820c5a6611e02826986a59"}, "header": {"timestamp": "2022-05-16 11:28:11.387201", "sender": "Visual Analysis", "entity": "video", "simmoid": "60aeb4e9-f9a5-4470-8a8d-de0694182f7c", "project_id": "143"}, "shotInfo": [

{"shotIdx": 12, "startFrame": "1380", "endFrame": "1505", "objectsFound": [{"type": "building", "probability": 44.33457643728223}, {"type": "sky", "probability": 20.71401350174216}, {"type": "water", "probability": 26.93611171602787}, {"type": "tree", "probability": 13.984238893728223}, {"type": "grass", "probability": 10.439351045296167}, {"type": "wall", "probability": 2.502994337979094}, {"type": "ceiling", "probability": 0.8145960365853658}, {"type": "sea", "probability": 1.3522158101045296}, {"type": "boat", "probability": 2.34102787456446}, {"type": "earth", "probability": 0.04262848432055749}], "peopleInDanger": 0, "vehiclesInDanger": 0, "riverOvertop": false, "area": "canal_urban", "areaProb": 0.8572000000000002, "outdoor": true, "emergencyType": "none", "emergencyProb": 0.9843748758236567, "category": "Medical", "subcategory": "Doctors", "coordinate": [35.53375, 24.06505], "animalsInDanger": 0, "infraInDanger": ["room"], "objectsInDanger": ["Dish", "Window", "Door", "Ruler", "Fridge", "Window", "Cup", "Helmet", "Ruler", "Shoe", "Ruler", "Dish", "Key", "Chair", "Shirt", "Ruler", "Sink", "Blanket", "Table", "Key", "Computer", "Dish", "Cupboard", "Dish", "Notebook", "Fork", "Washing machine", "Clock", "Computer", "Shoe", "Helmet"]}]}