{"_id": {"$oid": "62820c5a6611e02826986a59"}, "header": {"timestamp": "2022-05-16 11:28:11.387201", "sender": "Visual Analysis", "entity": "video", "simmoid": "60aeb4e9-f9a5-4470-8a8d-de0694182f7c", "project_id": "143"}, "shotInfo": [

{"shotIdx": 35, "startFrame": "4071", "endFrame": "4253", "objectsFound": [{"type": "building", "probability": 57.23268728222997}, {"type": "ceiling", "probability": 19.724520905923345}, {"type": "wall", "probability": 51.491724738675956}, {"type": "stage", "probability": 8.254164851916377}, {"type": "skyscraper", "probability": 22.918935104529616}], "peopleInDanger": 0, "vehiclesInDanger": 0, "riverOvertop": false, "area": "railroad_track", "areaProb": 0.09786666666666667, "outdoor": true, "emergencyType": "none", "emergencyProb": 0.9989897343847487, "category": "Infrastructure", "subcategory": "Antennas", "coordinate": [45.55054180487325, 11.548604965209961], "animalsInDanger": 0, "infraInDanger": ["nurseries", "road", "room", "room", "room", "tower", "parking", "parking", "nurseries", "stadium", "kindergraden", "company", "office", "tourist office"], "objectsInDanger": ["Computer", "Helmet", "Table", "Sink", "Key", "Sofa", "Clock", "Clock", "Shirt", "Book", "Bag", "Bicycle", "Washing machine", "Coin", "Car", "Notebook", "Banknote", "Computer", "Toothbrush", "Backpack", "Desk"]}]}