{"_id": {"$oid": "61e6d89fca35937de3162dce"}, 
"header": {"timestamp": "2022-01-18 16:19:05.660883", "sender": "Visual Analysis", "entity": "video", "simmoid": "1420406195626692620", "project_id": "test"}, 
"shotInfo": [{"shotIdx": 5, "startFrame": "1339", "endFrame": "1474", "objectsFound": [{"type": "sky", "probability": 92.65174865722656}, {"type": "wall", "probability": 92.76504516601562}, {"type": "road", "probability": 16.73126220703125}], "peopleInDanger": 0, "vehiclesInDanger": 0, "riverOvertop": false, "area": "field_cultivated", "areaProb": 0.12725217391304347, "outdoor": true, "emergencyType": "none", "emergencyProb": 0.9999610390514135, "category": "Flood Forecasts", "subcategory": "Flood Results From Model", "coordinate": [45.55054180487325,11.548604965209961], "animalsInDanger": 0, "infraInDanger": ["tower", "office", "stadium", "tower", "office", "ceiling", "school", "tower", "room", "room", "road", "company", "kindergraden"], "objectsInDanger": ["Coffee maker", "Desk", "Dish", "Backpack", "Sweater", "Shoe", "Table", "Dish", "Stove", "Key", "Pillow", "Notebook", "Sink", "Book", "Backpack", "Whiteboard", "Spoon", "Sweater", "Bicycle", "Washing machine", "Ruler", "Pillow", "Cup", "Key", "Glue", "Wallet", "Coin", "Coin", "Bag", "Shoe", "Blanket", "Spoon", "Notebook", "Banknote", "Backpack", "Bookcase", "Pencil", "Desk", "Book", "Door", "Pencil", "Washing machine"]}]
}