{"_id": {"$oid": "61eac2f87d2bf8167cc41c5e"}, "header": {"timestamp": "2022-01-21 14:12:34.824049", "sender": "Visual Analysis", "entity": "video", "simmoid": "abbb259b-7867-4b8a-ae2f-10becb2a96b5", "project_id": "test"}, "shotInfo": [
{"shotIdx": 1, "startFrame": "25", "endFrame": "850", "objectsFound": [{"type": "sky", "probability": 99.99525282118056}, {"type": "wall", "probability": 61.45697699652778}, {"type": "mountain", "probability": 67.54557291666666}, {"type": "person", "probability": 2.633327907986111}, {"type": "stage", "probability": 1.2837727864583335}, {"type": "sculpture", "probability": 1.8208821614583333}, {"type": "flag", "probability": 1.3651529947916665}, {"type": "tree", "probability": 21.59423828125}, {"type": "sand", "probability": 5.949571397569445}, {"type": "water", "probability": 15.74978298611111}, {"type": "sea", "probability": 21.70749240451389}, {"type": "building", "probability": 65.47580295138889}, {"type": "hill", "probability": 37.58138020833333}, {"type": "earth", "probability": 24.66362847222222}, {"type": "trade", "probability": 1.3081868489583335}, {"type": "road", "probability": 1.4302571614583335}, {"type": "river", "probability": 2.801513671875}, {"type": "field", "probability": 2.6238335503472223}], "peopleInDanger": 0, "vehiclesInDanger": 0, "riverOvertop": false, "area": "village", "areaProb": 0.7182605839416055, "outdoor": true, "emergencyType": "none", "emergencyProb": 0.9999785732989218, "category": "Public Services", "subcategory": "Tourist Offices", "coordinate": [45.55054180487325,11.548604965209961], "animalsInDanger": 6, "infraInDanger": ["tourist office", "kindergraden"], "objectsInDanger": ["Shoe", "Pen", "Bed", "Coin", "Pot", "Fridge", "Fork", "Glass", "Banknote", "Pot", "Pencil", "Door", "Knife", "Door", "Backpack", "Knife", "Spoon", "Blanket", "Bookcase"]}]}