{"_id": {"$oid": "6284b1bacaaa54207e93abd8"}, "header": {"timestamp": "2022-05-18 11:40:37.034564", "sender": "Visual Analysis", "entity": "twitter_post", "simmoid": "1420491281487351809", "project_id": "154"}, "shotInfo": [
{"shotIdx": 1, "startFrame": "190", "endFrame": "688", "objectsFound": [{"type": "wall", "probability": 89.5436356707317}, {"type": "person", "probability": 23.566800958188153}], "peopleInDanger": 0, "vehiclesInDanger": 0, "riverOvertop": false, "area": "bar", "areaProb": 0.1646244897959183, "outdoor": true, "emergencyType": "none", "emergencyProb": 0.9958291199742532, "category": "Production Planning", "subcategory": "Restricted Areas", "coordinate": [35.533753, 24.06501], "animalsInDanger": 16, "infraInDanger": ["kindergraden", "company", "ceiling", "stadium", "road", "house", "house", "ceiling", "school", "ceiling", "house", "university", "road", "school"], "objectsInDanger": ["Pot", "Pot", "Car", "Fork", "Coffee maker", "Car", "Sink", "Clock", "Ruler", "Shirt", "Dish", "Bicycle", "Clock", "Fork", "Key", "Stove", "Shoe"]}]}