{"_id": {"$oid": "627a3bdff8fb32589428634d"}, "header": {"timestamp": "2022-05-10 13:17:53.465436", "sender": "Visual Analysis", "entity": "citizen_report", "project_id": null}, "shotInfo": [

{"shotIdx": -1, "startFrame": 0, "endFrame": 0, "objectsFound": [{"type": "plant", "probability": 0.2213134765625}, {"type": "building", "probability": 0.1951751708984375}, {"type": "tree", "probability": 0.1705474853515625}, {"type": "sky", "probability": 0.1453704833984375}, {"type": "palm", "probability": 0.129150390625}, {"type": "sidewalk", "probability": 0.07941182454427083}, {"type": "signboard", "probability": 0.0304107666015625}, {"type": "fence", "probability": 0.0078277587890625}, {"type": "grass", "probability": 0.00762939453125}, {"type": "road", "probability": 0.007227579752604168}, {"type": "path", "probability": 0.002787272135416666}, {"type": "earth", "probability": 0.0022023518880208335}, {"type": "wall", "probability": 0.0006357828776041665}, {"type": "floor", "probability": 0.00030517578125}, {"type": "pot", "probability": 5.086263020833332e-06}], "peopleInDanger": 0, "vehiclesInDanger": 0, "riverOvertop": false, "area": "courtyard", "areaProb": 0.2929, "outdoor": true, "emergencyType": "none", "emergencyProb": 0.9999469518661499, "category": "Commerce", "subcategory": "Electronics", "coordinate": [45.55054180487325,11.548604965209961], "animalsInDanger": 15, "infraInDanger": ["house", "company", "kindergraden", "road", "tourist office", "tower", "stadium", "tower", "nurseries", "stadium", "stadium", "parking", "kindergraden", "tower"], "objectsInDanger": ["Shirt", "Washing machine", "Fridge", "Pot", "Bookcase", "Glue", "Stool", "Glue", "Car", "Banknote", "Window", "Book", "Door", "Bag", "Pen", "Helmet", "Stool", "Shoe", "Paper", "Table", "Door", "Spoon", "Chair", "Spoon", "Book", "Backpack", "Bag", "Clock", "Sweater", "Notebook", "Fork", "Fork", "Ruler", "Window", "Trousers", "Pillow", "Shoe", "Bag", "Fridge", "Stove", "Sofa", "Knife", "Blanket"]}]}