{"_id": {"$oid": "6284b0afcaaa54207e93abd7"}, "header": {"timestamp": "2022-05-18 11:38:50.697780", "sender": "Visual Analysis", "entity": "twitter_post", "simmoid": "1420526992483667969", "project_id": "154"}, "shotInfo": [{"shotIdx": 0, "startFrame": 0, "endFrame": 0, "objectsFound": [{"type": "curtain", "probability": 0.437127521393643}, {"type": "floor", "probability": 0.24436984260391198}, {"type": "animal", "probability": 0.201515701405868}, {"type": "wall", "probability": 0.07122459504889976}, {"type": "person", "probability": 0.04359432304400978}, {"type": "sculpture", "probability": 0.001050580684596577}, {"type": "flag", "probability": 0.0005396164425427873}, {"type": "table", "probability": 0.00038202933985330076}, {"type": "sky", "probability": 0.00014803636919315404}, {"type": "pole", "probability": 1.9101466992665037e-05}, {"type": "seat", "probability": 1.9101466992665037e-05}, {"type": "palm", "probability": 9.550733496332518e-06}], "peopleInDanger": 0, "vehiclesInDanger": 0, "riverOvertop": false, "area": "fire_escape", "areaProb": 0.0696, "outdoor": true, "emergencyType": "none", "emergencyProb": 1, "category": "Education", "subcategory": "Kindergartens", "coordinate": [35.53375, 24.0650185], "animalsInDanger": 15, "infraInDanger": ["house", "nurseries", "company", "office"], "objectsInDanger": ["Bag", "Glue", "Toothbrush", "Sofa", "Pen", "Toothbrush", "Clock", "Blouse", "Helmet", "Bicycle", "Whiteboard", "Blanket", "Bicycle", "Fork", "Coffee maker"]}]}