{"_id": {"$oid": "6241aec2a8da5dc100eff0ea"}, "header": {"timestamp": "2022-03-28 15:10:29.620942", "sender": "Visual Analysis", "entity": "video", "simmoid": "cf798436-e82a-4af5-8de0-c6faeb8069cb", "project_id": "85"}, "shotInfo": [

{"shotIdx": 19, "startFrame": "2630", "endFrame": "2772", "objectsFound": [{"type": "building", "probability": 82.9345703125}, {"type": "sky", "probability": 23.26321072048611}], "peopleInDanger": 0, "vehiclesInDanger": 0, "riverOvertop": false, "area": "railroad_track", "areaProb": 0.07854285714285715, "outdoor": true, "emergencyType": "none", "emergencyProb": 0.99984353354999, "category": "Production Planning", "subcategory": "Sources of Pollution", "coordinate": [45.55054180487325,11.548604965209961], "animalsInDanger": 1, "infraInDanger": ["ceiling", "house", "kindergraden", "university", "tourist office", "room", "school", "room", "room", "parking", "parking", "office", "office"], "objectsInDanger": ["Bicycle", "Banknote", "Fork", "Pencil", "Window", "Stool", "Trousers", "Stool"]}]}