{"_id": {"$oid": "62418d3d32716b72191da410"}, "header": {"timestamp": "2022-03-28 12:44:26.401075", "sender": "Visual Analysis", "entity": "video", "simmoid": "cf798436-e82a-4af5-8de0-c6faeb8069cb", "project_id": "83"}, "shotInfo": [

{"shotIdx": 8, "startFrame": "1378", "endFrame": "1479", "objectsFound": [{"type": "sky", "probability": 43.38107638888889}, {"type": "sea", "probability": 43.292236328125}, {"type": "boat", "probability": 5.317518446180555}, {"type": "sand", "probability": 6.844753689236111}, {"type": "mountain", "probability": 10.96462673611111}, {"type": "building", "probability": 0.010572645399305556}], "peopleInDanger": 0, "vehiclesInDanger": 0, "riverOvertop": false, "area": "harbor", "areaProb": 0.27677, "outdoor": true, "emergencyType": "none", "emergencyProb": 0.9607985854148865, "category": "Production Planning", "subcategory": "Snapshots", "coordinate": [50.930927, 6.951447], "animalsInDanger": 1, "infraInDanger": ["road", "office", "kindergraden", "office", "tower", "company"], "objectsInDanger": ["Knife", "Shirt", "Stool", "Notebook", "Spoon", "Sweater", "Desk", "Chair", "Bookcase", "Book", "Pillow", "Blouse", "Key", "Trousers", "Sofa", "Table", "Glue", "Fork", "Blouse", "Toothbrush", "Glass", "Knife", "Coffee maker", "Computer", "Sink", "Car", "Cup", "Fridge", "Washing machine", "Trousers", "Chair", "Fridge", "Coffee maker"]}]}