{"_id": {"$oid": "627cb724d32319b204f069a2"}, "header": {"timestamp": "2022-05-12 10:25:20.443635", "sender": "Visual Analysis", "entity": "video", "simmoid": "cf798436-e82a-4af5-8de0-c6faeb8069cb", "project_id": "118"}, "shotInfo": [

{"shotIdx": 2, "startFrame": "348", "endFrame": "873", "objectsFound": [{"type": "sand", "probability": 90.33509364111498}, {"type": "sky", "probability": 23.283699912891986}, {"type": "sea", "probability": 67.5148355836237}, {"type": "wall", "probability": 23.35855836236934}, {"type": "tree", "probability": 8.986416594076655}, {"type": "grass", "probability": 43.179714721254356}, {"type": "plant", "probability": 9.821428571428571}, {"type": "ceiling", "probability": 6.291512412891986}, {"type": "mountain", "probability": 47.05534081010453}, {"type": "water", "probability": 68.79627613240417}, {"type": "earth", "probability": 11.69697299651568}, {"type": "road", "probability": 34.70097452090592}, {"type": "field", "probability": 0.4185267857142857}, {"type": "hill", "probability": 0.03757894163763066}, {"type": "person", "probability": 0.8533863240418118}, {"type": "building", "probability": 31.354801829268293}, {"type": "lake", "probability": 0.026574749564459932}, {"type": "car", "probability": 0.03231162891986063}], "peopleInDanger": 0, "vehiclesInDanger": 0, "riverOvertop": false, "area": "river", "areaProb": 0.12909333333333334, "outdoor": true, "emergencyType": "none", "emergencyProb": 0.9734422862529755, "category": "Finance", "subcategory": "Exchange Offices", "coordinate": [45.55054180487325, 11.548604965209961], "animalsInDanger": 10, "infraInDanger": ["kindergraden", "kindergraden", "nurseries"], "objectsInDanger": ["Trousers", "Sofa", "Bicycle", "Blouse", "Coffee maker", "Knife", "Bookcase", "Spoon", "Bed", "Toothbrush", "Backpack", "Fridge"]}]}