{"_id": {"$oid": "62434aa1692f7f5379d3d2ff"}, "header": {"timestamp": "2022-03-29 18:09:51.052135", "sender": "Visual Analysis", "entity": "video", "simmoid": "372d0e9b-b361-452b-af05-34ee99bced76", "project_id": "82"}, "shotInfo": [
	
{"shotIdx": 9, "startFrame": "4778", "endFrame": "4977", "objectsFound": [{"type": "sky", "probability": 24.68193901909722}, {"type": "plant", "probability": 28.82351345486111}, {"type": "sea", "probability": 23.83355034722222}, {"type": "mountain", "probability": 14.280870225694445}, {"type": "building", "probability": 11.545817057291668}, {"type": "tree", "probability": 5.294460720486112}], "peopleInDanger": 0, "vehiclesInDanger": 0, "riverOvertop": false, "area": "cliff", "areaProb": 0.1264125, "outdoor": true, "emergencyType": "none", "emergencyProb": 0.9997887203567907, "category": "Accommodation", "subcategory": "Campsites", "coordinate": [45.55054180487325, 11.548604965209961], "animalsInDanger": 8, "infraInDanger": ["nurseries", "kindergraden", "office", "ceiling", "tourist office", "office", "ceiling", "tourist office", "university"], "objectsInDanger": ["Spoon", "Washing machine", "Fork", "Fork", "Trousers", "Desk", "Trousers", "Window", "Sweater", "Shirt", "Knife", "Backpack", "Notebook", "Coin", "Bookcase", "Shoe", "Key", "Cupboard", "Banknote", "Pencil", "Knife", "Spoon", "Door", "Book", "Bed", "Cupboard", "Fork", "Ruler", "Notebook", "Sink", "Sink", "Shirt", "Ruler", "Shirt", "Clock", "Spoon", "Bed", "Door", "Cupboard", "Key", "Pen", "Stove", "Car", "Car"]}]}