{"_id": {"$oid": "6284ae73caaa54207e93abd2"}, "header": {"timestamp": "2022-05-18 11:29:31.493760", "sender": "Visual Analysis", "entity": "twitter_post", "simmoid": "1420640440135524355", "project_id": "154"}, "shotInfo": [{"shotIdx": 0, "startFrame": 0, "endFrame": 0, "objectsFound": [{"type": "person", "probability": 0.7061812347188264}, {"type": "wall", "probability": 0.2707203163202934}, {"type": "flower", "probability": 0.014326100244498777}, {"type": "table", "probability": 0.003863271699266504}, {"type": "seat", "probability": 0.0031756188875305623}, {"type": "shelf", "probability": 0.0012081677872860636}, {"type": "basket", "probability": 0.0004918627750611247}, {"type": "box", "probability": 3.342756723716381e-05}], "peopleInDanger": 0, "vehiclesInDanger": 0, "riverOvertop": false, "area": "restaurant", "areaProb": 0.192, "outdoor": true, "emergencyType": "none", "emergencyProb": 0.99874347448349, "category": "Disaster Management", "subcategory": "Civil Protection", "coordinate": [35.53375, 24.0650185], "animalsInDanger": 1, "infraInDanger": ["office", "ceiling", "tourist office", "tower", "nurseries", "house", "tourist office"], "objectsInDanger": ["Car", "Key", "Shirt", "Stool", "Pencil", "Bag", "Notebook", "Helmet", "Coin", "Stove", "Knife", "Notebook", "Coin", "Door", "Wallet", "Fridge", "Blanket", "Computer", "Dish", "Cupboard", "Trousers", "Sofa", "Sofa", "Table", "Glass", "Clock", "Bed", "Banknote", "Desk", "Window", "Notebook", "Coffee maker", "Clock", "Door", "Clock", "Chair", "Trousers", "Sofa", "Dish", "Shirt", "Pot", "Pencil"]}]}