{"_id": {"$oid": "62820c5a6611e02826986a59"}, "header": {"timestamp": "2022-05-16 11:28:11.387201", "sender": "Visual Analysis", "entity": "video", "simmoid": "60aeb4e9-f9a5-4470-8a8d-de0694182f7c", "project_id": "143"}, "shotInfo": [

{"shotIdx": 14, "startFrame": "1757", "endFrame": "1819", "objectsFound": [{"type": "sky", "probability": 59.71118249128919}, {"type": "building", "probability": 41.26197735191638}], "peopleInDanger": 0, "vehiclesInDanger": 0, "riverOvertop": false, "area": "fire_escape", "areaProb": 0.1101, "outdoor": true, "emergencyType": "none", "emergencyProb": 0.9999992648760477, "category": "Public Services", "subcategory": "Tourist Offices", "coordinate": [35.53375, 24.06505], "animalsInDanger": 16, "infraInDanger": ["house", "room", "office", "office", "office", "office", "university", "school"], "objectsInDanger": ["Toothbrush", "Key", "Spoon", "Fridge", "Fridge", "Trousers", "Chair", "Glass", "Bicycle", "Sweater", "Knife", "Bag", "Desk", "Pen", "Door", "Bookcase", "Spoon", "Washing machine", "Glass", "Glass", "Book", "Bookcase", "Chair"]}]}