{"_id": {"$oid": "6213ca0942fde02430089b1b"}, "header": {"timestamp": "2022-02-21 16:39:09.725780", "sender": "Visual Analysis", "entity": "video", "simmoid": "60aeb4e9-f9a5-4470-8a8d-de0694182f7c", "project_id": "1"}, "shotInfo": [

{"shotIdx": 10, "startFrame": "1252", "endFrame": "1316", "objectsFound": [{"type": "sky", "probability": 48.99766710069444}, {"type": "building", "probability": 39.22390407986111}, {"type": "tree", "probability": 11.127387152777777}, {"type": "earth", "probability": 5.232069227430555}, {"type": "mountain", "probability": 3.5936143663194446}, {"type": "wall", "probability": 1.203070746527778}, {"type": "tower", "probability": 0.8463541666666666}], "peopleInDanger": 0, "vehiclesInDanger": 0, "riverOvertop": false, "area": "formal_garden", "areaProb": 0.14753999999999995, "outdoor": true, "emergencyType": "none", "emergencyProb": 0.999971866607666, "category": "Disaster Management", "subcategory": "Civil Protection", "coordinate": [45.55054180487325,11.548604965209961], "animalsInDanger": 18, "infraInDanger": ["school"], "objectsInDanger": ["Toothbrush", "Window", "Pencil", "Car", "Whiteboard", "Pencil", "Pot", "Sweater", "Desk", "Pencil", "Toothbrush"]}]}