{"_id": {"$oid": "62418d3d32716b72191da410"}, "header": {"timestamp": "2022-03-28 12:44:26.401075", "sender": "Visual Analysis", "entity": "video", "simmoid": "cf798436-e82a-4af5-8de0-c6faeb8069cb", "project_id": "83"}, "shotInfo": [

{"shotIdx": 25, "startFrame": "3317", "endFrame": "3420", "objectsFound": [{"type": "building", "probability": 57.760959201388886}, {"type": "sky", "probability": 35.93071831597222}, {"type": "tree", "probability": 7.407633463541667}, {"type": "road", "probability": 2.020263671875}, {"type": "earth", "probability": 0.014309353298611112}], "peopleInDanger": 0, "vehiclesInDanger": 0, "riverOvertop": false, "area": "museum_outdoor", "areaProb": 0.08477499999999999, "outdoor": true, "emergencyType": "none", "emergencyProb": 0.9999993920326233, "category": "Production Planning", "subcategory": "Sources of Pollution", "coordinate": [45.544775, 11.564912], "animalsInDanger": 1, "infraInDanger": ["nurseries", "office", "university", "room", "road", "school", "stadium", "ceiling", "parking"], "objectsInDanger": ["Knife", "Blouse", "Bed", "Fridge", "Cupboard", "Cupboard", "Clock", "Book", "Stove", "Window", "Shoe", "Pillow", "Whiteboard", "Washing machine", "Pencil", "Bookcase"]}]}