{"_id": {"$oid": "61e6d89fca35937de3162dce"}, 
"header": {"timestamp": "2022-01-18 16:19:05.660883", "sender": "Visual Analysis", "entity": "video", "simmoid": "1420406195626692620", "project_id": "test"}, 
"shotInfo": [

	{"shotIdx": 1, "startFrame": "223", "endFrame": "433", "objectsFound": [{"type": "wall", "probability": 60.005950927734375}, {"type": "door", "probability": 41.92008972167969}, {"type": "water", "probability": 24.096298217773438}, {"type": "building", "probability": 38.173675537109375}, {"type": "road", "probability": 32.22236633300781}], "peopleInDanger": 0, "vehiclesInDanger": 0, "riverOvertop": false, "area": "bridge", "areaProb": 0.0849090909090909, "outdoor": true, "emergencyType": "none", "emergencyProb": 0.9573721301555633, "category": "Accommodation", "subcategory": "Apartments", "coordinate": [45.55054180487325,11.548604965209961], "animalsInDanger": 13, "infraInDanger": [], "objectsInDanger": ["Chair", "Coin", "Knife", "Notebook", "Glue", "Washing machine", "Sink", "Bed", "Door", "Table", "Helmet", "Pencil", "Backpack", "Pot", "Bag", "Glass", "Window", "Fridge", "Book", "Dish", "Sweater"]} 
]}