{"_id": {"$oid": "6214e0fa0e54a551b7172a31"}, "header": {"timestamp": "2022-02-22 13:33:36.981597", "sender": "Visual Analysis", "entity": "video", "simmoid": "cf798436-e82a-4af5-8de0-c6faeb8069cb", "project_id": "1"}, "shotInfo": [

{"shotIdx": 17, "startFrame": "2423", "endFrame": "2517", "objectsFound": [{"type": "wall", "probability": 45.32877604166667}, {"type": "ceiling", "probability": 7.018364800347222}, {"type": "sculpture", "probability": 26.87445746527778}, {"type": "chair", "probability": 5.733913845486112}, {"type": "table", "probability": 3.040907118055556}], "peopleInDanger": 0, "vehiclesInDanger": 0, "riverOvertop": false, "area": "bar", "areaProb": 0.8252380952380952, "outdoor": true, "emergencyType": "none", "emergencyProb": 0.9980839888254801, "category": "Education", "subcategory": "Universities", "coordinate": [45.55054180487325,11.548604965209961], "animalsInDanger": 4, "infraInDanger": ["parking", "tourist office", "parking", "tower"], "objectsInDanger": ["Glue", "Glass", "Clock", "Bookcase", "Sink", "Chair", "Bicycle", "Clock", "Paper", "Door", "Blouse", "Blanket", "Key", "Whiteboard", "Bicycle", "Ruler", "Ruler", "Stove", "Washing machine", "Car", "Notebook"]}]}