{"_id": {"$oid": "62430bc8e6d3068eca396a4a"}, "header": {"timestamp": "2022-03-29 16:02:36.107553", "sender": "Visual Analysis", "entity": "video", "simmoid": "cf798436-e82a-4af5-8de0-c6faeb8069cb", "project_id": "82"}, "shotInfo": [

{"shotIdx": 21, "startFrame": "2876", "endFrame": "2943", "objectsFound": [{"type": "sky", "probability": 47.55927191840278}, {"type": "mountain", "probability": 20.424397786458336}, {"type": "earth", "probability": 24.336073133680554}, {"type": "tree", "probability": 0.03662109375}, {"type": "house", "probability": 3.3860948350694446}, {"type": "building", "probability": 0.8266872829861112}, {"type": "water", "probability": 1.0728624131944444}], "peopleInDanger": 0, "vehiclesInDanger": 0, "riverOvertop": false, "area": "bar", "areaProb": 0.06336666666666667, "outdoor": true, "emergencyType": "none", "emergencyProb": 0.9985844989617666, "category": "Commerce", "subcategory": "Other Shops", "coordinate": [45.55054180487325, 11.548604965209961], "animalsInDanger": 14, "infraInDanger": ["room", "office", "nurseries", "parking", "house", "ceiling", "office", "office", "road", "company"], "objectsInDanger": ["Key", "Fridge", "Glue", "Book", "Shirt", "Sweater", "Key", "Desk", "Pen"]}]}