{"_id": {"$oid": "6216016f600a435c38d2a295"}, "header": {"timestamp": "2022-02-23 10:39:45.180299", "sender": "Visual Analysis", "entity": "video", "simmoid": "60aeb4e9-f9a5-4470-8a8d-de0694182f7c", "project_id": "1"}, "shotInfo": [

{"shotIdx": 15, "startFrame": "1820", "endFrame": "1884", "objectsFound": [{"type": "building", "probability": 85.83102756076389}, {"type": "sky", "probability": 15.940348307291666}, {"type": "tower", "probability": 1.158989800347222}], "peopleInDanger": 0, "vehiclesInDanger": 0, "riverOvertop": false, "area": "bar", "areaProb": 0.1217, "outdoor": true, "emergencyType": "none", "emergencyProb": 0.9999923507372538, "category": "Natural Elements", "subcategory": "Natura 2000 Sites", "coordinate": [48.13009, 11.6053], "animalsInDanger": 14, "infraInDanger": ["stadium", "company", "office", "office", "office", "parking", "office", "ceiling", "nurseries", "office", "house"], "objectsInDanger": ["Coffee maker", "Pot", "Knife", "Trousers", "Bag", "Fork", "Blanket", "Blouse", "Shoe", "Car"]}]}