{"_id": {"$oid": "6216016f600a435c38d2a295"}, "header": {"timestamp": "2022-02-23 10:39:45.180299", "sender": "Visual Analysis", "entity": "video", "simmoid": "60aeb4e9-f9a5-4470-8a8d-de0694182f7c", "project_id": "1"}, "shotInfo": [

{"shotIdx": 10, "startFrame": "1252", "endFrame": "1316", "objectsFound": [{"type": "sky", "probability": 48.97867838541667}, {"type": "building", "probability": 37.80653211805556}, {"type": "tree", "probability": 10.887315538194445}, {"type": "earth", "probability": 3.0517578125}, {"type": "mountain", "probability": 3.6702473958333335}, {"type": "wall", "probability": 2.3796929253472223}, {"type": "tower", "probability": 1.024712456597222}], "peopleInDanger": 0, "vehiclesInDanger": 0, "riverOvertop": false, "area": "formal_garden", "areaProb": 0.15092, "outdoor": true, "emergencyType": "none", "emergencyProb": 0.999970535437266, "category": "Disaster Management", "subcategory": "Civil Protection", "coordinate": [35.524678, 24.084345], "animalsInDanger": 8, "infraInDanger": ["stadium", "nurseries", "office", "house", "tower", "house", "road", "office"], "objectsInDanger": ["Computer", "Blouse", "Sink", "Fork", "Ruler", "Chair", "Coffee maker", "Window"]}]}