{"_id": {"$oid": "62820c5a6611e02826986a59"}, "header": {"timestamp": "2022-05-16 11:28:11.387201", "sender": "Visual Analysis", "entity": "video", "simmoid": "60aeb4e9-f9a5-4470-8a8d-de0694182f7c", "project_id": "143"}, "shotInfo": [

{"shotIdx": 9, "startFrame": "1159", "endFrame": "1251", "objectsFound": [{"type": "building", "probability": 68.9541594076655}, {"type": "road", "probability": 17.861906576655052}, {"type": "sky", "probability": 14.97645361498258}], "peopleInDanger": 0, "vehiclesInDanger": 0, "riverOvertop": false, "area": "courtyard", "areaProb": 0.17294444444444446, "outdoor": true, "emergencyType": "none", "emergencyProb": 0.9999987151887682, "category": "Production Planning", "subcategory": "Restricted Areas", "coordinate": [35.53375, 24.06505], "animalsInDanger": 12, "infraInDanger": ["office", "tourist office", "school", "tourist office", "company", "room", "office", "stadium"], "objectsInDanger": ["Cupboard", "Fridge", "Bicycle", "Stove", "Shirt", "Window", "Sink", "Dish", "Stove", "Bicycle", "Window", "Toothbrush", "Spoon"]}]}