{"_id": {"$oid": "623c9aaf7d9e4cd180c9a6f8"}, "header": {"timestamp": "2022-03-24 17:42:23.152261", "sender": "Visual Analysis", "entity": "video", "simmoid": "cf798436-e82a-4af5-8de0-c6faeb8069cb", "project_id": "20"}, "shotInfo": [

{"shotIdx": 22, "startFrame": "2944", "endFrame": "3090", "objectsFound": [{"type": "sky", "probability": 28.480360243055557}, {"type": "building", "probability": 21.32500542534722}, {"type": "car", "probability": 10.961235894097223}, {"type": "road", "probability": 8.726671006944445}, {"type": "mountain", "probability": 4.937744140625}, {"type": "sea", "probability": 4.275851779513888}, {"type": "wall", "probability": 3.4044053819444446}, {"type": "boat", "probability": 0.8138020833333334}, {"type": "water", "probability": 2.032470703125}], "peopleInDanger": 0, "vehiclesInDanger": 0, "riverOvertop": false, "area": "alley", "areaProb": 0.1089875, "outdoor": true, "emergencyType": "none", "emergencyProb": 0.9884763870920453, "category": "Public Services", "subcategory": "Tourist Offices", "coordinate": [45.55054180487325,11.548604965209961], "animalsInDanger": 4, "infraInDanger": ["room", "room", "parking", "room"], "objectsInDanger": ["Knife", "Bicycle", "Blouse", "Stool", "Key", "Clock", "Bag", "Helmet", "Clock", "Pot", "Coin", "Sweater", "Coin", "Helmet", "Shoe", "Chair", "Cupboard", "Blouse", "Notebook", "Bookcase", "Bed", "Toothbrush", "Notebook", "Helmet", "Pot", "Shoe", "Ruler"]}]}