{"_id": {"$oid": "6214e0fa0e54a551b7172a31"}, "header": {"timestamp": "2022-02-22 13:33:36.981597", "sender": "Visual Analysis", "entity": "video", "simmoid": "cf798436-e82a-4af5-8de0-c6faeb8069cb", "project_id": "1"}, "shotInfo": [

{"shotIdx": 22, "startFrame": "2944", "endFrame": "3090", "objectsFound": [{"type": "sky", "probability": 28.480360243055557}, {"type": "building", "probability": 21.62543402777778}, {"type": "car", "probability": 11.204698350694445}, {"type": "road", "probability": 8.81686740451389}, {"type": "mountain", "probability": 5.004204644097222}, {"type": "sea", "probability": 4.275851779513888}, {"type": "wall", "probability": 3.265380859375}, {"type": "boat", "probability": 0.8592393663194444}, {"type": "water", "probability": 2.223036024305556}, {"type": "person", "probability": 1.104058159722222}], "peopleInDanger": 0, "vehiclesInDanger": 0, "riverOvertop": false, "area": "alley", "areaProb": 0.11610666666666666, "outdoor": true, "emergencyType": "none", "emergencyProb": 0.9888105567763833, "category": "Infrastructure", "subcategory": "Aqueducts", "coordinate": [50.930927, 6.951447], "animalsInDanger": 16, "infraInDanger": ["university", "room", "university", "room", "room"], "objectsInDanger": ["Door", "Cupboard", "Toothbrush", "Spoon", "Sweater", "Glass", "Sweater", "Washing machine", "Trousers", "Toothbrush", "Table", "Pen", "Glue", "Whiteboard", "Banknote", "Shirt", "Glue", "Shoe", "Blanket", "Car", "Paper", "Whiteboard", "Fork", "Fork", "Shirt", "Table", "Spoon"]}]}