{"_id": {"$oid": "62434aa1692f7f5379d3d2ff"}, "header": {"timestamp": "2022-03-29 18:09:51.052135", "sender": "Visual Analysis", "entity": "video", "simmoid": "372d0e9b-b361-452b-af05-34ee99bced76", "project_id": "82"}, "shotInfo": [

{"shotIdx": 12, "startFrame": "5334", "endFrame": "5533", "objectsFound": [{"type": "earth", "probability": 34.32481553819444}, {"type": "building", "probability": 22.8515625}, {"type": "road", "probability": 14.989556206597221}, {"type": "sky", "probability": 11.745198567708332}, {"type": "truck", "probability": 8.453369140625}, {"type": "tree", "probability": 2.164035373263889}, {"type": "pole", "probability": 2.05078125}, {"type": "chair", "probability": 4.055447048611112}, {"type": "person", "probability": 1.9931369357638888}, {"type": "table", "probability": 1.1386447482638888}, {"type": "mountain", "probability": 1.3258192274305556}, {"type": "wall", "probability": 1.7110188802083333}], "peopleInDanger": 0, "vehiclesInDanger": 0, "riverOvertop": false, "area": "coffee_shop", "areaProb": 0.06891111111111112, "outdoor": true, "emergencyType": "none", "emergencyProb": 0.9889523355584395, "category": "Public Services", "subcategory": "Tourist Offices", "coordinate": [45.55054180487325, 11.548604965209961], "animalsInDanger": 3, "infraInDanger": ["tower", "house", "ceiling", "kindergraden", "tower", "kindergraden", "nurseries", "ceiling", "parking"], "objectsInDanger": ["Sink", "Cupboard", "Pillow", "Sofa", "Desk", "Blanket", "Coin", "Stool", "Pot", "Clock", "Blanket", "Desk", "Coin", "Cupboard", "Banknote", "Pen", "Pencil", "Sink", "Wallet", "Bag", "Key", "Pen", "Bed", "Spoon", "Knife", "Blouse", "Table", "Car", "Bag", "Cupboard", "Stool", "Spoon", "Blouse", "Washing machine", "Bookcase", "Washing machine", "Glue", "Banknote", "Cup", "Cup"]}]}