{"_id": {"$oid": "62820c5a6611e02826986a59"}, "header": {"timestamp": "2022-05-16 11:28:11.387201", "sender": "Visual Analysis", "entity": "video", "simmoid": "60aeb4e9-f9a5-4470-8a8d-de0694182f7c", "project_id": "143"}, "shotInfo": [

{"shotIdx": 5, "startFrame": "898", "endFrame": "992", "objectsFound": [{"type": "building", "probability": 97.188724956446}, {"type": "ceiling", "probability": 3.0099902003484322}, {"type": "road", "probability": 0.05818543118466899}, {"type": "sky", "probability": 0.01631233667247387}], "peopleInDanger": 0, "vehiclesInDanger": 0, "riverOvertop": false, "area": "church_outdoor", "areaProb": 0.06575, "outdoor": true, "emergencyType": "none", "emergencyProb": 0.9999795224931505, "category": "Flood Forecasts", "subcategory": "Flood Results From Model", "coordinate": [45.55054180487325, 11.548604965209961], "animalsInDanger": 20, "infraInDanger": ["university", "tourist office", "kindergraden", "office", "tourist office", "stadium", "tourist office", "school", "parking", "stadium", "university", "tower"], "objectsInDanger": ["Bicycle", "Cup", "Book", "Shoe", "Pot", "Washing machine", "Desk", "Coin", "Window", "Trousers", "Pen", "Coin", "Glass", "Chair", "Coffee maker", "Shirt", "Banknote", "Sink", "Trousers", "Blanket", "Fork", "Coffee maker", "Notebook", "Stove", "Notebook", "Desk", "Window", "Window", "Banknote", "Pencil", "Ruler", "Sweater", "Clock", "Computer", "Toothbrush"]}]}