{"_id": {"$oid": "62820c5a6611e02826986a59"}, "header": {"timestamp": "2022-05-16 11:28:11.387201", "sender": "Visual Analysis", "entity": "video", "simmoid": "60aeb4e9-f9a5-4470-8a8d-de0694182f7c", "project_id": "143"}, "shotInfo": [

{"shotIdx": 3, "startFrame": "740", "endFrame": "803", "objectsFound": [{"type": "building", "probability": 70.40709385888502}, {"type": "sky", "probability": 20.55408863240418}, {"type": "tree", "probability": 8.603957970383275}, {"type": "sea", "probability": 0.2545187282229965}], "peopleInDanger": 0, "vehiclesInDanger": 0, "riverOvertop": false, "area": "bar", "areaProb": 0.101875, "outdoor": true, "emergencyType": "none", "emergencyProb": 0.9998247921466827, "category": "Natural Elements", "subcategory": "Natura 2000 Sites", "coordinate": [45.55054180487325, 11.548604965209961], "animalsInDanger": 1, "infraInDanger": ["road", "school", "nurseries", "office", "tourist office", "company", "company", "house", "office"], "objectsInDanger": ["Desk", "Sink", "Clock", "Bookcase", "Computer", "Shirt", "Dish", "Toothbrush", "Whiteboard", "Desk", "Shoe", "Fork", "Notebook", "Knife", "Shoe", "Clock", "Coin", "Pot", "Bicycle", "Banknote"]}]}