{"_id": {"$oid": "62c439e58d9efd52bf1b40d2"}, "header": {"timestamp": "2022-07-05 16:17:16.670586", "sender": "Visual Analysis", "entity": "twitter_post", "simmoid": "1420640440135524355", "project_id": "154"}, "shotInfo": [{"shotIdx": 0, "startFrame": 0, "endFrame": 0, "objectsFound": [{"type": "person", "probability": 0.7061812347188264}, {"type": "wall", "probability": 0.27072509168704156}, {"type": "flower", "probability": 0.014321324877750612}, {"type": "table", "probability": 0.003863271699266504}, {"type": "seat", "probability": 0.0031756188875305623}, {"type": "shelf", "probability": 0.0012081677872860636}, {"type": "basket", "probability": 0.0004918627750611247}, {"type": "box", "probability": 3.342756723716381e-05}], "peopleInDanger": 0, "vehiclesInDanger": 0, "riverOvertop": false, "area": "restaurant", "areaProb": 0.19210000000000002, "outdoor": true, "emergencyType": "none", "emergencyProb": 0.9987437129020691, "category": "Infrastructure", "subcategory": "Antennas", "coordinate": [48.130088, 11.60539], "animalsInDanger": 14, "infraInDanger": ["stadium", "tourist office", "kindergraden", "kindergraden", "office", "house", "tower", "parking", "room", "tourist office", "tourist office"], "objectsInDanger": ["Knife", "Toothbrush"]}]}