{"_id": {"$oid": "61ea84e0a2bb324c5a3ad0f6"}, "header": {"timestamp": "2022-01-21 10:38:25.697248", "sender": "Visual Analysis", "entity": "video", "simmoid": "1420406195626692620", "project_id": "test"}, "shotInfo": [
{"shotIdx": 1, "startFrame": "223", "endFrame": "433", "objectsFound": [{"type": "wall", "probability": 60.005950927734375}, {"type": "door", "probability": 41.92008972167969}, {"type": "water", "probability": 24.096298217773438}, {"type": "building", "probability": 38.173675537109375}, {"type": "road", "probability": 32.22236633300781}], "peopleInDanger": 0, "vehiclesInDanger": 0, "riverOvertop": false, "area": "bridge", "areaProb": 0.0849090909090909, "outdoor": true, "emergencyType": "none", "emergencyProb": 0.9573721301555633, "category": "Production Planning", "subcategory": "Sources of Pollution", "coordinate": [45.55054180487325,11.548604965209961], "animalsInDanger": 19, "infraInDanger": ["house", "kindergraden", "road", "road", "tower", "tower", "road", "kindergraden"], "objectsInDanger": ["Wallet", "Banknote", "Glue", "Cup"]}]}
