{"_id": {"$oid": "62820c5a6611e02826986a59"}, "header": {"timestamp": "2022-05-16 11:28:11.387201", "sender": "Visual Analysis", "entity": "video", "simmoid": "60aeb4e9-f9a5-4470-8a8d-de0694182f7c", "project_id": "143"}, "shotInfo": [

{"shotIdx": 17, "startFrame": "2009", "endFrame": "2072", "objectsFound": [{"type": "building", "probability": 66.79551393728222}, {"type": "sky", "probability": 26.790478005226483}, {"type": "runway", "probability": 3.3441310975609753}, {"type": "earth", "probability": 3.989274825783972}, {"type": "field", "probability": 2.8003865418118465}], "peopleInDanger": 0, "vehiclesInDanger": 0, "riverOvertop": false, "area": "skyscraper", "areaProb": 0.2730333333333333, "outdoor": true, "emergencyType": "none", "emergencyProb": 0.9999389052391052, "category": "Education", "subcategory": "Universities", "coordinate": [35.53375, 24.06505], "animalsInDanger": 6, "infraInDanger": ["tower"], "objectsInDanger": ["Bag", "Dish", "Glue", "Banknote", "Banknote", "Notebook", "Trousers", "Notebook", "Bicycle", "Pot", "Chair", "Bag", "Sink", "Cupboard", "Coin", "Stool", "Sink", "Whiteboard", "Blanket", "Blouse", "Coffee maker", "Door", "Bicycle", "Stool", "Sweater", "Sofa", "Desk", "Bookcase", "Backpack", "Table", "Bag", "Cupboard", "Fork", "Spoon", "Washing machine", "Bicycle", "Shirt", "Pencil", "Coin", "Glue"]}]}