{"_id": {"$oid": "62434aa1692f7f5379d3d2ff"}, "header": {"timestamp": "2022-03-29 18:09:51.052135", "sender": "Visual Analysis", "entity": "video", "simmoid": "372d0e9b-b361-452b-af05-34ee99bced76", "project_id": "82"}, "shotInfo": [

{"shotIdx": 15, "startFrame": "6316", "endFrame": "7053", "objectsFound": [{"type": "sky", "probability": 50.077311197916664}, {"type": "sea", "probability": 42.87041558159722}, {"type": "wall", "probability": 10.550944010416668}, {"type": "mountain", "probability": 11.072455512152777}, {"type": "building", "probability": 6.035698784722222}, {"type": "earth", "probability": 3.6933051215277777}, {"type": "water", "probability": 9.242757161458332}, {"type": "ship", "probability": 1.4926486545138888}], "peopleInDanger": 0, "vehiclesInDanger": 0, "riverOvertop": false, "area": "valley", "areaProb": 0.18900526315789473, "outdoor": true, "emergencyType": "none", "emergencyProb": 0.9851209341663204, "category": "Production Planning", "subcategory": "Sources of Pollution", "coordinate": [45.55054180487325, 11.548604965209961], "animalsInDanger": 17, "infraInDanger": ["room", "house", "company", "office", "nurseries", "office", "room", "nurseries", "university", "school", "parking", "school", "university", "school"], "objectsInDanger": ["Shirt", "Paper", "Sweater", "Dish", "Cup", "Clock", "Blanket", "Pillow", "Chair", "Whiteboard", "Blouse", "Notebook", "Pot", "Blanket", "Spoon", "Shoe", "Sweater", "Banknote", "Fridge", "Chair", "Glass", "Glass", "Glass", "Pot", "Pen", "Bookcase", "Key", "Table", "Chair", "Sweater", "Toothbrush", "Knife", "Key", "Washing machine", "Computer", "Cup", "Blanket"]}]}