{"_id": {"$oid": "62418d3d32716b72191da410"}, "header": {"timestamp": "2022-03-28 12:44:26.401075", "sender": "Visual Analysis", "entity": "video", "simmoid": "cf798436-e82a-4af5-8de0-c6faeb8069cb", "project_id": "83"}, "shotInfo": [{"shotIdx": 27, "startFrame": "3489", "endFrame": "3556", "objectsFound": [{"type": "wall", "probability": 80.49858940972221}, {"type": "sky", "probability": 12.977430555555555}, {"type": "road", "probability": 9.59743923611111}], "peopleInDanger": 0, "vehiclesInDanger": 0, "riverOvertop": false, "area": "motel", "areaProb": 0.083575, "outdoor": true, "emergencyType": "none", "emergencyProb": 0.9999961654345194, "category": "Public Services", "subcategory": "Tourist Offices", "coordinate": [45.544775, 11.564912], "animalsInDanger": 3, "infraInDanger": ["school", "school", "office", "parking", "tourist office", "stadium", "school", "office", "ceiling", "tourist office", "nurseries", "road", "house", "stadium"], "objectsInDanger": ["Shoe", "Coin", "Whiteboard", "Bookcase", "Key", "Clock", "Wallet", "Banknote", "Shoe", "Cupboard", "Notebook", "Book", "Coffee maker", "Computer", "Bed", "Book", "Whiteboard", "Table", "Sink", "Pot"]}]}