{"_id": {"$oid": "6213ca0942fde02430089b1b"}, "header": {"timestamp": "2022-02-21 16:39:09.725780", "sender": "Visual Analysis", "entity": "video", "simmoid": "60aeb4e9-f9a5-4470-8a8d-de0694182f7c", "project_id": "1"}, "shotInfo": [

{"shotIdx": 23, "startFrame": "2514", "endFrame": "2577", "objectsFound": [{"type": "building", "probability": 59.993489583333336}, {"type": "wall", "probability": 29.615614149305557}, {"type": "sky", "probability": 33.20787217881944}, {"type": "ceiling", "probability": 0.8097330729166666}], "peopleInDanger": 0, "vehiclesInDanger": 0, "riverOvertop": false, "area": "bar", "areaProb": 0.08955, "outdoor": true, "emergencyType": "none", "emergencyProb": 0.9999997871262687, "category": "Education", "subcategory": "Universities", "coordinate": [35.533753, 24.06501], "animalsInDanger": 11, "infraInDanger": ["kindergraden", "house"], "objectsInDanger": ["Helmet"]}]}