{"_id": {"$oid": "6216016f600a435c38d2a295"}, "header": {"timestamp": "2022-02-23 10:39:45.180299", "sender": "Visual Analysis", "entity": "video", "simmoid": "60aeb4e9-f9a5-4470-8a8d-de0694182f7c", "project_id": "1"}, "shotInfo": [

{"shotIdx": 22, "startFrame": "2390", "endFrame": "2513", "objectsFound": [{"type": "building", "probability": 73.47547743055556}, {"type": "road", "probability": 19.37323676215278}, {"type": "sculpture", "probability": 4.270426432291666}], "peopleInDanger": 0, "vehiclesInDanger": 0, "riverOvertop": false, "area": "courtyard", "areaProb": 0.08803333333333332, "outdoor": true, "emergencyType": "none", "emergencyProb": 0.9999983807404836, "category": "Education", "subcategory": "Kindergartens", "coordinate": [48.13009, 11.6053], "animalsInDanger": 11, "infraInDanger": [], "objectsInDanger": ["Ruler", "Fridge", "Whiteboard", "Bag", "Shoe", "Fridge", "Computer", "Toothbrush", "Bag", "Cupboard", "Bag", "Notebook", "Glue", "Book", "Bag", "Blanket", "Washing machine"]}]}