{"_id": {"$oid": "62b56cbe584b330fea0eceee"}, "header": {"timestamp": "2022-06-24 10:49:56.518234", "sender": "Visual Analysis", "entity": "twitter_post", "simmoid": "1420292947015208960", "project_id": "154"}, "shotInfo": [{"shotIdx": 0, "startFrame": 0, "endFrame": 0, "objectsFound": [{"type": "waterfall", "probability": 0.3731187140804597}, {"type": "mountain", "probability": 0.17349137931034483}, {"type": "plant", "probability": 0.15378951149425288}, {"type": "water", "probability": 0.13088631465517242}, {"type": "tree", "probability": 0.08449622844827587}, {"type": "rock", "probability": 0.08421785201149426}], "peopleInDanger": 0, "vehiclesInDanger": 0, "riverOvertop": false, "area": "water_tower", "areaProb": 0.6693000000000001, "outdoor": true, "emergencyType": "none", "emergencyProb": 0.9952917098999023, "category": "Production Planning", "subcategory": "Sources of Pollution", "coordinate": [35.52925763063966,24.07529354095459], "animalsInDanger": 14, "infraInDanger": ["office", "company", "room", "house", "school", "road", "house", "tower", "road", "nurseries", "office", "university", "school"], "objectsInDanger": ["Sweater", "Shirt", "Sink", "Bicycle", "Pot", "Banknote", "Backpack", "Bag"]}]}