{"_id": {"$oid": "62820c5a6611e02826986a59"}, "header": {"timestamp": "2022-05-16 11:28:11.387201", "sender": "Visual Analysis", "entity": "video", "simmoid": "60aeb4e9-f9a5-4470-8a8d-de0694182f7c", "project_id": "143"}, "shotInfo": [

{"shotIdx": 15, "startFrame": "1820", "endFrame": "1884", "objectsFound": [{"type": "building", "probability": 86.4376905487805}, {"type": "sky", "probability": 15.252749346689894}, {"type": "tower", "probability": 1.2263175087108014}], "peopleInDanger": 0, "vehiclesInDanger": 0, "riverOvertop": false, "area": "bar", "areaProb": 0.12148333333333333, "outdoor": true, "emergencyType": "none", "emergencyProb": 0.9999927679697672, "category": "Accommodation", "subcategory": "Apartments", "coordinate": [35.53375, 24.06505], "animalsInDanger": 20, "infraInDanger": ["nurseries", "university", "road", "road", "road", "tower", "office", "ceiling", "house", "nurseries", "tourist office", "kindergraden", "company", "ceiling", "stadium"], "objectsInDanger": ["Door", "Trousers", "Window", "Coin", "Table"]}]}