{"_id": {"$oid": "62820fa26611e02826986a5e"}, "header": {"timestamp": "2022-05-16 11:47:11.390047", "sender": "Visual Analysis", "entity": "twitter_post", "simmoid": "1420613987348230146", "project_id": "144"}, "shotInfo": [{"shotIdx": 0, "startFrame": 0, "endFrame": 0, "objectsFound": [{"type": "wall", "probability": 0.737945556640625}, {"type": "person", "probability": 0.16071573893229163}, {"type": "ceiling", "probability": 0.07349141438802083}, {"type": "tank", "probability": 0.012105305989583336}, {"type": "box", "probability": 0.010528564453125}, {"type": "floor", "probability": 0.004796346028645833}, {"type": "poster", "probability": 0.00018819173177083337}, {"type": "bulletin", "probability": 0.00013224283854166666}, {"type": "toilet", "probability": 9.663899739583332e-05}], "peopleInDanger": 0, "vehiclesInDanger": 0, "riverOvertop": false, "area": "indoor", "areaProb": 0.09720000000000001, "outdoor": false, "emergencyType": "none", "emergencyProb": 0.9997192025184631, "category": "Disaster Management", "subcategory": "Civil Protection", "coordinate": [48.130089, 11.6053], "animalsInDanger": 8, "infraInDanger": ["office", "parking", "kindergraden", "room", "house", "tourist office", "office", "stadium", "office", "stadium"], "objectsInDanger": ["Computer", "Whiteboard", "Desk", "Bed", "Shirt", "Pot", "Spoon", "Stove", "Spoon", "Sink", "Coin", "Shoe", "Pillow", "Pot", "Bookcase", "Sink", "Toothbrush", "Stool", "Blanket", "Shirt", "Knife", "Shirt", "Knife", "Blouse", "Toothbrush", "Bicycle", "Pencil"]}]}