{"_id": {"$oid": "62820c5a6611e02826986a59"}, "header": {"timestamp": "2022-05-16 11:28:11.387201", "sender": "Visual Analysis", "entity": "video", "simmoid": "60aeb4e9-f9a5-4470-8a8d-de0694182f7c", "project_id": "143"}, "shotInfo": [

{"shotIdx": 22, "startFrame": "2390", "endFrame": "2513", "objectsFound": [{"type": "building", "probability": 71.92876197735191}, {"type": "road", "probability": 19.08890461672474}, {"type": "sculpture", "probability": 5.65453506097561}, {"type": "sky", "probability": 2.188588850174216}, {"type": "wall", "probability": 0.8316093205574913}], "peopleInDanger": 0, "vehiclesInDanger": 0, "riverOvertop": false, "area": "courtyard", "areaProb": 0.08642000000000001, "outdoor": true, "emergencyType": "none", "emergencyProb": 0.9999971787134806, "category": "Production Planning", "subcategory": "Sources of Pollution", "coordinate": [35.53375, 24.06505], "animalsInDanger": 12, "infraInDanger": [], "objectsInDanger": ["Pot", "Pencil", "Paper", "Car", "Bag", "Bed", "Cup", "Pot", "Ruler", "Pencil", "Knife", "Bag", "Pillow"]}]}