{"_id": {"$oid": "62418d3d32716b72191da410"}, "header": {"timestamp": "2022-03-28 12:44:26.401075", "sender": "Visual Analysis", "entity": "video", "simmoid": "cf798436-e82a-4af5-8de0-c6faeb8069cb", "project_id": "83"}, "shotInfo": [

{"shotIdx": 0, "startFrame": "0", "endFrame": "259", "objectsFound": [{"type": "sky", "probability": 94.74148220486111}, {"type": "sea", "probability": 3.9530436197916665}, {"type": "mountain", "probability": 5.694580078125}, {"type": "hill", "probability": 2.7594672309027777}], "peopleInDanger": 0, "vehiclesInDanger": 0, "riverOvertop": false, "area": "grotto", "areaProb": 0.24658333333333335, "outdoor": true, "emergencyType": "none", "emergencyProb": 0.9999457502365112, "category": "Education", "subcategory": "Secondary Schools", "coordinate": [45.559496, 11.5306666], "animalsInDanger": 4, "infraInDanger": ["kindergraden", "room"], "objectsInDanger": ["Backpack", "Pot", "Sofa", "Shirt", "Ruler", "Blouse", "Toothbrush", "Dish", "Wallet", "Paper", "Pen", "Sink", "Shoe", "Glue", "Cup", "Cup", "Whiteboard", "Door", "Spoon", "Sink", "Bicycle", "Book", "Stool", "Banknote", "Fork", "Blanket", "Fork", "Car", "Backpack", "Car", "Knife", "Coin", "Coffee maker", "Pot", "Desk", "Key", "Desk", "Chair", "Shirt", "Blanket", "Notebook", "Bookcase", "Cupboard"]}]}