{"_id": {"$oid": "6213ca0942fde02430089b1b"}, "header": {"timestamp": "2022-02-21 16:39:09.725780", "sender": "Visual Analysis", "entity": "video", "simmoid": "60aeb4e9-f9a5-4470-8a8d-de0694182f7c", "project_id": "1"}, "shotInfo": [

	{"shotIdx": 0, "startFrame": "0", "endFrame": "477", "objectsFound": [{"type": "sky", "probability": 100}, {"type": "sea", "probability": 0.32755533854166663}, {"type": "wall", "probability": 46.79158528645833}, {"type": "road", "probability": 17.29058159722222}], "peopleInDanger": 0, "vehiclesInDanger": 0, "riverOvertop": false, "area": "field_cultivated", "areaProb": 0.21585408163265282, "outdoor": true, "emergencyType": "none", "emergencyProb": 0.9999956391815447, "category": "Accommodation", "subcategory": "Apartments", "coordinate": [45.55054180487325,11.548604965209961], "animalsInDanger": 16, "infraInDanger": ["parking", "ceiling", "nurseries", "ceiling", "office", "road", "university"], "objectsInDanger": ["Whiteboard", "Chair", "Helmet", "Shoe", "Glass", "Computer", "Desk", "Sofa", "Clock", "Stove", "Car", "Door", "Blanket", "Sink", "Bed"]}]}