{"_id": {"$oid": "623c9aaf7d9e4cd180c9a6f8"}, "header": {"timestamp": "2022-03-24 17:42:23.152261", "sender": "Visual Analysis", "entity": "video", "simmoid": "cf798436-e82a-4af5-8de0-c6faeb8069cb", "project_id": "20"}, "shotInfo": [

{"shotIdx": 25, "startFrame": "3317", "endFrame": "3420", "objectsFound": [{"type": "building", "probability": 57.760959201388886}, {"type": "sky", "probability": 35.93071831597222}, {"type": "tree", "probability": 7.407633463541667}, {"type": "road", "probability": 2.020263671875}, {"type": "earth", "probability": 0.014309353298611112}], "peopleInDanger": 0, "vehiclesInDanger": 0, "riverOvertop": false, "area": "museum_outdoor", "areaProb": 0.08477499999999999, "outdoor": true, "emergencyType": "none", "emergencyProb": 0.9999993920326233, "category": "Medical", "subcategory": "Doctors", "coordinate": [45.559496, 11.5306666], "animalsInDanger": 0, "infraInDanger": ["nurseries", "school", "company", "kindergraden", "road", "office", "parking"], "objectsInDanger": ["Spoon", "Shirt", "Bicycle", "Shirt", "Ruler", "Chair", "Fork", "Key", "Window", "Glue", "Knife", "Stool"]}]}