{"_id": {"$oid": "6216016f600a435c38d2a295"}, "header": {"timestamp": "2022-02-23 10:39:45.180299", "sender": "Visual Analysis", "entity": "video", "simmoid": "60aeb4e9-f9a5-4470-8a8d-de0694182f7c", "project_id": "1"}, "shotInfo": [
{"shotIdx": 0, "startFrame": "0", "endFrame": "477", "objectsFound": [{"type": "sky", "probability": 100}, {"type": "wall", "probability": 38.00930447048611}, {"type": "road", "probability": 16.526963975694446}], "peopleInDanger": 0, "vehiclesInDanger": 0, "riverOvertop": false, "area": "field_cultivated", "areaProb": 0.21797692307692312, "outdoor": true, "emergencyType": "none", "emergencyProb": 0.9999957845566121, "category": "Medical", "subcategory": "Doctors", "coordinate": [48.13009, 11.6053], "animalsInDanger": 9, "infraInDanger": ["ceiling", "tower", "tourist office"], "objectsInDanger": ["Notebook", "Bicycle", "Knife", "Glass", "Washing machine", "Glue", "Wallet", "Ruler", "Wallet", "Door", "Desk", "Key", "Blanket", "Spoon", "Bicycle", "Wallet", "Shirt", "Ruler", "Fridge", "Coffee maker", "Bicycle", "Coffee maker", "Stove", "Pen", "Toothbrush", "Blanket", "Sink", "Coffee maker", "Clock", "Wallet", "Trousers", "Bookcase"]}]}