{"_id": {"$oid": "62b43679bcf59a1cde9cb2c6"}, "header": {"timestamp": "2022-06-23 12:44:59.697432", "sender": "Visual Analysis", "entity": "twitter_post", "simmoid": "1417556701776121860", "project_id": "154"}, "shotInfo": [{"shotIdx": 0, "startFrame": "0", "endFrame": "629", "objectsFound": [{"type": "ceiling", "probability": 78.78511541811847}, {"type": "wall", "probability": 99.0506587543554}, {"type": "building", "probability": 1.1582643728222997}, {"type": "plant", "probability": 14.180231925087108}, {"type": "sky", "probability": 65.20647321428571}, {"type": "fountain", "probability": 0.07894163763066202}, {"type": "tree", "probability": 4.467688371080139}, {"type": "mountain", "probability": 3.771504790940767}, {"type": "stage", "probability": 1.6632186411149825}, {"type": "water", "probability": 7.315712108013937}, {"type": "car", "probability": 0.3048780487804878}, {"type": "person", "probability": 2.9467007839721253}, {"type": "table", "probability": 5.687881097560975}, {"type": "lamp", "probability": 1.2167900696864111}, {"type": "sculpture", "probability": 1.7339939024390245}], "peopleInDanger": 0, "vehiclesInDanger": 0, "riverOvertop": false, "area": "bar", "areaProb": 0.2051105263157895, "outdoor": true, "emergencyType": "none", "emergencyProb": 0.9667483125963519, "category": "Accommodation", "subcategory": "Campsites", "coordinate": [48.13009, 11.6053], "animalsInDanger": 19, "infraInDanger": ["office", "tourist office", "house", "parking"], "objectsInDanger": ["Sweater", "Knife", "Wallet", "Coin", "Stool", "Toothbrush", "Shoe", "Backpack", "Car", "Car", "Helmet", "Cupboard", "Chair", "Helmet", "Desk", "Glass", "Chair", "Glue", "Chair", "Cupboard", "Paper", "Shirt", "Coffee maker", "Computer", "Toothbrush", "Cup", "Chair", "Glass", "Window", "Wallet", "Paper", "Ruler", "Paper", "Washing machine", "Dish", "Pencil", "Chair", "Pencil", "Cupboard", "Glue", "Glue", "Bookcase", "Door", "Pot", "Sweater", "Glue", "Blouse"]}]}