{"_id": {"$oid": "6216016f600a435c38d2a295"}, "header": {"timestamp": "2022-02-23 10:39:45.180299", "sender": "Visual Analysis", "entity": "video", "simmoid": "60aeb4e9-f9a5-4470-8a8d-de0694182f7c", "project_id": "1"}, "shotInfo": [

{"shotIdx": 34, "startFrame": "3923", "endFrame": "4070", "objectsFound": [{"type": "wall", "probability": 74.86233181423611}, {"type": "building", "probability": 32.66126844618056}, {"type": "sky", "probability": 11.9384765625}, {"type": "ceiling", "probability": 9.651692708333332}, {"type": "mountain", "probability": 10.881890190972223}, {"type": "earth", "probability": 1.4126247829861112}, {"type": "sculpture", "probability": 0.3058539496527778}], "peopleInDanger": 0, "vehiclesInDanger": 0, "riverOvertop": false, "area": "indoor", "areaProb": 0.11286, "outdoor": false, "emergencyType": "none", "emergencyProb": 0.9999710278851646, "category": "Public Services", "subcategory": "Tourist Offices", "coordinate": [35.52925763063966,24.07529354095459], "animalsInDanger": 4, "infraInDanger": ["office", "office", "kindergraden", "company", "tourist office", "house", "tower", "road", "tourist office", "road", "school", "road"], "objectsInDanger": ["Glass", "Stool", "Coffee maker", "Clock", "Helmet", "Desk", "Desk", "Stove", "Bookcase"]}]}