{"_id": {"$oid": "6241aec2a8da5dc100eff0ea"}, "header": {"timestamp": "2022-03-28 15:10:29.620942", "sender": "Visual Analysis", "entity": "video", "simmoid": "cf798436-e82a-4af5-8de0-c6faeb8069cb", "project_id": "85"}, "shotInfo": [

{"shotIdx": 5, "startFrame": "1044", "endFrame": "1116", "objectsFound": [{"type": "sea", "probability": 33.68394639756944}, {"type": "wall", "probability": 25.1220703125}, {"type": "sky", "probability": 24.48798285590278}, {"type": "building", "probability": 10.373942057291668}, {"type": "mountain", "probability": 8.24924045138889}, {"type": "boat", "probability": 1.4404296875}], "peopleInDanger": 0, "vehiclesInDanger": 0, "riverOvertop": false, "area": "canal_urban", "areaProb": 0.16088571428571427, "outdoor": true, "emergencyType": "none", "emergencyProb": 0.9999351671763829, "category": "Public Services", "subcategory": "Tourist Offices", "coordinate": [45.544775, 11.564912], "animalsInDanger": 16, "infraInDanger": ["stadium", "office", "parking", "kindergraden", "tower", "office", "road", "ceiling", "ceiling"], "objectsInDanger": ["Bed", "Toothbrush", "Table", "Trousers", "Bicycle", "Ruler", "Sofa", "Bed", "Computer", "Banknote", "Fork", "Notebook", "Book", "Helmet", "Trousers", "Notebook", "Washing machine", "Helmet", "Desk", "Pen", "Pillow", "Bag", "Bicycle", "Chair", "Backpack", "Shirt", "Key", "Sink", "Dish", "Pencil", "Clock", "Toothbrush", "Cup", "Window", "Sofa", "Cupboard", "Cup", "Dish", "Shoe", "Wallet", "Stool", "Knife", "Coin", "Dish", "Stool", "Sweater", "Glue", "Stool"]}]}