{"_id": {"$oid": "623c9aaf7d9e4cd180c9a6f8"}, "header": {"timestamp": "2022-03-24 17:42:23.152261", "sender": "Visual Analysis", "entity": "video", "simmoid": "cf798436-e82a-4af5-8de0-c6faeb8069cb", "project_id": "20"}, "shotInfo": [

{"shotIdx": 8, "startFrame": "1378", "endFrame": "1479", "objectsFound": [{"type": "sky", "probability": 43.38107638888889}, {"type": "sea", "probability": 43.292236328125}, {"type": "boat", "probability": 5.317518446180555}, {"type": "sand", "probability": 6.844753689236111}, {"type": "mountain", "probability": 10.96462673611111}, {"type": "building", "probability": 0.010572645399305556}], "peopleInDanger": 0, "vehiclesInDanger": 0, "riverOvertop": false, "area": "harbor", "areaProb": 0.27677, "outdoor": true, "emergencyType": "none", "emergencyProb": 0.9607985854148865, "category": "Natural Elements", "subcategory": "Water Bodies", "coordinate": [45.55054180487325,11.548604965209961], "animalsInDanger": 2, "infraInDanger": ["school", "office", "office", "tower", "university", "stadium", "tower", "kindergraden", "office", "university", "house", "office", "university", "office"], "objectsInDanger": ["Knife", "Spoon", "Helmet", "Glue", "Pen", "Bed", "Spoon", "Window", "Bed", "Sweater", "Sweater", "Cupboard", "Cup", "Spoon", "Table", "Sofa", "Backpack", "Stove", "Trousers", "Pen", "Shirt", "Desk", "Bicycle", "Key", "Bookcase", "Backpack", "Clock", "Blouse"]}]}