{"_id": {"$oid": "62c43b19f3550fdf43254727"}, "header": {"timestamp": "2022-07-05 16:22:25.400730", "sender": "Visual Analysis", "entity": "video", "simmoid": "a75b552b-75f6-4184-abde-a03df5dc1f25", "project_id": "citizen"}, "shotInfo": [{"shotIdx": 0, "startFrame": 0, "endFrame": 0, "objectsFound": [{"type": "tree", "probability": 0.5024261474609375}, {"type": "plant", "probability": 0.46346028645833326}, {"type": "wall", "probability": 0.0174560546875}, {"type": "building", "probability": 0.016657511393229168}], "peopleInDanger": 0, "vehiclesInDanger": 0, "riverOvertop": false, "area": "field_cultivated", "areaProb": 0.7190000000000001, "outdoor": true, "emergencyType": "none", "emergencyProb": 0.9984336495399475, "category": "Transportation", "subcategory": "Air Travel", "coordinate": [35.52925763063966,24.07529354095459], "animalsInDanger": 4, "infraInDanger": ["office", "room", "office", "road", "parking", "house"], "objectsInDanger": ["Key", "Pen", "Bicycle", "Car", "Desk", "Book", "Fridge", "Stool", "Car", "Computer", "Cupboard", "Blouse", "Washing machine", "Key", "Coffee maker"]}]}