{"_id": {"$oid": "6213ca0942fde02430089b1b"}, "header": {"timestamp": "2022-02-21 16:39:09.725780", "sender": "Visual Analysis", "entity": "video", "simmoid": "60aeb4e9-f9a5-4470-8a8d-de0694182f7c", "project_id": "1"}, "shotInfo": [

{"shotIdx": 38, "startFrame": "4535", "endFrame": "4661", "objectsFound": [{"type": "building", "probability": 80.06591796875}, {"type": "sky", "probability": 1.5719943576388888}, {"type": "road", "probability": 8.90163845486111}], "peopleInDanger": 0, "vehiclesInDanger": 0, "riverOvertop": false, "area": "alley", "areaProb": 0.23588275862068964, "outdoor": true, "emergencyType": "none", "emergencyProb": 0.9999999136760317, "category": "Education", "subcategory": "Universities", "coordinate": [45.544777, 11.564912], "animalsInDanger": 11, "infraInDanger": ["tourist office"], "objectsInDanger": ["Chair", "Paper", "Spoon", "Door", "Fridge", "Sink", "Wallet", "Table", "Sink", "Washing machine", "Sweater", "Whiteboard", "Pen", "Pencil", "Bag", "Clock", "Blouse", "Dish", "Bicycle", "Chair", "Pen", "Car", "Door", "Chair", "Coin", "Spoon", "Chair", "Table"]}]}