{"_id": {"$oid": "6216016f600a435c38d2a295"}, "header": {"timestamp": "2022-02-23 10:39:45.180299", "sender": "Visual Analysis", "entity": "video", "simmoid": "60aeb4e9-f9a5-4470-8a8d-de0694182f7c", "project_id": "1"}, "shotInfo": [

{"shotIdx": 8, "startFrame": "1127", "endFrame": "1158", "objectsFound": [{"type": "building", "probability": 68.02503797743056}, {"type": "road", "probability": 25.596110026041668}, {"type": "sky", "probability": 2.347140842013889}], "peopleInDanger": 0, "vehiclesInDanger": 0, "riverOvertop": false, "area": "alley", "areaProb": 0.26576666666666665, "outdoor": true, "emergencyType": "none", "emergencyProb": 0.9999905029932658, "category": "Flood Forecasts", "subcategory": "Flood Results From Model", "coordinate": [48.13009, 11.6053], "animalsInDanger": 2, "infraInDanger": ["company", "house", "tourist office", "kindergraden", "stadium", "parking", "office"], "objectsInDanger": ["Ruler"]}]}