{"_id": {"$oid": "62c437b2e8fea246c375dae4"}, "header": {"timestamp": "2022-07-05 16:03:23.987588", "sender": "Visual Analysis", "entity": "video", "simmoid": "60aeb4e9-f9a5-4470-8a8d-de0694182f7c", "project_id": "154"}, "shotInfo": [

{"shotIdx": 37, "startFrame": "4433", "endFrame": "4534", "objectsFound": [{"type": "sky", "probability": 38.703859973867594}, {"type": "tree", "probability": 29.394190984320556}, {"type": "building", "probability": 6.305803571428571}, {"type": "road", "probability": 10.49923780487805}, {"type": "grass", "probability": 22.40921711672474}, {"type": "river", "probability": 9.062636106271777}, {"type": "field", "probability": 1.6046929442508713}, {"type": "earth", "probability": 30.85869446864111}, {"type": "path", "probability": 0.47841354529616725}, {"type": "house", "probability": 4.008329703832753}, {"type": "stage", "probability": 0.04355400696864112}, {"type": "wall", "probability": 2.6043935104529616}, {"type": "plant", "probability": 9.954812717770036}, {"type": "water", "probability": 0.28650370209059234}], "peopleInDanger": 0, "vehiclesInDanger": 0, "riverOvertop": false, "area": "mansion", "areaProb": 0.1408222222222222, "outdoor": true, "emergencyType": "none", "emergencyProb": 0.999962854385376, "category": "Education", "subcategory": "Nurseries", "coordinate": [35.53375, 24.06505], "animalsInDanger": 14, "infraInDanger": ["room", "road", "road", "university", "tower", "stadium", "nurseries", "stadium", "tourist office", "nurseries", "office", "tourist office", "nurseries", "tourist office"], "objectsInDanger": ["Shoe", "Notebook", "Sweater", "Banknote", "Table", "Toothbrush", "Helmet", "Glue", "Coin", "Cupboard", "Sweater", "Helmet", "Knife", "Pencil", "Table", "Blanket", "Pencil", "Shoe", "Shirt", "Trousers", "Pencil", "Glass", "Glue", "Washing machine", "Fork", "Sofa"]}]}