{"_id": {"$oid": "62434aa1692f7f5379d3d2ff"}, "header": {"timestamp": "2022-03-29 18:09:51.052135", "sender": "Visual Analysis", "entity": "video", "simmoid": "372d0e9b-b361-452b-af05-34ee99bced76", "project_id": "82"}, "shotInfo": [

{"shotIdx": 19, "startFrame": "9826", "endFrame": "10029", "objectsFound": [{"type": "sea", "probability": 77.60755750868056}, {"type": "mountain", "probability": 16.019694010416664}, {"type": "sky", "probability": 9.06711154513889}, {"type": "boat", "probability": 1.7686631944444444}], "peopleInDanger": 0, "vehiclesInDanger": 0, "riverOvertop": false, "area": "valley", "areaProb": 0.16754375, "outdoor": true, "emergencyType": "none", "emergencyProb": 0.9949810445308686, "category": "Education", "subcategory": "Nurseries", "coordinate": [37.991292, 23.749394], "animalsInDanger": 13, "infraInDanger": [], "objectsInDanger": ["Helmet", "Bicycle", "Coffee maker", "Pot", "Backpack", "Knife", "Stove", "Sink", "Dish", "Clock", "Ruler", "Computer", "Bookcase", "Shoe", "Ruler", "Shirt", "Blanket", "Helmet", "Cup", "Bicycle", "Glue", "Banknote", "Ruler", "Bed", "Blanket", "Glue", "Coffee maker", "Sink", "Blanket", "Bookcase", "Shoe", "Cupboard", "Notebook", "Pencil", "Window", "Cupboard", "Paper", "Sofa", "Toothbrush", "Clock", "Bed", "Glue", "Pencil", "Bicycle", "Bed", "Sweater", "Wallet"]}]}