{"_id": {"$oid": "623c9aaf7d9e4cd180c9a6f8"}, "header": {"timestamp": "2022-03-24 17:42:23.152261", "sender": "Visual Analysis", "entity": "video", "simmoid": "cf798436-e82a-4af5-8de0-c6faeb8069cb", "project_id": "20"}, "shotInfo": [

{"shotIdx": 26, "startFrame": "3421", "endFrame": "3488", "objectsFound": [{"type": "sky", "probability": 62.704128689236114}, {"type": "building", "probability": 4.460991753472222}, {"type": "tree", "probability": 14.170328776041666}, {"type": "sand", "probability": 4.897054036458334}, {"type": "wall", "probability": 0.014980740017361112}], "peopleInDanger": 0, "vehiclesInDanger": 0, "riverOvertop": false, "area": "forest_broadleaf", "areaProb": 0.051775, "outdoor": true, "emergencyType": "none", "emergencyProb": 0.9579041401545206, "category": "Disaster Management", "subcategory": "Civil Protection Distribution Places", "coordinate": [45.559496, 11.5306666], "animalsInDanger": 4, "infraInDanger": ["stadium", "room", "house", "house", "room", "ceiling", "office", "company", "stadium", "house", "office", "office", "ceiling", "nurseries"], "objectsInDanger": ["Spoon", "Shoe", "Blouse", "Stove", "Stove", "Bed", "Window", "Pot", "Toothbrush", "Wallet", "Glass", "Glass", "Blouse", "Wallet", "Bicycle", "Helmet", "Whiteboard", "Key", "Whiteboard", "Shoe", "Banknote", "Cup", "Car", "Stool", "Chair", "Dish", "Pillow", "Wallet", "Clock", "Pillow", "Paper", "Table", "Bicycle", "Clock", "Pencil", "Coffee maker", "Computer", "Stove", "Wallet", "Cup"]}]}