{"_id": {"$oid": "62820c5a6611e02826986a59"}, "header": {"timestamp": "2022-05-16 11:28:11.387201", "sender": "Visual Analysis", "entity": "video", "simmoid": "60aeb4e9-f9a5-4470-8a8d-de0694182f7c", "project_id": "143"}, "shotInfo": [

{"shotIdx": 34, "startFrame": "3923", "endFrame": "4070", "objectsFound": [{"type": "building", "probability": 34.49409298780488}, {"type": "wall", "probability": 52.78133166376306}, {"type": "sky", "probability": 13.440494337979095}, {"type": "ceiling", "probability": 23.910469294425088}, {"type": "sculpture", "probability": 7.213632404181185}, {"type": "tower", "probability": 0.8867323606271778}, {"type": "mountain", "probability": 0.3627232142857143}, {"type": "stage", "probability": 0.5192454268292683}, {"type": "sea", "probability": 1.5298344947735192}, {"type": "ship", "probability": 3.0242813588850175}], "peopleInDanger": 0, "vehiclesInDanger": 0, "riverOvertop": false, "area": "indoor", "areaProb": 0.09773846153846152, "outdoor": false, "emergencyType": "none", "emergencyProb": 0.9999577019895826, "category": "Disaster Management", "subcategory": "Civil Protection", "coordinate": [37.991292, 23.749394], "animalsInDanger": 7, "infraInDanger": ["company"], "objectsInDanger": ["Wallet", "Sofa"]}]}