{"_id": {"$oid": "623c9aaf7d9e4cd180c9a6f8"}, "header": {"timestamp": "2022-03-24 17:42:23.152261", "sender": "Visual Analysis", "entity": "video", "simmoid": "cf798436-e82a-4af5-8de0-c6faeb8069cb", "project_id": "20"}, "shotInfo": [

{"shotIdx": 15, "startFrame": "2210", "endFrame": "2312", "objectsFound": [{"type": "wall", "probability": 79.04798719618056}, {"type": "building", "probability": 0.1163601345486111}, {"type": "ceiling", "probability": 10.068766276041668}, {"type": "person", "probability": 3.384060329861111}, {"type": "sculpture", "probability": 2.394612630208333}, {"type": "table", "probability": 2.543131510416667}], "peopleInDanger": 0, "vehiclesInDanger": 0, "riverOvertop": false, "area": "bar", "areaProb": 0.44644444444444437, "outdoor": true, "emergencyType": "none", "emergencyProb": 0.9985508561134339, "category": "Education", "subcategory": "Nurseries", "coordinate": [45.55054180487325,11.548604965209961], "animalsInDanger": 1, "infraInDanger": ["parking", "tower", "tourist office"], "objectsInDanger": ["Fork", "Key", "Banknote", "Shirt", "Whiteboard", "Chair", "Stove", "Door", "Door", "Trousers", "Door", "Sofa", "Window", "Sink", "Trousers", "Key", "Bed", "Wallet", "Key", "Knife", "Sofa", "Dish", "Pillow"]}]}