{"_id": {"$oid": "62820c5a6611e02826986a59"}, "header": {"timestamp": "2022-05-16 11:28:11.387201", "sender": "Visual Analysis", "entity": "video", "simmoid": "60aeb4e9-f9a5-4470-8a8d-de0694182f7c", "project_id": "143"}, "shotInfo": [

{"shotIdx": 30, "startFrame": "3399", "endFrame": "3526", "objectsFound": [{"type": "building", "probability": 47.54940657665505}, {"type": "tree", "probability": 24.938752177700348}, {"type": "sky", "probability": 20.102896341463413}, {"type": "earth", "probability": 3.430558580139373}, {"type": "road", "probability": 9.287891986062718}], "peopleInDanger": 0, "vehiclesInDanger": 0, "riverOvertop": false, "area": "palace", "areaProb": 0.09001666666666668, "outdoor": true, "emergencyType": "none", "emergencyProb": 0.9999984204769135, "category": "Disaster Management", "subcategory": "Civil Protection", "coordinate": [35.53375, 24.06505], "animalsInDanger": 19, "infraInDanger": [], "objectsInDanger": ["Banknote", "Computer", "Banknote", "Stool", "Wallet"]}]}