{"_id": {"$oid": "62430bc8e6d3068eca396a4a"}, "header": {"timestamp": "2022-03-29 16:02:36.107553", "sender": "Visual Analysis", "entity": "video", "simmoid": "cf798436-e82a-4af5-8de0-c6faeb8069cb", "project_id": "82"}, "shotInfo": [
	
{"shotIdx": 11, "startFrame": "1692", "endFrame": "1884", "objectsFound": [{"type": "building", "probability": 67.54692925347221}, {"type": "sky", "probability": 35.24034288194444}, {"type": "wall", "probability": 46.94417317708333}, {"type": "ceiling", "probability": 6.233045789930555}], "peopleInDanger": 0, "vehiclesInDanger": 0, "riverOvertop": false, "area": "wind_farm", "areaProb": 0.1450090909090909, "outdoor": true, "emergencyType": "none", "emergencyProb": 0.9999946983237016, "category": "Education", "subcategory": "Nurseries", "coordinate": [45.55054180487325,11.548604965209961], "animalsInDanger": 16, "infraInDanger": ["room", "house", "office", "company", "road", "school", "school", "kindergraden", "tourist office", "nurseries", "nurseries", "kindergraden", "parking", "stadium", "parking"], "objectsInDanger": ["Ruler", "Pillow", "Table", "Chair", "Coffee maker", "Pillow", "Trousers", "Cup", "Bicycle", "Glue", "Door", "Banknote", "Coin", "Window", "Dish", "Sweater", "Computer", "Washing machine", "Toothbrush", "Table", "Coffee maker", "Paper", "Door", "Spoon", "Blouse", "Bicycle", "Ruler", "Coffee maker", "Glass", "Window", "Fork", "Cupboard", "Paper", "Sofa", "Toothbrush", "Glass", "Blouse", "Washing machine"]}]}