{"_id": {"$oid": "62b45feb584b330fea0ecee9"}, "header": {"timestamp": "2022-06-23 15:43:11.431072", "sender": "Visual Analysis", "entity": "twitter_post", "simmoid": "1420455385501249542", "project_id": "154"}, "shotInfo": [{"shotIdx": 0, "startFrame": 0, "endFrame": 0, "objectsFound": [{"type": "wall", "probability": 0.7521541819852942}, {"type": "person", "probability": 0.24194048713235294}, {"type": "signboard", "probability": 0.005905330882352942}], "peopleInDanger": 0, "vehiclesInDanger": 0, "riverOvertop": false, "area": "market_outdoor", "areaProb": 0.2127, "outdoor": true, "emergencyType": "none", "emergencyProb": 0.9999867677688599, "category": "Production Planning", "subcategory": "Restricted Areas", "coordinate": [35.52925763063966,24.07529354095459], "animalsInDanger": 15, "infraInDanger": ["parking", "road", "nurseries", "university"], "objectsInDanger": ["Key", "Bookcase", "Table", "Banknote", "Book", "Spoon", "Bicycle", "Table", "Desk", "Blanket", "Cupboard", "Bag", "Chair", "Car", "Pencil", "Glue", "Bicycle", "Blanket", "Paper", "Backpack", "Glue", "Helmet", "Clock", "Blanket", "Coin", "Blanket", "Book", "Trousers", "Desk", "Paper"]}]}