{"_id": {"$oid": "61ea90eb04d45a5f9f7df411"}, "header": {"timestamp": "2022-01-21 12:19:14.938730", "sender": "Visual Analysis", "entity": "video", "simmoid": "9a9275fa-a37c-4f21-ad45-e92145c601fb", "project_id": "test"}, "shotInfo": [
{"shotIdx": 5, "startFrame": "750", "endFrame": "834", "objectsFound": [{"type": "sky", "probability": 27.006700303819443}, {"type": "sea", "probability": 22.82443576388889}, {"type": "mountain", "probability": 23.5107421875}, {"type": "building", "probability": 17.2119140625}, {"type": "hill", "probability": 14.55959743923611}, {"type": "water", "probability": 4.005940755208334}, {"type": "earth", "probability": 1.7998589409722223}, {"type": "sand", "probability": 2.275254991319444}, {"type": "wall", "probability": 2.103678385416667}], "peopleInDanger": 0, "vehiclesInDanger": 0, "riverOvertop": false, "area": "amphitheater", "areaProb": 0.14657857142857142, "outdoor": true, "emergencyType": "none", "emergencyProb": 0.9999924207988539, "category": "Natural Elements", "subcategory": "Natura 2000 Sites", "coordinate": [45.55054180487325,11.548604965209961], "animalsInDanger": 12, "infraInDanger": ["office", "house", "parking", "parking", "room", "tower", "room"], "objectsInDanger": ["Fork", "Fridge", "Stove", "Notebook", "Clock", "Bed", "Coin", "Desk", "Door", "Cupboard", "Coffee maker", "Key", "Bookcase", "Glue", "Key", "Table", "Ruler", "Whiteboard", "Helmet", "Fridge", "Trousers", "Glue", "Fork", "Sink", "Blouse", "Window", "Wallet", "Toothbrush", "Blanket", "Desk", "Pillow", "Paper", "Blanket", "Sweater", "Spoon", "Key", "Bag"]}]}