{"_id": {"$oid": "61e6ac3cdbb500f241d75bdc"}, "header": {"timestamp": "2022-01-18 13:17:23.240082", "sender": "Visual Analysis", "entity": "video", "simmoid": "1420406195626692620", "project_id": "test"}, "shotInfo": 
[{"shotIdx": 1, "startFrame": "223", "endFrame": "433", "objectsFound": [{"type": "wall", "probability": 60.005950927734375}, {"type": "door", "probability": 41.92008972167969}, {"type": "water", "probability": 24.096298217773438}, {"type": "building", "probability": 38.173675537109375}, {"type": "road", "probability": 32.22236633300781}], "peopleInDanger": 0, "vehiclesInDanger": 0, "riverOvertop": false, "area": "bridge", "areaProb": 0.0849090909090909, "outdoor": true, "emergencyType": "none", "emergencyProb": 0.9573721301555633, "category": "Production Planning", "subcategory": "Snapshots", "coordinate": [35.52925763063966,24.07529354095459], "animalsInDanger": 1, "infraInDanger": ["road", "tourist office", "stadium"], "objectsInDanger": ["Whiteboard", "Blouse", "Ruler", "Chair", "Cup", "Blanket", "Pencil", "Fork", "Cupboard", "Blouse", "Washing machine", "Paper", "Coffee maker", "Sweater", "Spoon", "Sofa", "Pillow", "Sofa", "Glue", "Pen", "Cup", "Shirt", "Spoon", "Notebook", "Chair", "Banknote", "Pen", "Cupboard", "Bicycle", "Window", "Door", "Cup", "Washing machine", "Desk", "Pot", "Bookcase"]}]}
