{"_id": {"$oid": "627a5075091f138913c5c573"}, "header": {"timestamp": "2022-05-10 14:44:39.438173", "sender": "Visual Analysis", "entity": "citizen_report", "project_id": null}, "shotInfo": [

{"shotIdx": -1, "startFrame": 0, "endFrame": 0, "objectsFound": [{"type": "computer", "probability": 0.3524932861328125}, {"type": "desk", "probability": 0.21551513671875}, {"type": "monitor", "probability": 0.16143290201822913}, {"type": "wall", "probability": 0.14256795247395834}, {"type": "crt", "probability": 0.09393310546875}, {"type": "ceiling", "probability": 0.014180501302083336}, {"type": "table", "probability": 0.011678059895833336}, {"type": "cabinet", "probability": 0.008051554361979166}, {"type": "lake", "probability": 8.646647135416668e-05}, {"type": "floor", "probability": 5.594889322916666e-05}, {"type": "booth", "probability": 5.086263020833332e-06}], "peopleInDanger": 0, "vehiclesInDanger": 0, "riverOvertop": false, "area": "shopfront", "areaProb": 0.0676, "outdoor": true, "emergencyType": "none", "emergencyProb": 0.9959361553192139, "category": "Production Planning", "subcategory": "Snapshots", "coordinate": [45.55054180487325,11.548604965209961], "animalsInDanger": 13, "infraInDanger": ["office", "tower", "tower", "ceiling"], "objectsInDanger": ["Washing machine", "Stool", "Shirt", "Notebook", "Book", "Stool", "Paper", "Wallet", "Helmet", "Pen", "Glass", "Dish", "Coffee maker", "Spoon", "Bag", "Trousers", "Bookcase", "Car", "Car", "Key", "Key", "Window"]}]}