{"_id": {"$oid": "623c9aaf7d9e4cd180c9a6f8"}, "header": {"timestamp": "2022-03-24 17:42:23.152261", "sender": "Visual Analysis", "entity": "video", "simmoid": "cf798436-e82a-4af5-8de0-c6faeb8069cb", "project_id": "20"}, "shotInfo": [

{"shotIdx": 10, "startFrame": "1576", "endFrame": "1691", "objectsFound": [{"type": "building", "probability": 87.10666232638889}, {"type": "sky", "probability": 28.41864691840278}, {"type": "earth", "probability": 2.391221788194444}, {"type": "ship", "probability": 0.011705186631944444}], "peopleInDanger": 0, "vehiclesInDanger": 0, "riverOvertop": false, "area": "fire_escape", "areaProb": 0.12614, "outdoor": true, "emergencyType": "none", "emergencyProb": 0.9998624975031073, "category": "Production Planning", "subcategory": "Snapshots", "coordinate": [45.55054180487325,11.548604965209961], "animalsInDanger": 1, "infraInDanger": ["university", "room", "road", "stadium", "university", "office"], "objectsInDanger": ["Shoe", "Dish", "Coin", "Fridge", "Bookcase", "Bed", "Bag", "Clock", "Bag", "Pillow", "Key", "Banknote", "Glass", "Shirt", "Paper", "Coin", "Book", "Blouse", "Coin", "Stool", "Knife", "Book", "Sofa", "Washing machine", "Clock", "Clock", "Blouse", "Backpack", "Dish", "Computer", "Chair", "Whiteboard", "Ruler", "Stool", "Fridge", "Bed", "Sweater", "Trousers", "Glass", "Sweater", "Bed", "Coin", "Whiteboard", "Backpack"]}]}