{"_id": {"$oid": "61eac2f87d2bf8167cc41c5e"}, "header": {"timestamp": "2022-01-21 14:12:34.824049", "sender": "Visual Analysis", "entity": "video", "simmoid": "abbb259b-7867-4b8a-ae2f-10becb2a96b5", "project_id": "test"}, "shotInfo": [
{"shotIdx": 5, "startFrame": "1808", "endFrame": "2535", "objectsFound": [{"type": "building", "probability": 48.34255642361111}, {"type": "mountain", "probability": 59.9365234375}, {"type": "sky", "probability": 20.734998914930554}, {"type": "sea", "probability": 22.664388020833336}, {"type": "tree", "probability": 4.352484809027778}, {"type": "wall", "probability": 13.922119140625}, {"type": "road", "probability": 0.7093641493055556}, {"type": "sand", "probability": 2.870686848958333}, {"type": "earth", "probability": 3.847927517361111}], "peopleInDanger": 0, "vehiclesInDanger": 0, "riverOvertop": false, "area": "village", "areaProb": 0.5255095808383233, "outdoor": true, "emergencyType": "none", "emergencyProb": 0.9999231788847182, "category": "Commerce", "subcategory": "Clothing", "coordinate": [45.55054180487325,11.548604965209961], "animalsInDanger": 20, "infraInDanger": ["stadium"], "objectsInDanger": ["Stool", "Ruler", "Chair", "Cupboard", "Notebook", "Washing machine", "Banknote", "Stool", "Blanket", "Paper", "Book", "Key", "Computer", "Desk", "Book", "Coffee maker", "Coin", "Pillow", "Pen", "Cup"]}]}