{"_id": {"$oid": "62430bc8e6d3068eca396a4a"}, "header": {"timestamp": "2022-03-29 16:02:36.107553", "sender": "Visual Analysis", "entity": "video", "simmoid": "cf798436-e82a-4af5-8de0-c6faeb8069cb", "project_id": "82"}, "shotInfo": [

{"shotIdx": 18, "startFrame": "2518", "endFrame": "2629", "objectsFound": [{"type": "wall", "probability": 40.08721245659722}, {"type": "ceiling", "probability": 23.59551323784722}, {"type": "building", "probability": 14.219156901041666}, {"type": "person", "probability": 4.721408420138888}, {"type": "table", "probability": 2.2040473090277777}, {"type": "canopy", "probability": 0.7588704427083333}, {"type": "chair", "probability": 1.947021484375}, {"type": "door", "probability": 3.372531467013889}], "peopleInDanger": 0, "vehiclesInDanger": 0, "riverOvertop": false, "area": "bar", "areaProb": 0.21913999999999997, "outdoor": true, "emergencyType": "none", "emergencyProb": 0.9998685284094377, "category": "Transportation", "subcategory": "Bike Rentals", "coordinate": [45.55054180487325, 11.548604965209961], "animalsInDanger": 15, "infraInDanger": ["university", "company"], "objectsInDanger": ["Fork", "Pencil", "Sofa", "Bicycle", "Blanket", "Stove", "Door", "Wallet", "Shoe", "Coffee maker", "Blouse", "Wallet", "Banknote", "Bookcase", "Banknote", "Shirt", "Pot", "Stove", "Sink", "Glass", "Pen", "Stool"]}]}