{"_id": {"$oid": "627e525aa8c5a2dccee39dc0"}, "header": {"timestamp": "2022-05-13 15:42:51.458758", "sender": "Visual Analysis", "entity": "citizen_report", "simmoid": "61f23f1c-ed77-4622-b964-0fedb72fb96f", "project_id": 0}, "shotInfo": [{"shotIdx": 0, "startFrame": 0, "endFrame": 0, "objectsFound": [{"type": "wall", "probability": 0.5223864539194916}, {"type": "sky", "probability": 0.2405323093220339}, {"type": "building", "probability": 0.17270259533898305}, {"type": "television", "probability": 0.03286381091101695}, {"type": "windowpane", "probability": 0.009624933792372881}, {"type": "cabinet", "probability": 0.00779594809322034}, {"type": "crt", "probability": 0.006695246292372881}, {"type": "sidewalk", "probability": 0.00244140625}, {"type": "swivel", "probability": 0.002151747881355932}, {"type": "mirror", "probability": 0.0015724311440677965}, {"type": "screen_projection", "probability": 0.000943458686440678}, {"type": "curtain", "probability": 0.0002068988347457627}, {"type": "floor", "probability": 5.793167372881356e-05}, {"type": "bulletin", "probability": 1.6551906779661017e-05}, {"type": "clock", "probability": 8.275953389830508e-06}], "peopleInDanger": 0, "vehiclesInDanger": 0, "riverOvertop": false, "area": "parking_lot", "areaProb": 0.069, "outdoor": true, "emergencyType": "none", "emergencyProb": 0.9492594599723816, "category": "Transportation", "subcategory": "Bike Rentals", "coordinate": [48.130089, 11.6053], "animalsInDanger": 17, "infraInDanger": ["parking", "road", "room", "ceiling", "tourist office", "nurseries", "company"], "objectsInDanger": ["Table", "Toothbrush", "Sweater", "Fridge", "Sofa", "Car", "Sink", "Desk", "Paper", "Helmet", "Stool", "Sweater", "Helmet", "Shirt", "Desk", "Wallet", "Backpack", "Table", "Bookcase", "Helmet", "Fridge", "Banknote", "Trousers", "Clock", "Pencil", "Pot", "Book", "Wallet", "Knife", "Fork", "Notebook", "Bed", "Cupboard", "Wallet", "Whiteboard", "Bicycle"]}]}