{"_id": {"$oid": "6241aec2a8da5dc100eff0ea"}, "header": {"timestamp": "2022-03-28 15:10:29.620942", "sender": "Visual Analysis", "entity": "video", "simmoid": "cf798436-e82a-4af5-8de0-c6faeb8069cb", "project_id": "85"}, "shotInfo": [

{"shotIdx": 10, "startFrame": "1576", "endFrame": "1691", "objectsFound": [{"type": "building", "probability": 87.10666232638889}, {"type": "sky", "probability": 28.41864691840278}, {"type": "earth", "probability": 2.391221788194444}, {"type": "ship", "probability": 0.011705186631944444}], "peopleInDanger": 0, "vehiclesInDanger": 0, "riverOvertop": false, "area": "fire_escape", "areaProb": 0.12614, "outdoor": true, "emergencyType": "none", "emergencyProb": 0.9998624975031073, "category": "Education", "subcategory": "Nurseries", "coordinate": [45.544775, 11.564912], "animalsInDanger": 14, "infraInDanger": ["ceiling", "tower", "tower", "road", "tower", "tower", "school", "house", "stadium", "house", "room", "nurseries", "ceiling"], "objectsInDanger": ["Sweater", "Glass", "Trousers", "Computer", "Trousers", "Ruler", "Clock", "Sweater", "Coin", "Wallet", "Pillow", "Shoe", "Key", "Pot", "Knife", "Door"]}]}