{"_id": {"$oid": "627cb724d32319b204f069a2"}, "header": {"timestamp": "2022-05-12 10:25:20.443635", "sender": "Visual Analysis", "entity": "video", "simmoid": "cf798436-e82a-4af5-8de0-c6faeb8069cb", "project_id": "118"}, "shotInfo": [

{"shotIdx": 9, "startFrame": "1481", "endFrame": "1575", "objectsFound": [{"type": "sky", "probability": 35.30256424216028}, {"type": "water", "probability": 24.772702526132402}, {"type": "earth", "probability": 30.652493466898957}, {"type": "grass", "probability": 1.0044642857142858}, {"type": "car", "probability": 7.283727134146341}, {"type": "building", "probability": 3.270633710801394}, {"type": "tree", "probability": 5.583079268292683}, {"type": "sea", "probability": 8.123502831010452}, {"type": "boat", "probability": 4.7222070993031355}, {"type": "sand", "probability": 3.049461019163763}], "peopleInDanger": 0, "vehiclesInDanger": 0, "riverOvertop": false, "area": "parking_lot", "areaProb": 0.13274999999999998, "outdoor": true, "emergencyType": "none", "emergencyProb": 0.6276607939175197, "category": "Production Planning", "subcategory": "Snapshots", "coordinate": [45.55054180487325, 11.548604965209961], "animalsInDanger": 3, "infraInDanger": ["university", "tourist office", "company", "kindergraden", "parking", "tower", "parking", "nurseries", "school", "room", "kindergraden"], "objectsInDanger": ["Pen", "Book"]}]}