{"_id": {"$oid": "62418d3d32716b72191da410"}, "header": {"timestamp": "2022-03-28 12:44:26.401075", "sender": "Visual Analysis", "entity": "video", "simmoid": "cf798436-e82a-4af5-8de0-c6faeb8069cb", "project_id": "83"}, "shotInfo": [

{"shotIdx": 16, "startFrame": "2313", "endFrame": "2422", "objectsFound": [{"type": "building", "probability": 97.28529188368056}, {"type": "sky", "probability": 3.4166124131944446}, {"type": "tree", "probability": 1.519775390625}, {"type": "wall", "probability": 0.885009765625}], "peopleInDanger": 0, "vehiclesInDanger": 0, "riverOvertop": false, "area": "staircase", "areaProb": 0.078, "outdoor": true, "emergencyType": "none", "emergencyProb": 0.9999686717987061, "category": "Education", "subcategory": "Nurseries", "coordinate": [35.533753, 24.06501], "animalsInDanger": 18, "infraInDanger": ["road", "nurseries", "office", "house", "road", "road", "school", "road", "university", "house", "stadium"], "objectsInDanger": ["Shirt", "Dish", "Spoon", "Clock", "Washing machine", "Fork", "Ruler"]}]}