{"_id": {"$oid": "62820c5a6611e02826986a59"}, "header": {"timestamp": "2022-05-16 11:28:11.387201", "sender": "Visual Analysis", "entity": "video", "simmoid": "60aeb4e9-f9a5-4470-8a8d-de0694182f7c", "project_id": "143"}, "shotInfo": [

{"shotIdx": 26, "startFrame": "2892", "endFrame": "3017", "objectsFound": [{"type": "sky", "probability": 66.37358449477352}, {"type": "building", "probability": 34.67647539198606}, {"type": "flag", "probability": 5.149580792682927}, {"type": "earth", "probability": 3.8878756533101044}, {"type": "person", "probability": 3.383601916376307}], "peopleInDanger": 0, "vehiclesInDanger": 0, "riverOvertop": false, "area": "motel", "areaProb": 0.12210000000000001, "outdoor": true, "emergencyType": "none", "emergencyProb": 0.999999980131785, "category": "Production Planning", "subcategory": "Sources of Pollution", "coordinate": [35.53375, 24.06505], "animalsInDanger": 6, "infraInDanger": ["tourist office", "tourist office", "stadium", "stadium", "nurseries", "ceiling", "house", "house"], "objectsInDanger": ["Shoe", "Pen", "Shoe", "Bookcase", "Whiteboard", "Coffee maker"]}]}