{"_id": {"$oid": "6216016f600a435c38d2a295"}, "header": {"timestamp": "2022-02-23 10:39:45.180299", "sender": "Visual Analysis", "entity": "video", "simmoid": "60aeb4e9-f9a5-4470-8a8d-de0694182f7c", "project_id": "1"}, "shotInfo": [

{"shotIdx": 6, "startFrame": "993", "endFrame": "1057", "objectsFound": [{"type": "tree", "probability": 59.88837348090278}, {"type": "earth", "probability": 28.428819444444443}, {"type": "road", "probability": 15.473768446180555}, {"type": "path", "probability": 1.512993706597222}, {"type": "building", "probability": 1.2240939670138888}], "peopleInDanger": 0, "vehiclesInDanger": 0, "riverOvertop": false, "area": "boardwalk", "areaProb": 0.107175, "outdoor": true, "emergencyType": "none", "emergencyProb": 0.9995113710562388, "category": "Production Planning", "subcategory": "Sources of Pollution", "coordinate": [48.13009, 11.6053], "animalsInDanger": 9, "infraInDanger": ["road", "road", "office"], "objectsInDanger": ["Sweater", "Sink", "Coin", "Bookcase", "Sink", "Dish", "Coffee maker", "Helmet", "Paper", "Pot", "Dish", "Car", "Sweater", "Coffee maker", "Bed", "Notebook", "Sweater", "Glass", "Notebook", "Desk", "Washing machine", "Fridge", "Backpack"]}]}