{"_id": {"$oid": "6231bf6488242eb777d8843d"}, "header": {"timestamp": "2022-03-16 12:43:15.062302", "sender": "Visual Analysis", "entity": "twitter_post", "simmoid": "893755907062071296", "project_id": "14032022"}, "shotInfo": [{"shotIdx": 0, "startFrame": 0, "endFrame": 0, "objectsFound": [{"type": "earth", "probability": 0.3152974446614583}, {"type": "rock", "probability": 0.14885965983072916}, {"type": "house", "probability": 0.14390055338541666}, {"type": "tree", "probability": 0.11881510416666669}, {"type": "person", "probability": 0.06295267740885417}, {"type": "mountain", "probability": 0.05084737141927084}, {"type": "building", "probability": 0.04773966471354166}, {"type": "grass", "probability": 0.036671956380208336}, {"type": "car", "probability": 0.019953409830729168}, {"type": "road", "probability": 0.013926188151041664}, {"type": "stairs", "probability": 0.009913126627604166}, {"type": "sky", "probability": 0.007054646809895832}, {"type": "stage", "probability": 0.003865559895833334}, {"type": "plant", "probability": 0.003346761067708334}, {"type": "pole", "probability": 0.0030364990234375}, {"type": "wall", "probability": 0.0023600260416666665}, {"type": "sand", "probability": 0.0021514892578125}, {"type": "sidewalk", "probability": 0.0020243326822916665}, {"type": "awning", "probability": 0.0020243326822916665}, {"type": "fountain", "probability": 0.001897176106770833}, {"type": "signboard", "probability": 0.001352945963541667}, {"type": "streetlight", "probability": 0.0009613037109375}, {"type": "flower", "probability": 0.0007273356119791665}, {"type": "crt", "probability": 0.0002797444661458333}, {"type": "van", "probability": 1.52587890625e-05}, {"type": "flag", "probability": 1.52587890625e-05}, {"type": "tent", "probability": 1.0172526041666664e-05}], "peopleInDanger": 0, "vehiclesInDanger": 0, "riverOvertop": false, "area": "driveway", "areaProb": 0.1091, "outdoor": true, "emergencyType": "none", "emergencyProb": 0.9313424825668335, "category": "Commerce", "subcategory": "Electronics", "coordinate": [35.524678, 24.084345], "animalsInDanger": 3, "infraInDanger": ["office", "room", "road", "kindergraden", "parking", "school"], "objectsInDanger": ["Backpack", "Sweater", "Glue", "Sink", "Helmet", "Pillow", "Knife", "Stool", "Bed", "Banknote", "Washing machine", "Coin", "Whiteboard", "Toothbrush", "Shirt", "Trousers", "Door", "Dish", "Cupboard", "Bag", "Coin", "Fridge", "Sofa", "Shoe"]}]}