{"_id": {"$oid": "61e6ac3cdbb500f241d75bdc"}, "header": {"timestamp": "2022-01-18 13:17:23.240082", "sender": "Visual Analysis", "entity": "video", "simmoid": "1420406195626692620", "project_id": "test"}, "shotInfo": 
[{"shotIdx": 4, "startFrame": "1329", "endFrame": "1338", "objectsFound": [], "peopleInDanger": 0, "vehiclesInDanger": 0, "riverOvertop": false, "area": "none", "outdoor": "none", "emergencyType": "none", "category": "Commerce", "subcategory": "Electronics", "coordinate": [35.52925763063966,24.07529354095459], "animalsInDanger": 13, "infraInDanger": ["nurseries", "parking", "house", "ceiling", "kindergraden", "room", "ceiling", "university", "tourist office", "university", "school"], "objectsInDanger": ["Blanket", "Bookcase", "Wallet", "Cup", "Stool", "Desk", "Stove", "Computer", "Bed", "Table", "Bookcase", "Washing machine", "Coffee maker", "Door", "Sofa", "Fork", "Helmet", "Knife", "Bag", "Glue", "Dish", "Ruler", "Car", "Cupboard", "Bicycle", "Stove", "Wallet", "Glue", "Book", "Backpack", "Bag", "Shirt", "Paper", "Pot", "Backpack", "Shirt", "Pot", "Sink", "Pen", "Desk", "Paper", "Cup", "Banknote", "Bed", "Shirt", "Fork", "Wallet", "Sink", "Blouse"]}]}