{"_id": {"$oid": "6216016f600a435c38d2a295"}, "header": {"timestamp": "2022-02-23 10:39:45.180299", "sender": "Visual Analysis", "entity": "video", "simmoid": "60aeb4e9-f9a5-4470-8a8d-de0694182f7c", "project_id": "1"}, "shotInfo": [

{"shotIdx": 35, "startFrame": "4071", "endFrame": "4253", "objectsFound": [{"type": "building", "probability": 91.60495334201389}, {"type": "wall", "probability": 67.07695855034721}, {"type": "ceiling", "probability": 13.45486111111111}, {"type": "road", "probability": 5.933295355902778}], "peopleInDanger": 0, "vehiclesInDanger": 0, "riverOvertop": false, "area": "railroad_track", "areaProb": 0.14755000000000001, "outdoor": true, "emergencyType": "none", "emergencyProb": 0.9998983773920271, "category": "Public Services", "subcategory": "Tourist Offices", "coordinate": [35.533753, 24.06501], "animalsInDanger": 1, "infraInDanger": [], "objectsInDanger": ["Car", "Book", "Glue", "Stove", "Shoe", "Car", "Cupboard", "Glass", "Computer", "Blanket", "Pot", "Backpack", "Dish", "Dish", "Fridge", "Cup"]}]}