{"_id": {"$oid": "62c43c6cf3550fdf4325472a"}, "header": {"timestamp": "2022-07-05 16:27:31.242361", "sender": "Visual Analysis", "entity": "video", "simmoid": "05673c18-5421-46f0-8849-b7f9aa34fcd0", "project_id": "citizen"}, "shotInfo": [{"shotIdx": 0, "startFrame": 0, "endFrame": 0, "objectsFound": [{"type": "wall", "probability": 0.46715799967447924}, {"type": "building", "probability": 0.14276631673177084}, {"type": "tree", "probability": 0.12321980794270831}, {"type": "cabinet", "probability": 0.1168060302734375}, {"type": "floor", "probability": 0.03107706705729167}, {"type": "stairs", "probability": 0.0279693603515625}, {"type": "sky", "probability": 0.02471923828125}, {"type": "boat", "probability": 0.02265421549479167}, {"type": "tank", "probability": 0.010945638020833336}, {"type": "stove", "probability": 0.009343465169270834}, {"type": "crt", "probability": 0.006108601888020832}, {"type": "door", "probability": 0.005198160807291668}, {"type": "towel", "probability": 0.0042572021484375}, {"type": "sink", "probability": 0.0019887288411458335}, {"type": "person", "probability": 0.0018157958984375}, {"type": "oven", "probability": 0.0009613037109375}, {"type": "water", "probability": 0.00091552734375}, {"type": "windowpane", "probability": 0.0006815592447916665}, {"type": "mountain", "probability": 0.0003509521484375}, {"type": "skyscraper", "probability": 0.0003102620442708333}, {"type": "table", "probability": 0.000244140625}, {"type": "ship", "probability": 0.00017801920572916663}, {"type": "chair", "probability": 0.0001678466796875}, {"type": "seat", "probability": 0.00016276041666666663}], "peopleInDanger": 1, "vehiclesInDanger": 6, "riverOvertop": false, "area": "restaurant", "areaProb": 0.2032, "outdoor": true, "emergencyType": "flood", "emergencyProb": 0.834980309009552, "category": "Flood Forecasts", "subcategory": "Flood Results From Model", "coordinate": [35.52925763063966,24.07529354095459], "animalsInDanger": 19, "infraInDanger": ["kindergraden", "company", "ceiling"], "objectsInDanger": ["Sofa", "Pillow", "Sink", "Stool", "Stove"]}]}