{"_id": {"$oid": "6214e0fa0e54a551b7172a31"}, "header": {"timestamp": "2022-02-22 13:33:36.981597", "sender": "Visual Analysis", "entity": "video", "simmoid": "cf798436-e82a-4af5-8de0-c6faeb8069cb", "project_id": "1"}, "shotInfo": [

{"shotIdx": 7, "startFrame": "1257", "endFrame": "1377", "objectsFound": [{"type": "water", "probability": 23.50192599826389}, {"type": "sea", "probability": 27.52753363715278}, {"type": "sky", "probability": 17.85820855034722}, {"type": "wall", "probability": 29.840087890625}, {"type": "tower", "probability": 4.261610243055555}, {"type": "tree", "probability": 10.750325520833332}, {"type": "earth", "probability": 6.903754340277778}, {"type": "ship", "probability": 15.300835503472221}, {"type": "boat", "probability": 8.778889973958332}, {"type": "mountain", "probability": 4.083930121527778}, {"type": "house", "probability": 2.029079861111111}, {"type": "sand", "probability": 0.04069010416666667}], "peopleInDanger": 0, "vehiclesInDanger": 0, "riverOvertop": false, "area": "canal_urban", "areaProb": 0.06045, "outdoor": true, "emergencyType": "none", "emergencyProb": 0.9915390759706497, "category": "Accommodation", "subcategory": "Apartments", "coordinate": [35.52925763063966,24.07529354095459], "animalsInDanger": 3, "infraInDanger": ["company", "ceiling", "tower", "nurseries", "parking"], "objectsInDanger": ["Cup", "Coffee maker", "Sink", "Washing machine", "Notebook", "Wallet", "Computer", "Fork", "Desk", "Table", "Toothbrush", "Sweater", "Blanket", "Clock", "Fork", "Pen", "Shirt", "Ruler", "Shoe", "Glue", "Washing machine", "Coffee maker", "Blanket", "Glue", "Bookcase", "Fridge", "Helmet", "Toothbrush", "Washing machine", "Backpack", "Key", "Fork", "Car", "Backpack", "Table", "Paper", "Coffee maker", "Table", "Sweater", "Backpack", "Bookcase", "Chair", "Bed", "Sink"]}]}