{"_id": {"$oid": "62c43b6df3550fdf43254728"}, "header": {"timestamp": "2022-07-05 16:23:46.383022", "sender": "Visual Analysis", "entity": "video", "simmoid": "0a98792b-1553-4345-be55-d0f8c4fddf24", "project_id": "citizen"}, "shotInfo": [{"shotIdx": 0, "startFrame": 0, "endFrame": 0, "objectsFound": [{"type": "plant", "probability": 0.5116762907608695}, {"type": "tree", "probability": 0.35628396739130436}, {"type": "sky", "probability": 0.06504755434782608}, {"type": "mountain", "probability": 0.04381793478260869}, {"type": "wall", "probability": 0.010343070652173913}, {"type": "earth", "probability": 0.009604279891304348}, {"type": "door", "probability": 0.0028277853260869567}, {"type": "water", "probability": 0.000399116847826087}], "peopleInDanger": 0, "vehiclesInDanger": 0, "riverOvertop": false, "area": "formal_garden", "areaProb": 0.532, "outdoor": true, "emergencyType": "none", "emergencyProb": 0.9999830722808838, "category": "Natural Elements", "subcategory": "Natura 2000 Sites", "coordinate": [35.52925763063966,24.07529354095459], "animalsInDanger": 19, "infraInDanger": ["kindergraden", "school", "office", "school", "office", "house", "tower", "school", "tower", "room"], "objectsInDanger": ["Key", "Stove", "Pot"]}]}