{"_id": {"$oid": "62b45fa1584b330fea0ecee8"}, "header": {"timestamp": "2022-06-23 15:41:59.818499", "sender": "Visual Analysis", "entity": "twitter_post", "simmoid": "1420455662413402123", "project_id": "154"}, "shotInfo": [{"shotIdx": 0, "startFrame": 0, "endFrame": 0, "objectsFound": [{"type": "wall", "probability": 0.7521541819852942}, {"type": "person", "probability": 0.24194048713235294}, {"type": "signboard", "probability": 0.005905330882352942}], "peopleInDanger": 0, "vehiclesInDanger": 0, "riverOvertop": false, "area": "market_outdoor", "areaProb": 0.2127, "outdoor": true, "emergencyType": "none", "emergencyProb": 0.9999867677688599, "category": "Transportation", "subcategory": "Bike Rentals", "coordinate": [35.52925763063966,24.07529354095459], "animalsInDanger": 1, "infraInDanger": ["office", "stadium", "parking", "office", "nurseries", "school", "school", "house", "nurseries", "nurseries", "kindergraden", "nurseries"], "objectsInDanger": ["Bed", "Sweater", "Helmet", "Sink", "Glue", "Window", "Pillow", "Window", "Bag", "Cup", "Backpack", "Whiteboard", "Chair", "Sofa", "Pot", "Cup", "Blouse", "Glass", "Bag", "Whiteboard", "Notebook", "Book", "Spoon", "Glue", "Blanket", "Spoon", "Sweater", "Glass", "Paper", "Sofa", "Knife", "Table", "Trousers", "Blouse", "Bed", "Key", "Wallet", "Knife", "Bookcase", "Table"]}]}