{"_id": {"$oid": "6214e0fa0e54a551b7172a31"}, "header": {"timestamp": "2022-02-22 13:33:36.981597", "sender": "Visual Analysis", "entity": "video", "simmoid": "cf798436-e82a-4af5-8de0-c6faeb8069cb", "project_id": "1"}, "shotInfo": [

{"shotIdx": 21, "startFrame": "2876", "endFrame": "2943", "objectsFound": [{"type": "sky", "probability": 47.97702365451389}, {"type": "mountain", "probability": 21.052381727430554}, {"type": "earth", "probability": 26.405843098958332}, {"type": "tree", "probability": 0.05832248263888889}, {"type": "house", "probability": 3.6173502604166665}, {"type": "building", "probability": 1.2959798177083335}, {"type": "road", "probability": 1.2369791666666665}, {"type": "water", "probability": 1.898193359375}, {"type": "river", "probability": 0.010287814670138888}], "peopleInDanger": 0, "vehiclesInDanger": 0, "riverOvertop": false, "area": "bar", "areaProb": 0.05814, "outdoor": true, "emergencyType": "none", "emergencyProb": 0.997438104947408, "category": "Public Services", "subcategory": "Tourist Offices", "coordinate": [37.991292, 23.749394], "animalsInDanger": 18, "infraInDanger": ["office", "house"], "objectsInDanger": []}]}