{"_id": {"$oid": "61e6948d53bfc1ea5c76d697"}, "header": {"timestamp": "2022-01-18 12:16:37.276944", "sender": "Visual Analysis", "entity": "video", "simmoid": "1420033393115402243", "project_id": "test"}, "shotInfo": [{"shotIdx": 0, "startFrame": "0", "endFrame": "144", "objectsFound": [{"type": "sky", "probability": 100}, {"type": "mountain", "probability": 26.95758418949772}, {"type": "water", "probability": 11.20415953196347}, {"type": "building", "probability": 69.64495933219177}, {"type": "car", "probability": 5.3309610445205475}, {"type": "tree", "probability": 16.77591680936073}, {"type": "sea", "probability": 8.211597460045663}, {"type": "road", "probability": 3.15398473173516}, {"type": "grass", "probability": 39.75545804794521}, {"type": "earth", "probability": 3.91427654109589}, {"type": "hill", "probability": 0.010505850456621004}, {"type": "person", "probability": 6.365493007990867}], "peopleInDanger": 0.058823529411764705, "vehiclesInDanger": 0, "riverOvertop": false, "area": "parking_lot", "areaProb": 0.3141615384615385, "outdoor": true, "emergencyType": "none", "emergencyProb": 0.9175707336628076, "category": "Production Planning", "subcategory": "Snapshots", "coordinate": [35.53375, 24.06502], "animalsInDanger": 1, "infraInDanger": ["kindergraden", "company", "tourist office", "tower", "ceiling"], "objectsInDanger": []}]}