{"_id": {"$oid": "6241aec2a8da5dc100eff0ea"}, "header": {"timestamp": "2022-03-28 15:10:29.620942", "sender": "Visual Analysis", "entity": "video", "simmoid": "cf798436-e82a-4af5-8de0-c6faeb8069cb", "project_id": "85"}, "shotInfo": [

{"shotIdx": 14, "startFrame": "2109", "endFrame": "2208", "objectsFound": [{"type": "wall", "probability": 48.50735134548611}, {"type": "fountain", "probability": 2.0087348090277777}, {"type": "stage", "probability": 0.753445095486111}, {"type": "person", "probability": 1.3529459635416665}], "peopleInDanger": 0, "vehiclesInDanger": 0, "riverOvertop": false, "area": "bar", "areaProb": 0.43434285714285714, "outdoor": true, "emergencyType": "none", "emergencyProb": 0.9990170333120558, "category": "Natural Elements", "subcategory": "Natura 2000 Sites", "coordinate": [37.980401, 23.757333], "animalsInDanger": 11, "infraInDanger": ["house", "tower", "parking", "road", "room", "road", "tourist office", "university", "tower", "company", "parking", "stadium", "tower"], "objectsInDanger": ["Cupboard", "Book", "Cupboard", "Cupboard", "Banknote", "Key", "Car", "Coin", "Pillow", "Blanket", "Shoe", "Fridge", "Bicycle", "Washing machine", "Pen", "Dish", "Pot", "Ruler", "Table", "Window", "Stool", "Door", "Bed", "Book", "Bed", "Bed", "Ruler", "Sink", "Backpack", "Door", "Knife", "Car", "Sink", "Bookcase", "Fork", "Fork", "Whiteboard", "Pencil", "Door", "Notebook", "Glass", "Stove", "Desk", "Toothbrush", "Paper", "Pot", "Sink"]}]}