{"_id": {"$oid": "62b46426584b330fea0eceeb"}, "header": {"timestamp": "2022-06-23 16:01:08.307604", "sender": "Visual Analysis", "entity": "twitter_post", "simmoid": "1420445285332004865", "project_id": "154"}, "shotInfo": [{"shotIdx": 0, "startFrame": 0, "endFrame": 0, "objectsFound": [{"type": "wall", "probability": 0.8399251302083335}, {"type": "signboard", "probability": 0.1533203125}, {"type": "bannister", "probability": 0.003794352213541666}, {"type": "chair", "probability": 0.0022023518880208335}, {"type": "stairway", "probability": 0.0006001790364583334}, {"type": "building", "probability": 0.00010172526041666668}, {"type": "floor", "probability": 4.069010416666666e-05}, {"type": "ceiling", "probability": 1.52587890625e-05}], "peopleInDanger": 0, "vehiclesInDanger": 0, "riverOvertop": false, "area": "fire_escape", "areaProb": 0.43520000000000003, "outdoor": true, "emergencyType": "none", "emergencyProb": 0.9999996423721313, "category": "Natural Elements", "subcategory": "Water Bodies", "coordinate": [35.52925763063966,24.07529354095459], "animalsInDanger": 20, "infraInDanger": ["tower", "school", "tourist office", "house", "stadium", "nurseries", "room", "parking", "road", "office", "nurseries", "kindergraden"], "objectsInDanger": ["Blanket", "Window", "Cupboard", "Pot", "Backpack", "Stool", "Glue", "Coin", "Wallet", "Cupboard", "Pot", "Key", "Spoon", "Dish", "Bicycle", "Fork", "Chair", "Shirt", "Bed", "Book", "Table", "Toothbrush", "Clock", "Bag", "Coin", "Toothbrush", "Whiteboard", "Bag"]}]}