{"_id": {"$oid": "62434aa1692f7f5379d3d2ff"}, "header": {"timestamp": "2022-03-29 18:09:51.052135", "sender": "Visual Analysis", "entity": "video", "simmoid": "372d0e9b-b361-452b-af05-34ee99bced76", "project_id": "82"}, "shotInfo": [

{"shotIdx": 27, "startFrame": "13318", "endFrame": "14339", "objectsFound": [{"type": "building", "probability": 62.581380208333336}, {"type": "sky", "probability": 28.41796875}, {"type": "plant", "probability": 25.120035807291668}, {"type": "car", "probability": 21.96926540798611}, {"type": "tree", "probability": 19.551595052083336}, {"type": "grass", "probability": 3.219943576388889}, {"type": "house", "probability": 5.902777777777778}, {"type": "wall", "probability": 2.3139105902777777}, {"type": "sculpture", "probability": 3.689914279513889}, {"type": "fountain", "probability": 3.9143880208333335}, {"type": "boat", "probability": 0.023139105902777776}, {"type": "water", "probability": 0.012980143229166664}, {"type": "mountain", "probability": 4.689534505208334}], "peopleInDanger": 0, "vehiclesInDanger": 0, "riverOvertop": false, "area": "mansion", "areaProb": 0.18377222222222214, "outdoor": true, "emergencyType": "none", "emergencyProb": 0.9995532018296859, "category": "Production Planning", "subcategory": "Snapshots", "coordinate": [45.55054180487325, 11.548604965209961], "animalsInDanger": 3, "infraInDanger": ["company", "company", "ceiling", "tourist office"], "objectsInDanger": ["Computer", "Sofa", "Banknote", "Coffee maker", "Sweater", "Whiteboard", "Glass", "Chair", "Blouse", "Blouse", "Coffee maker", "Bag", "Table", "Chair", "Knife", "Cupboard", "Sofa", "Bicycle", "Car", "Chair", "Pillow", "Sweater", "Bed", "Computer", "Computer", "Book"]}]}