{"_id": {"$oid": "6213ca0942fde02430089b1b"}, "header": {"timestamp": "2022-02-21 16:39:09.725780", "sender": "Visual Analysis", "entity": "video", "simmoid": "60aeb4e9-f9a5-4470-8a8d-de0694182f7c", "project_id": "1"}, "shotInfo": [

{"shotIdx": 31, "startFrame": "3527", "endFrame": "3648", "objectsFound": [{"type": "sky", "probability": 47.44940863715278}, {"type": "building", "probability": 43.94599066840278}, {"type": "road", "probability": 16.36420355902778}, {"type": "tree", "probability": 5.457899305555555}, {"type": "earth", "probability": 4.763454861111112}, {"type": "field", "probability": 12.64987521701389}], "peopleInDanger": 0, "vehiclesInDanger": 0, "riverOvertop": false, "area": "palace", "areaProb": 0.10868666666666665, "outdoor": true, "emergencyType": "none", "emergencyProb": 0.9994763540370124, "category": "Flood Forecasts", "subcategory": "Flood Results From Model", "coordinate": [45.544777, 11.564912], "animalsInDanger": 20, "infraInDanger": ["university", "stadium"], "objectsInDanger": []}]}