{"_id": {"$oid": "62418d3d32716b72191da410"}, "header": {"timestamp": "2022-03-28 12:44:26.401075", "sender": "Visual Analysis", "entity": "video", "simmoid": "cf798436-e82a-4af5-8de0-c6faeb8069cb", "project_id": "83"}, "shotInfo": [

{"shotIdx": 12, "startFrame": "1885", "endFrame": "1981", "objectsFound": [{"type": "building", "probability": 86.60210503472221}, {"type": "sky", "probability": 4.482014973958334}, {"type": "earth", "probability": 0.014377170138888888}, {"type": "road", "probability": 6.721327039930555}], "peopleInDanger": 0, "vehiclesInDanger": 0, "riverOvertop": false, "area": "alley", "areaProb": 0.48867142857142865, "outdoor": true, "emergencyType": "none", "emergencyProb": 0.9997362362013923, "category": "Infrastructure", "subcategory": "Antennas", "coordinate": [45.559496, 11.5306666], "animalsInDanger": 1, "infraInDanger": ["house", "house", "nurseries", "stadium", "tourist office", "office"], "objectsInDanger": ["Window", "Wallet", "Cup", "Bicycle", "Window", "Toothbrush", "Computer", "Toothbrush", "Table", "Shirt", "Pen"]}]}