{"_id": {"$oid": "6284d57091bb498baba84ece"}, "header": {"timestamp": "2022-05-18 14:15:46.142242", "sender": "Visual Analysis", "entity": "video", "simmoid": "ebaac0ed-267e-4896-a268-dec135a95f9f", "project_id": "citizen"}, "shotInfo": [{"shotIdx": 0, "startFrame": 0, "endFrame": 0, "objectsFound": [{"type": "wall", "probability": 0.454345703125}, {"type": "ceiling", "probability": 0.43748982747395826}, {"type": "railing", "probability": 0.037648518880208336}, {"type": "column", "probability": 0.025238037109375}, {"type": "windowpane", "probability": 0.02399698893229167}, {"type": "clock", "probability": 0.011052449544270836}, {"type": "sculpture", "probability": 0.0074005126953125}, {"type": "stairway", "probability": 0.001347859700520833}, {"type": "lamp", "probability": 0.0010935465494791667}, {"type": "person", "probability": 0.0002543131510416667}, {"type": "chandelier", "probability": 0.00013224283854166666}], "peopleInDanger": 0, "vehiclesInDanger": 0, "riverOvertop": false, "area": "staircase", "areaProb": 0.47450000000000003, "outdoor": true, "emergencyType": "none", "emergencyProb": 0.9999886751174927, "category": "Production Planning", "subcategory": "Restricted Areas", "coordinate": [48.13009, 11.6053], "animalsInDanger": 0, "infraInDanger": ["nurseries", "school", "tower", "tourist office", "school", "office", "house", "university", "university", "kindergraden"], "objectsInDanger": ["Banknote", "Backpack", "Glass", "Whiteboard", "Toothbrush", "Cup", "Book", "Book", "Computer", "Banknote", "Trousers", "Backpack", "Window", "Sink", "Fork", "Table", "Sink", "Sweater", "Book", "Pillow", "Washing machine"]}]}