{"_id": {"$oid": "61ea90eb04d45a5f9f7df411"}, "header": {"timestamp": "2022-01-21 12:19:14.938730", "sender": "Visual Analysis", "entity": "video", "simmoid": "9a9275fa-a37c-4f21-ad45-e92145c601fb", "project_id": "test"}, "shotInfo": [
{"shotIdx": 2, "startFrame": "317", "endFrame": "533", "objectsFound": [{"type": "sea", "probability": 45.42643229166667}, {"type": "mountain", "probability": 37.23551432291667}, {"type": "sky", "probability": 23.32221137152778}, {"type": "earth", "probability": 13.981797960069445}, {"type": "hill", "probability": 8.130560980902777}, {"type": "sand", "probability": 7.212999131944445}, {"type": "building", "probability": 2.054172092013889}], "peopleInDanger": 0, "vehiclesInDanger": 0, "riverOvertop": false, "area": "cliff", "areaProb": 0.18570434782608697, "outdoor": true, "emergencyType": "none", "emergencyProb": 0.999999816601093, "category": "Disaster Management", "subcategory": "Civil Protection Distribution Places", "coordinate": [45.55054180487325,11.548604965209961], "animalsInDanger": 18, "infraInDanger": ["tourist office", "room", "office", "tourist office", "nurseries", "road", "ceiling", "nurseries", "university", "house", "nurseries"], "objectsInDanger": ["Cupboard", "Shirt", "Pencil", "Pencil", "Shirt", "Bag", "Key", "Bookcase", "Fork", "Notebook", "Helmet", "Sofa", "Fork", "Bag", "Wallet"]}]}