{"_id": {"$oid": "6216016f600a435c38d2a295"}, "header": {"timestamp": "2022-02-23 10:39:45.180299", "sender": "Visual Analysis", "entity": "video", "simmoid": "60aeb4e9-f9a5-4470-8a8d-de0694182f7c", "project_id": "1"}, "shotInfo": [

{"shotIdx": 33, "startFrame": "3779", "endFrame": "3922", "objectsFound": [{"type": "building", "probability": 63.27039930555556}, {"type": "wall", "probability": 24.449327256944446}, {"type": "road", "probability": 7.449001736111111}, {"type": "ceiling", "probability": 0.836181640625}], "peopleInDanger": 0, "vehiclesInDanger": 0, "riverOvertop": false, "area": "bar", "areaProb": 0.17472000000000001, "outdoor": true, "emergencyType": "none", "emergencyProb": 0.9999748808997018, "category": "Production Planning", "subcategory": "Sources of Pollution", "coordinate": [45.559496, 11.530666], "animalsInDanger": 3, "infraInDanger": ["parking", "university", "room", "stadium", "office", "university", "tourist office", "university", "ceiling", "house", "stadium", "office"], "objectsInDanger": ["Cup", "Computer", "Paper", "Whiteboard", "Cup", "Window", "Ruler", "Shirt", "Door", "Pen", "Door", "Clock", "Backpack", "Knife", "Notebook", "Blanket", "Pillow", "Coffee maker", "Chair", "Bicycle", "Coffee maker", "Chair", "Stove", "Car", "Washing machine", "Spoon", "Notebook", "Glass", "Toothbrush", "Pot", "Chair", "Bookcase", "Cup", "Blanket", "Sink", "Backpack", "Coin", "Knife", "Trousers", "Whiteboard", "Blouse", "Pot", "Notebook", "Pencil"]}]}