{"_id": {"$oid": "627e35e01d9fa70b677e3517"}, "header": {"timestamp": "2022-05-13 13:41:23.855715", "sender": "Visual Analysis", "entity": "citizen_report", "simmoid": "43c3b7b5-f07c-4984-9b1a-82ba95c589e7", "project_id": 0}, "shotInfo": [{"shotIdx": 0, "startFrame": 0, "endFrame": 0, "objectsFound": [{"type": "computer", "probability": 0.3524932861328125}, {"type": "desk", "probability": 0.21551513671875}, {"type": "monitor", "probability": 0.16143290201822913}, {"type": "wall", "probability": 0.14256795247395834}, {"type": "crt", "probability": 0.09393310546875}, {"type": "ceiling", "probability": 0.014180501302083336}, {"type": "table", "probability": 0.011678059895833336}, {"type": "cabinet", "probability": 0.008051554361979166}, {"type": "lake", "probability": 8.646647135416668e-05}, {"type": "floor", "probability": 5.594889322916666e-05}, {"type": "booth", "probability": 5.086263020833332e-06}], "peopleInDanger": 0, "vehiclesInDanger": 0, "riverOvertop": false, "area": "shopfront", "areaProb": 0.0676, "outdoor": true, "emergencyType": "none", "emergencyProb": 0.9959361553192139, "category": "Accommodation", "subcategory": "Campsites", "coordinate": [48.130089, 11.6053], "animalsInDanger": 7, "infraInDanger": ["parking", "office", "tower", "house", "school", "tower", "office"], "objectsInDanger": ["Banknote", "Cup", "Bicycle", "Cupboard", "Pen", "Bicycle", "Coffee maker", "Trousers", "Bag", "Computer", "Book", "Chair"]}]}