{"_id": {"$oid": "6213ca0942fde02430089b1b"}, "header": {"timestamp": "2022-02-21 16:39:09.725780", "sender": "Visual Analysis", "entity": "video", "simmoid": "60aeb4e9-f9a5-4470-8a8d-de0694182f7c", "project_id": "1"}, "shotInfo": [

{"shotIdx": 28, "startFrame": "3144", "endFrame": "3275", "objectsFound": [{"type": "wall", "probability": 76.47230360243056}, {"type": "ceiling", "probability": 24.871826171875}, {"type": "tree", "probability": 3.3637152777777777}, {"type": "plant", "probability": 2.292209201388889}, {"type": "sky", "probability": 1.032172309027778}, {"type": "building", "probability": 0.9677463107638888}], "peopleInDanger": 0, "vehiclesInDanger": 0, "riverOvertop": false, "area": "church_outdoor", "areaProb": 0.06470000000000001, "outdoor": true, "emergencyType": "none", "emergencyProb": 0.9999645640773158, "category": "Commerce", "subcategory": "Electronics", "coordinate": [45.544777, 11.564912], "animalsInDanger": 7, "infraInDanger": ["university", "parking", "company", "room", "kindergraden", "road", "office", "school", "office", "university", "kindergraden"], "objectsInDanger": ["Sweater", "Clock", "Glass", "Clock", "Pot", "Sofa", "Bed", "Bag", "Fork", "Pen", "Sink", "Book", "Backpack", "Banknote", "Banknote", "Trousers", "Glue", "Blouse", "Door", "Car", "Pot", "Chair", "Washing machine", "Door", "Glue", "Pen", "Banknote", "Spoon", "Blouse", "Helmet", "Sweater", "Glue", "Paper", "Shirt", "Desk", "Fridge", "Chair", "Window", "Cupboard", "Window", "Bicycle", "Pillow", "Whiteboard"]}]}