{"_id": {"$oid": "62345caca6c5bad737135a5e"}, "header": {"timestamp": "2022-03-18 12:19:02.957901", "sender": "Visual Analysis", "entity": "twitter_post", "simmoid": "893739414467354625", "project_id": "14032022"}, "shotInfo": [{"shotIdx": 0, "startFrame": 0, "endFrame": 0, "objectsFound": [{"type": "earth", "probability": 0.3945465087890625}, {"type": "tree", "probability": 0.14051310221354166}, {"type": "fence", "probability": 0.1103057861328125}, {"type": "sky", "probability": 0.10706583658854169}, {"type": "building", "probability": 0.06868998209635417}, {"type": "road", "probability": 0.04902140299479166}, {"type": "house", "probability": 0.04088338216145834}, {"type": "mountain", "probability": 0.02231343587239583}, {"type": "railing", "probability": 0.012908935546875}, {"type": "bus", "probability": 0.012079874674479164}, {"type": "awning", "probability": 0.011042277018229164}, {"type": "car", "probability": 0.008524576822916666}, {"type": "signboard", "probability": 0.005259195963541668}, {"type": "stairs", "probability": 0.003489176432291666}, {"type": "person", "probability": 0.0032196044921875}, {"type": "stairway", "probability": 0.002848307291666666}, {"type": "grass", "probability": 0.002629597981770834}, {"type": "rock", "probability": 0.00201416015625}, {"type": "truck", "probability": 0.001256306966145833}, {"type": "pole", "probability": 0.0011444091796875}, {"type": "van", "probability": 0.00017293294270833337}, {"type": "streetlight", "probability": 7.120768229166667e-05}], "peopleInDanger": 3, "vehiclesInDanger": 1, "riverOvertop": false, "area": "excavation", "areaProb": 0.7572, "outdoor": true, "emergencyType": "flood", "emergencyProb": 0.5869907140731812, "category": "Transportation", "subcategory": "Air Travel", "coordinate": [45.544775, 11.564912], "animalsInDanger": 17, "infraInDanger": ["nurseries", "stadium", "house", "tower", "road", "tower", "office"], "objectsInDanger": ["Banknote", "Pot", "Key", "Desk", "Computer", "Clock", "Whiteboard", "Paper", "Shirt", "Blouse", "Wallet", "Pencil", "Cupboard", "Stove", "Bookcase", "Backpack", "Shoe", "Chair", "Computer", "Book", "Wallet", "Pillow", "Blouse", "Key"]}]}