{"_id": {"$oid": "62345f94ef050214bbaa0496"}, "header": {"timestamp": "2022-03-18 12:31:23.402703", "sender": "Visual Analysis", "entity": "twitter_post", "simmoid": "893728132666191872", "project_id": "14032022"}, "shotInfo": [{"shotIdx": 0, "startFrame": 0, "endFrame": 0, "objectsFound": [{"type": "earth", "probability": 0.39913601345486105}, {"type": "building", "probability": 0.1235690646701389}, {"type": "path", "probability": 0.1016506618923611}, {"type": "mountain", "probability": 0.0704616970486111}, {"type": "dirt", "probability": 0.06366644965277778}, {"type": "rock", "probability": 0.061943901909722224}, {"type": "sky", "probability": 0.06134033203125}, {"type": "grass", "probability": 0.03526475694444445}, {"type": "tree", "probability": 0.02992757161458333}, {"type": "fence", "probability": 0.020107693142361112}, {"type": "person", "probability": 0.0115966796875}, {"type": "railing", "probability": 0.008646647135416666}, {"type": "door", "probability": 0.0035400390625}, {"type": "car", "probability": 0.003384060329861111}, {"type": "road", "probability": 0.002597384982638889}, {"type": "house", "probability": 0.001803927951388889}, {"type": "signboard", "probability": 0.00046793619791666674}, {"type": "truck", "probability": 0.00044759114583333326}, {"type": "streetlight", "probability": 0.0003797743055555556}, {"type": "hovel", "probability": 4.747178819444445e-05}, {"type": "bannister", "probability": 1.3563368055555555e-05}, {"type": "pole", "probability": 6.781684027777777e-06}], "peopleInDanger": 6, "vehiclesInDanger": 0, "riverOvertop": false, "area": "zen_garden", "areaProb": 0.0814, "outdoor": true, "emergencyType": "flood", "emergencyProb": 0.9999054670333862, "category": "Transportation", "subcategory": "Air Travel", "coordinate": [45.544775, 11.564912], "animalsInDanger": 12, "infraInDanger": [], "objectsInDanger": ["Shirt", "Spoon", "Pillow", "Spoon", "Cupboard", "Cup", "Stove", "Window", "Sink", "Pencil", "Shoe", "Blanket", "Pen", "Sink", "Blanket", "Sofa", "Washing machine", "Sink", "Backpack", "Car", "Bookcase", "Cup", "Shoe", "Dish", "Wallet", "Dish", "Knife", "Blanket", "Cupboard", "Cup", "Banknote", "Knife", "Bag", "Blouse", "Table", "Stool", "Chair", "Table", "Paper", "Washing machine", "Spoon", "Stool", "Shoe", "Washing machine", "Shirt", "Helmet"]}]}