{"_id": {"$oid": "6216016f600a435c38d2a295"}, "header": {"timestamp": "2022-02-23 10:39:45.180299", "sender": "Visual Analysis", "entity": "video", "simmoid": "60aeb4e9-f9a5-4470-8a8d-de0694182f7c", "project_id": "1"}, "shotInfo": [

{"shotIdx": 16, "startFrame": "1885", "endFrame": "2008", "objectsFound": [{"type": "building", "probability": 99.505615234375}, {"type": "sculpture", "probability": 1.5597873263888888}], "peopleInDanger": 0, "vehiclesInDanger": 0, "riverOvertop": false, "area": "alley", "areaProb": 0.09568000000000002, "outdoor": true, "emergencyType": "none", "emergencyProb": 0.9999925394852957, "category": "Education", "subcategory": "Nurseries", "coordinate": [48.13009, 11.6053], "animalsInDanger": 11, "infraInDanger": [], "objectsInDanger": ["Banknote", "Door", "Computer", "Coffee maker", "Spoon", "Key", "Cup", "Toothbrush", "Knife", "Bed", "Bag", "Fork", "Toothbrush", "Shoe", "Car", "Blanket", "Desk", "Banknote", "Sweater", "Window", "Blanket", "Blanket", "Paper", "Blouse", "Car", "Banknote"]}]}