{"_id": {"$oid": "62345e8ae75e48cf6b3d0d01"}, "header": {"timestamp": "2022-03-18 12:26:58.242711", "sender": "Visual Analysis", "entity": "twitter_post", "simmoid": "893713122015535104", "project_id": "14032022"}, "shotInfo": [{"shotIdx": 0, "startFrame": 0, "endFrame": 0, "objectsFound": [{"type": "sky", "probability": 0.19185384114583337}, {"type": "earth", "probability": 0.17757161458333337}, {"type": "tree", "probability": 0.12183973524305555}, {"type": "grass", "probability": 0.11247422960069445}, {"type": "wall", "probability": 0.07895914713541667}, {"type": "road", "probability": 0.07811143663194445}, {"type": "building", "probability": 0.05843777126736112}, {"type": "railing", "probability": 0.04774983723958334}, {"type": "car", "probability": 0.03329128689236111}, {"type": "path", "probability": 0.02391221788194444}, {"type": "fence", "probability": 0.023776584201388888}, {"type": "seat", "probability": 0.014851888020833336}, {"type": "truck", "probability": 0.00787353515625}, {"type": "stairs", "probability": 0.005208333333333332}, {"type": "mountain", "probability": 0.004638671875}, {"type": "house", "probability": 0.003214518229166666}, {"type": "sand", "probability": 0.002855088975694445}, {"type": "bench", "probability": 0.002143012152777778}, {"type": "boat", "probability": 0.0014716254340277775}, {"type": "minibike", "probability": 0.001247829861111111}, {"type": "streetlight", "probability": 0.0012139214409722222}, {"type": "cushion", "probability": 0.0008544921875}, {"type": "chair", "probability": 0.0008273654513888888}, {"type": "floor", "probability": 0.0008070203993055555}, {"type": "bannister", "probability": 0.0007798936631944445}, {"type": "pole", "probability": 0.0007731119791666665}, {"type": "stairway", "probability": 0.0007188585069444445}, {"type": "person", "probability": 0.0006442599826388888}, {"type": "bag", "probability": 0.0006035698784722222}, {"type": "water", "probability": 0.0002712673611111111}, {"type": "airplane", "probability": 0.00025092230902777775}, {"type": "hill", "probability": 0.0001898871527777778}, {"type": "sidewalk", "probability": 0.00015597873263888888}, {"type": "field", "probability": 0.00013563368055555556}, {"type": "bridge", "probability": 0.00011528862847222222}, {"type": "cabinet", "probability": 0.00011528862847222222}, {"type": "door", "probability": 4.069010416666666e-05}, {"type": "ceiling", "probability": 2.034505208333333e-05}], "peopleInDanger": 0, "vehiclesInDanger": 4, "riverOvertop": false, "area": "harbor", "areaProb": 0.1893, "outdoor": true, "emergencyType": "flood", "emergencyProb": 0.9995239973068237, "category": "Transportation", "subcategory": "Taxi", "coordinate": [45.544775, 11.564912], "animalsInDanger": 19, "infraInDanger": ["university", "ceiling", "room", "kindergraden", "kindergraden", "university", "university", "road", "university", "tourist office", "nurseries"], "objectsInDanger": ["Clock", "Car", "Ruler", "Door", "Sweater", "Cupboard", "Coffee maker", "Car", "Table", "Cup", "Sofa", "Fork", "Computer", "Cup", "Coffee maker", "Clock", "Backpack", "Ruler", "Pot", "Door", "Bed", "Sweater", "Blouse", "Coin", "Shoe", "Book", "Cupboard", "Stool", "Desk", "Knife", "Helmet", "Trousers", "Desk", "Pot"]}]}