{"_id": {"$oid": "62820e9d6611e02826986a5b"}, "header": {"timestamp": "2022-05-16 11:42:57.524956", "sender": "Visual Analysis", "entity": "twitter_post", "simmoid": "1420640440135524355", "project_id": "144"}, "shotInfo": [{"shotIdx": 0, "startFrame": 0, "endFrame": 0, "objectsFound": [{"type": "person", "probability": 0.7061812347188264}, {"type": "wall", "probability": 0.2707203163202934}, {"type": "flower", "probability": 0.014326100244498777}, {"type": "table", "probability": 0.003863271699266504}, {"type": "seat", "probability": 0.0031756188875305623}, {"type": "shelf", "probability": 0.0012081677872860636}, {"type": "basket", "probability": 0.0004918627750611247}, {"type": "box", "probability": 3.342756723716381e-05}], "peopleInDanger": 0, "vehiclesInDanger": 0, "riverOvertop": false, "area": "restaurant", "areaProb": 0.192, "outdoor": true, "emergencyType": "none", "emergencyProb": 0.99874347448349, "category": "Commerce", "subcategory": "Other Shops", "coordinate": [48.130089, 11.6053], "animalsInDanger": 13, "infraInDanger": ["school", "house", "office", "office", "nurseries", "road", "company", "kindergraden", "company", "house", "nurseries", "room", "tourist office", "company"], "objectsInDanger": ["Sink", "Chair", "Table", "Notebook", "Helmet", "Coin", "Bed", "Bed", "Knife", "Sofa", "Chair", "Fridge", "Fridge", "Backpack", "Coffee maker", "Whiteboard", "Bed", "Shoe", "Key", "Stove", "Bicycle", "Bag", "Toothbrush", "Sofa", "Bicycle", "Trousers"]}]}