{"_id": {"$oid": "6216016f600a435c38d2a295"}, "header": {"timestamp": "2022-02-23 10:39:45.180299", "sender": "Visual Analysis", "entity": "video", "simmoid": "60aeb4e9-f9a5-4470-8a8d-de0694182f7c", "project_id": "1"}, "shotInfo": [

{"shotIdx": 4, "startFrame": "804", "endFrame": "897", "objectsFound": [{"type": "building", "probability": 48.02992078993056}, {"type": "sky", "probability": 26.706949869791668}, {"type": "road", "probability": 16.06377495659722}, {"type": "tree", "probability": 4.900444878472222}, {"type": "mountain", "probability": 0.3974066840277778}, {"type": "wall", "probability": 1.544189453125}], "peopleInDanger": 0, "vehiclesInDanger": 0, "riverOvertop": false, "area": "hotel_outdoor", "areaProb": 0.08731666666666667, "outdoor": true, "emergencyType": "none", "emergencyProb": 0.99991907676061, "category": "Public Services", "subcategory": "Tourist Offices", "coordinate": [48.13009, 11.6053], "animalsInDanger": 2, "infraInDanger": ["road", "university", "room", "road", "house", "parking", "office"], "objectsInDanger": ["Ruler", "Computer", "Car", "Backpack", "Glue", "Washing machine", "Window", "Wallet", "Coffee maker", "Spoon", "Pillow", "Shirt", "Chair", "Bag", "Bookcase", "Whiteboard", "Spoon"]}]}