{"_id": {"$oid": "61ea90eb04d45a5f9f7df411"}, "header": {"timestamp": "2022-01-21 12:19:14.938730", "sender": "Visual Analysis", "entity": "video", "simmoid": "9a9275fa-a37c-4f21-ad45-e92145c601fb", "project_id": "test"}, "shotInfo": [
{"shotIdx": 8, "startFrame": "1182", "endFrame": "1388", "objectsFound": [{"type": "mountain", "probability": 36.48206922743056}, {"type": "sky", "probability": 24.462890625}, {"type": "building", "probability": 19.451904296875}, {"type": "earth", "probability": 10.845947265625}, {"type": "hill", "probability": 8.502875434027777}, {"type": "water", "probability": 19.34814453125}, {"type": "wall", "probability": 5.050998263888888}, {"type": "sea", "probability": 27.55194769965278}, {"type": "house", "probability": 0.5811903211805556}, {"type": "sand", "probability": 2.7655707465277777}], "peopleInDanger": 0, "vehiclesInDanger": 0, "riverOvertop": false, "area": "amphitheater", "areaProb": 0.13442894736842104, "outdoor": true, "emergencyType": "none", "emergencyProb": 0.9999988565639574, "category": "Flood Forecasts", "subcategory": "Flood Results From Model", "coordinate": [45.55054180487325,11.548604965209961], "animalsInDanger": 13, "infraInDanger": ["office", "office", "nurseries", "room", "road", "kindergraden", "house", "office", "room", "house", "tower", "house", "road", "school"], "objectsInDanger": ["Banknote", "Wallet", "Stove", "Knife", "Pencil", "Coin", "Blanket", "Glue", "Washing machine", "Fridge", "Cup", "Pencil", "Bookcase", "Pillow", "Sweater", "Washing machine", "Washing machine", "Cupboard", "Key", "Chair", "Wallet", "Stool", "Sofa", "Knife", "Pencil", "Trousers", "Trousers", "Sweater", "Book", "Bag", "Whiteboard", "Cupboard", "Notebook", "Glass", "Sweater", "Toothbrush", "Window", "Clock", "Blouse", "Shoe", "Key", "Ruler", "Bed"]}]}