{"_id": {"$oid": "62434aa1692f7f5379d3d2ff"}, "header": {"timestamp": "2022-03-29 18:09:51.052135", "sender": "Visual Analysis", "entity": "video", "simmoid": "372d0e9b-b361-452b-af05-34ee99bced76", "project_id": "82"}, "shotInfo": [

{"shotIdx": 8, "startFrame": "4042", "endFrame": "4777", "objectsFound": [{"type": "wall", "probability": 49.20857747395833}, {"type": "sky", "probability": 32.77994791666667}, {"type": "water", "probability": 16.46660698784722}, {"type": "building", "probability": 11.474609375}, {"type": "earth", "probability": 8.894178602430555}, {"type": "sea", "probability": 33.62765842013889}, {"type": "tree", "probability": 5.377197265625}], "peopleInDanger": 0, "vehiclesInDanger": 0, "riverOvertop": false, "area": "canal_urban", "areaProb": 0.32286507936507935, "outdoor": true, "emergencyType": "none", "emergencyProb": 0.998763475516071, "category": "Education", "subcategory": "Secondary Schools", "coordinate": [45.55054180487325, 11.548604965209961], "animalsInDanger": 2, "infraInDanger": ["ceiling"], "objectsInDanger": ["Paper", "Sweater", "Coin", "Key", "Fridge", "Ruler", "Spoon", "Coffee maker", "Fork", "Clock", "Fridge", "Banknote", "Stool", "Sweater", "Pencil", "Pot", "Shirt", "Cupboard", "Paper", "Car"]}]}