{"_id": {"$oid": "6214e98615a6a8e181fbf069"}, "header": {"timestamp": "2022-02-22 15:45:18.187110", "sender": "Visual Analysis", "entity": "video", "simmoid": "1420383997222342656", "project_id": "test"}, "shotInfo": [{"shotIdx": 0, "startFrame": "0", "endFrame": "748", "objectsFound": [{"type": "sea", "probability": 35.07961697048611}, {"type": "sky", "probability": 45.73771158854167}, {"type": "boat", "probability": 42.76326497395833}, {"type": "tree", "probability": 38.5986328125}, {"type": "building", "probability": 22.89157443576389}, {"type": "water", "probability": 54.48472764756944}, {"type": "car", "probability": 0.5744086371527778}, {"type": "road", "probability": 0.9677463107638888}, {"type": "tower", "probability": 0.010511610243055556}, {"type": "wall", "probability": 8.556450737847223}, {"type": "grass", "probability": 3.7556966145833335}, {"type": "plant", "probability": 18.760172526041664}, {"type": "earth", "probability": 10.478379991319445}, {"type": "bench", "probability": 0.03662109375}, {"type": "path", "probability": 0.016737196180555556}, {"type": "chair", "probability": 0.027804904513888888}], "peopleInDanger": 0, "vehiclesInDanger": 0, "riverOvertop": false, "area": "harbor", "areaProb": 0.2627285714285714, "outdoor": true, "emergencyType": "flood", "emergencyProb": 0.7881869077682495, "category": "Education", "subcategory": "Secondary Schools", "coordinate": [35.52925763063966, 24.07529354095459], "animalsInDanger": 3, "infraInDanger": ["road", "house", "office", "stadium", "tower", "house", "tower", "office", "parking", "tower", "stadium", "room"], "objectsInDanger": ["Bookcase", "Fork", "Clock", "Window", "Cup", "Wallet", "Wallet", "Pen", "Pot", "Shirt", "Dish", "Fridge"]}]}