{"_id": {"$oid": "6214e0fa0e54a551b7172a31"}, "header": {"timestamp": "2022-02-22 13:33:36.981597", "sender": "Visual Analysis", "entity": "video", "simmoid": "cf798436-e82a-4af5-8de0-c6faeb8069cb", "project_id": "1"}, "shotInfo": [

{"shotIdx": 12, "startFrame": "1885", "endFrame": "1981", "objectsFound": [{"type": "building", "probability": 87.61325412326389}, {"type": "sky", "probability": 4.988606770833334}, {"type": "earth", "probability": 0.014377170138888888}, {"type": "road", "probability": 8.732096354166668}], "peopleInDanger": 0, "vehiclesInDanger": 0, "riverOvertop": false, "area": "alley", "areaProb": 0.43954210526315796, "outdoor": true, "emergencyType": "none", "emergencyProb": 0.9996555853973735, "category": "Education", "subcategory": "Secondary Schools", "coordinate": [45.55054180487325,11.548604965209961], "animalsInDanger": 14, "infraInDanger": ["ceiling", "nurseries", "kindergraden", "house", "road", "room", "nurseries", "school", "nurseries", "university", "company"], "objectsInDanger": ["Bag", "Computer", "Pencil", "Ruler", "Shirt", "Notebook", "Blouse", "Pot", "Chair", "Blanket", "Backpack", "Ruler", "Computer", "Chair", "Window", "Bag", "Fridge", "Backpack", "Sofa", "Stove", "Dish", "Computer", "Ruler", "Cup", "Backpack", "Pencil", "Toothbrush", "Cupboard", "Clock", "Pen", "Fridge", "Spoon", "Wallet", "Coffee maker"]}]}