{"_id": {"$oid": "6284c371bf84728271056fd2"}, "header": {"timestamp": "2022-05-18 12:58:53.708730", "sender": "Visual Analysis", "entity": "twitter_post", "simmoid": "1420455385501249542", "project_id": "154"}, "shotInfo": [{"shotIdx": 0, "startFrame": 0, "endFrame": 0, "objectsFound": [{"type": "wall", "probability": 0.7521541819852942}, {"type": "person", "probability": 0.24194048713235294}, {"type": "signboard", "probability": 0.005905330882352942}], "peopleInDanger": 0, "vehiclesInDanger": 0, "riverOvertop": false, "area": "market_outdoor", "areaProb": 0.2127, "outdoor": true, "emergencyType": "none", "emergencyProb": 0.9999867677688599, "category": "Transportation", "subcategory": "Air Travel", "coordinate": [35.53375, 24.0650185], "animalsInDanger": 20, "infraInDanger": [], "objectsInDanger": ["Knife", "Key", "Backpack", "Table", "Door", "Pillow", "Backpack", "Bag", "Spoon", "Washing machine", "Bookcase", "Ruler"]}]}