{"_id": {"$oid": "61eac2f87d2bf8167cc41c5e"}, "header": {"timestamp": "2022-01-21 14:12:34.824049", "sender": "Visual Analysis", "entity": "video", "simmoid": "abbb259b-7867-4b8a-ae2f-10becb2a96b5", "project_id": "test"}, "shotInfo": [
{"shotIdx": 3, "startFrame": "1436", "endFrame": "1566", "objectsFound": [{"type": "sea", "probability": 95.94251844618056}, {"type": "earth", "probability": 19.84592013888889}, {"type": "building", "probability": 4.581705729166666}, {"type": "hill", "probability": 1.4879014756944444}, {"type": "mountain", "probability": 5.675591362847222}, {"type": "house", "probability": 0.653076171875}], "peopleInDanger": 0, "vehiclesInDanger": 0, "riverOvertop": false, "area": "field_cultivated", "areaProb": 0.32214, "outdoor": true, "emergencyType": "none", "emergencyProb": 0.9981658478577932, "category": "Natural Elements", "subcategory": "Natura 2000 Sites", "coordinate": [45.55054180487325,11.548604965209961], "animalsInDanger": 18, "infraInDanger": ["university", "university", "road"], "objectsInDanger": ["Book", "Blouse", "Stool", "Table", "Blouse", "Helmet", "Bag", "Table", "Helmet", "Stove", "Notebook", "Bookcase", "Paper", "Door", "Coin", "Table", "Coffee maker", "Helmet", "Pen", "Car", "Helmet", "Ruler", "Table"]}]}