{"_id": {"$oid": "6214e0fa0e54a551b7172a31"}, "header": {"timestamp": "2022-02-22 13:33:36.981597", "sender": "Visual Analysis", "entity": "video", "simmoid": "cf798436-e82a-4af5-8de0-c6faeb8069cb", "project_id": "1"}, "shotInfo": [

{"shotIdx": 13, "startFrame": "1982", "endFrame": "2108", "objectsFound": [{"type": "building", "probability": 93.19729275173611}, {"type": "sky", "probability": 12.556287977430555}, {"type": "flag", "probability": 1.4865451388888888}, {"type": "wall", "probability": 40.93356662326389}, {"type": "ceiling", "probability": 1.4668782552083335}, {"type": "earth", "probability": 1.7618815104166667}, {"type": "door", "probability": 1.751708984375}], "peopleInDanger": 0, "vehiclesInDanger": 0, "riverOvertop": false, "area": "bar", "areaProb": 0.0797181818181818, "outdoor": true, "emergencyType": "none", "emergencyProb": 0.9998262175198259, "category": "Transportation", "subcategory": "Taxi", "coordinate": [45.55054180487325,11.548604965209961], "animalsInDanger": 13, "infraInDanger": ["tourist office", "ceiling", "tourist office", "ceiling", "office", "university"], "objectsInDanger": ["Fridge", "Coin", "Sofa", "Glue", "Trousers", "Desk", "Shoe", "Window", "Pot", "Desk", "Door", "Sink", "Clock", "Pen", "Desk", "Blouse", "Glass", "Blouse", "Sink", "Coffee maker", "Coffee maker", "Table", "Whiteboard", "Fork", "Pencil", "Pot"]}]}