{"_id": {"$oid": "6216016f600a435c38d2a295"}, "header": {"timestamp": "2022-02-23 10:39:45.180299", "sender": "Visual Analysis", "entity": "video", "simmoid": "60aeb4e9-f9a5-4470-8a8d-de0694182f7c", "project_id": "1"}, "shotInfo": [

{"shotIdx": 3, "startFrame": "740", "endFrame": "803", "objectsFound": [{"type": "building", "probability": 61.71196831597222}, {"type": "sky", "probability": 20.78179253472222}, {"type": "tree", "probability": 12.24636501736111}, {"type": "road", "probability": 10.291883680555555}, {"type": "water", "probability": 2.8191460503472223}, {"type": "mountain", "probability": 2.249484592013889}, {"type": "sea", "probability": 0.7520887586805556}, {"type": "grass", "probability": 0.016221788194444444}], "peopleInDanger": 0, "vehiclesInDanger": 0, "riverOvertop": false, "area": "market_outdoor", "areaProb": 0.099825, "outdoor": true, "emergencyType": "none", "emergencyProb": 0.9997768104076385, "category": "Education", "subcategory": "Kindergartens", "coordinate": [48.13009, 11.6053], "animalsInDanger": 14, "infraInDanger": ["room", "tourist office", "road", "parking", "kindergraden", "office", "stadium", "road", "university"], "objectsInDanger": ["Window", "Chair", "Cup", "Glue", "Wallet", "Coffee maker", "Bicycle", "Fork", "Sink", "Fridge", "Paper", "Trousers", "Shoe", "Blanket", "Sofa", "Wallet", "Sofa", "Fork", "Fork", "Cupboard", "Wallet", "Cupboard", "Whiteboard", "Cupboard", "Key", "Dish", "Pillow", "Whiteboard", "Coffee maker", "Washing machine", "Computer", "Ruler", "Whiteboard", "Stool", "Helmet", "Wallet", "Paper", "Stool", "Car", "Computer", "Key", "Toothbrush", "Sweater", "Shirt", "Door", "Table", "Car"]}]}