{"_id": {"$oid": "61e6ac3cdbb500f241d75bdc"}, "header": {"timestamp": "2022-01-18 13:17:23.240082", "sender": "Visual Analysis", "entity": "video", "simmoid": "1420406195626692620", "project_id": "test"}, "shotInfo": 
[{"shotIdx": 2, "startFrame": "434", "endFrame": "435", "objectsFound": [], "peopleInDanger": 0, "vehiclesInDanger": 0, "riverOvertop": false, "area": "none", "outdoor": "none", "emergencyType": "none", "category": "Public Services", "subcategory": "Tourist Offices", "coordinate": [45.544771, 11.564912], "animalsInDanger": 10, "infraInDanger": ["room", "kindergraden", "company"], "objectsInDanger": ["Dish", "Cup", "Cupboard", "Pillow", "Desk", "Ruler", "Car", "Trousers", "Bed", "Blouse", "Toothbrush", "Blouse", "Clock", "Trousers", "Glue", "Trousers", "Pillow", "Bed", "Fridge", "Notebook", "Stool", "Pot", "Shoe", "Sink"]}]}