{"_id": {"$oid": "6213ca0942fde02430089b1b"}, "header": {"timestamp": "2022-02-21 16:39:09.725780", "sender": "Visual Analysis", "entity": "video", "simmoid": "60aeb4e9-f9a5-4470-8a8d-de0694182f7c", "project_id": "1"}, "shotInfo": [

{"shotIdx": 9, "startFrame": "1159", "endFrame": "1251", "objectsFound": [{"type": "building", "probability": 74.69889322916666}, {"type": "road", "probability": 18.66183810763889}, {"type": "sky", "probability": 8.087836371527777}], "peopleInDanger": 0, "vehiclesInDanger": 0, "riverOvertop": false, "area": "courtyard", "areaProb": 0.1709684210526316, "outdoor": true, "emergencyType": "none", "emergencyProb": 0.9999992393312, "category": "Transportation", "subcategory": "Bike Rentals", "coordinate": [45.55054180487325,11.548604965209961], "animalsInDanger": 13, "infraInDanger": ["room", "road", "kindergraden"], "objectsInDanger": ["Desk", "Bag", "Trousers", "Desk", "Bicycle", "Bookcase", "Ruler", "Book", "Blouse", "Toothbrush", "Chair", "Sofa", "Pencil", "Car", "Stool", "Blanket", "Fork", "Spoon", "Fork", "Blouse", "Trousers", "Shirt"]}]}