{"_id": {"$oid": "62434aa1692f7f5379d3d2ff"}, "header": {"timestamp": "2022-03-29 18:09:51.052135", "sender": "Visual Analysis", "entity": "video", "simmoid": "372d0e9b-b361-452b-af05-34ee99bced76", "project_id": "82"}, "shotInfo": [

{"shotIdx": 17, "startFrame": "7780", "endFrame": "9625", "objectsFound": [{"type": "sky", "probability": 42.919921875}, {"type": "mountain", "probability": 19.54345703125}, {"type": "sea", "probability": 27.617051866319443}, {"type": "tree", "probability": 22.467041015625}, {"type": "building", "probability": 33.46964518229167}, {"type": "wall", "probability": 6.032986111111112}, {"type": "road", "probability": 7.106526692708333}, {"type": "earth", "probability": 3.188747829861111}, {"type": "sand", "probability": 1.4377170138888888}], "peopleInDanger": 0, "vehiclesInDanger": 0, "riverOvertop": false, "area": "village", "areaProb": 0.6057076086956522, "outdoor": true, "emergencyType": "none", "emergencyProb": 0.9929913078313288, "category": "Commerce", "subcategory": "Other Shops", "coordinate": [45.55054180487325, 11.548604965209961], "animalsInDanger": 15, "infraInDanger": ["road"], "objectsInDanger": ["Toothbrush", "Pen"]}]}