{"_id": {"$oid": "627cb724d32319b204f069a2"}, "header": {"timestamp": "2022-05-12 10:25:20.443635", "sender": "Visual Analysis", "entity": "video", "simmoid": "cf798436-e82a-4af5-8de0-c6faeb8069cb", "project_id": "118"}, "shotInfo": [

{"shotIdx": 11, "startFrame": "1692", "endFrame": "1884", "objectsFound": [{"type": "building", "probability": 74.68355291811847}, {"type": "sky", "probability": 17.051393728222997}, {"type": "wall", "probability": 42.606026785714285}, {"type": "ceiling", "probability": 17.839449041811847}, {"type": "table", "probability": 0.3790559668989547}], "peopleInDanger": 0, "vehiclesInDanger": 0, "riverOvertop": false, "area": "wind_farm", "areaProb": 0.1313076923076923, "outdoor": true, "emergencyType": "none", "emergencyProb": 0.9999945602918926, "category": "Disaster Management", "subcategory": "Flooded Reports", "coordinate": [45.55054180487325, 11.548604965209961], "animalsInDanger": 2, "infraInDanger": ["parking", "tourist office", "ceiling", "tourist office", "company", "nurseries", "road", "stadium", "nurseries"], "objectsInDanger": ["Stove", "Blanket", "Bicycle", "Wallet", "Computer", "Car", "Bed", "Shoe", "Bookcase", "Pot", "Window", "Clock", "Shirt", "Clock", "Coffee maker", "Pen", "Glue", "Dish", "Banknote", "Fork", "Sofa", "Washing machine", "Cup", "Window", "Car", "Shoe", "Spoon", "Desk", "Fridge", "Glass", "Paper", "Pencil", "Car", "Banknote", "Notebook", "Door", "Bed"]}]}