{"_id": {"$oid": "6213ca0942fde02430089b1b"}, "header": {"timestamp": "2022-02-21 16:39:09.725780", "sender": "Visual Analysis", "entity": "video", "simmoid": "60aeb4e9-f9a5-4470-8a8d-de0694182f7c", "project_id": "1"}, "shotInfo": [

{"shotIdx": 34, "startFrame": "3923", "endFrame": "4070", "objectsFound": [{"type": "wall", "probability": 74.99660915798611}, {"type": "building", "probability": 28.65532769097222}, {"type": "sky", "probability": 12.602403428819445}, {"type": "ceiling", "probability": 9.674072265625}, {"type": "mountain", "probability": 10.881890190972223}, {"type": "earth", "probability": 1.6933865017361112}, {"type": "sculpture", "probability": 1.4261881510416665}], "peopleInDanger": 0, "vehiclesInDanger": 0, "riverOvertop": false, "area": "indoor", "areaProb": 0.11534074074074072, "outdoor": false, "emergencyType": "none", "emergencyProb": 0.999973452091217, "category": "Flood Forecasts", "subcategory": "Flood Results From Model", "coordinate": [45.544777, 11.564912], "animalsInDanger": 9, "infraInDanger": ["tourist office", "office", "university", "parking", "house", "stadium", "kindergraden", "stadium", "tourist office", "nurseries", "nurseries", "tourist office", "parking", "parking"], "objectsInDanger": ["Paper", "Ruler", "Clock", "Sink", "Cupboard", "Dish", "Fridge", "Key"]}]}