{"_id": {"$oid": "6213ca0942fde02430089b1b"}, "header": {"timestamp": "2022-02-21 16:39:09.725780", "sender": "Visual Analysis", "entity": "video", "simmoid": "60aeb4e9-f9a5-4470-8a8d-de0694182f7c", "project_id": "1"}, "shotInfo": [

{"shotIdx": 26, "startFrame": "2892", "endFrame": "3017", "objectsFound": [{"type": "sky", "probability": 66.54391818576389}, {"type": "building", "probability": 29.69902886284722}, {"type": "flag", "probability": 7.514105902777778}, {"type": "earth", "probability": 4.032389322916666}], "peopleInDanger": 0, "vehiclesInDanger": 0, "riverOvertop": false, "area": "motel", "areaProb": 0.11519000000000001, "outdoor": true, "emergencyType": "none", "emergencyProb": 0.9999999835573393, "category": "Public Services", "subcategory": "Tourist Offices", "coordinate": [45.544777, 11.564912], "animalsInDanger": 2, "infraInDanger": ["house", "tower", "company", "tourist office"], "objectsInDanger": ["Spoon", "Key", "Whiteboard", "Clock", "Fork", "Helmet", "Stool", "Coffee maker", "Whiteboard", "Helmet", "Clock"]}]}