{"_id": {"$oid": "62b4327ba8d96e104c0de316"}, "header": {"timestamp": "2022-06-23 12:29:11.308601", "sender": "Visual Analysis", "entity": "twitter_post", "simmoid": "1420526992483667969", "project_id": "154"}, "shotInfo": [{"shotIdx": 0, "startFrame": 0, "endFrame": 0, "objectsFound": [{"type": "curtain", "probability": 0.437127521393643}, {"type": "floor", "probability": 0.24436984260391198}, {"type": "animal", "probability": 0.201515701405868}, {"type": "wall", "probability": 0.07122459504889976}, {"type": "person", "probability": 0.04359432304400978}, {"type": "sculpture", "probability": 0.001050580684596577}, {"type": "flag", "probability": 0.0005396164425427873}, {"type": "table", "probability": 0.00038202933985330076}, {"type": "sky", "probability": 0.00014803636919315404}, {"type": "pole", "probability": 1.9101466992665037e-05}, {"type": "seat", "probability": 1.9101466992665037e-05}, {"type": "palm", "probability": 9.550733496332518e-06}], "peopleInDanger": 0, "vehiclesInDanger": 0, "riverOvertop": false, "area": "fire_escape", "areaProb": 0.0696, "outdoor": true, "emergencyType": "none", "emergencyProb": 1, "category": "Production Planning", "subcategory": "Sources of Pollution", "coordinate": [48.13009, 11.6053], "animalsInDanger": 11, "infraInDanger": ["office", "road", "office", "room", "nurseries", "office", "office", "house", "office", "parking", "road", "office", "room"], "objectsInDanger": ["Helmet", "Banknote", "Sofa", "Cupboard", "Stove", "Trousers", "Whiteboard", "Sweater", "Clock", "Pencil", "Stool", "Pillow", "Pillow", "Whiteboard", "Sofa", "Whiteboard", "Stool"]}]}