{"_id": {"$oid": "627cb724d32319b204f069a2"}, "header": {"timestamp": "2022-05-12 10:25:20.443635", "sender": "Visual Analysis", "entity": "video", "simmoid": "cf798436-e82a-4af5-8de0-c6faeb8069cb", "project_id": "118"}, "shotInfo": [

{"shotIdx": 8, "startFrame": "1378", "endFrame": "1479", "objectsFound": [{"type": "sky", "probability": 43.37842987804878}, {"type": "water", "probability": 16.48178898083624}, {"type": "sea", "probability": 38.97811411149826}, {"type": "mountain", "probability": 11.1055912456446}, {"type": "earth", "probability": 1.8864329268292683}, {"type": "boat", "probability": 4.194795296167247}, {"type": "building", "probability": 1.3807981271777003}, {"type": "runway", "probability": 1.2181511324041812}, {"type": "sand", "probability": 7.237451001742161}, {"type": "ship", "probability": 1.8510452961672474}], "peopleInDanger": 0, "vehiclesInDanger": 0, "riverOvertop": false, "area": "harbor", "areaProb": 0.23648, "outdoor": true, "emergencyType": "none", "emergencyProb": 0.9467295706272125, "category": "Production Planning", "subcategory": "Snapshots", "coordinate": [45.55054180487325, 11.548604965209961], "animalsInDanger": 20, "infraInDanger": ["kindergraden", "parking", "tourist office", "tower", "road", "ceiling", "office", "tower", "company", "parking", "road"], "objectsInDanger": ["Whiteboard", "Door", "Desk", "Spoon", "Sink", "Toothbrush", "Pencil", "Pillow", "Wallet", "Glue", "Window", "Backpack", "Blouse", "Desk", "Key", "Wallet", "Clock", "Sofa", "Shoe", "Chair", "Coin", "Book", "Dish", "Door", "Toothbrush", "Door", "Glue", "Pot", "Table", "Window", "Pencil"]}]}