{"_id": {"$oid": "61ea84e0a2bb324c5a3ad0f6"}, "header": {"timestamp": "2022-01-21 10:38:25.697248", "sender": "Visual Analysis", "entity": "video", "simmoid": "1420406195626692620", "project_id": "test"}, "shotInfo": [

{"shotIdx": 2, "startFrame": "434", "endFrame": "435", "objectsFound": [], "peopleInDanger": 0, "vehiclesInDanger": 0, "riverOvertop": false, "area": "none", "outdoor": "none", "emergencyType": "none", "category": "Infrastructure", "subcategory": "Antennas", "coordinate": [45.55054180487325,11.548604965209961], "animalsInDanger": 15, "infraInDanger": ["school", "house", "office"], "objectsInDanger": ["Shirt", "Desk", "Shirt", "Bookcase", "Coffee maker", "Chair", "Blouse", "Bookcase", "Bicycle", "Stove", "Ruler", "Blanket", "Spoon", "Pencil", "Bag", "Cup", "Fork", "Paper", "Bag", "Glass", "Pen", "Book", "Bag", "Key", "Coffee maker", "Helmet"]}]}