{"_id": {"$oid": "6284c2febf84728271056fd1"}, "header": {"timestamp": "2022-05-18 12:57:01.121278", "sender": "Visual Analysis", "entity": "twitter_post", "simmoid": "1420455662413402123", "project_id": "154"}, "shotInfo": [{"shotIdx": 0, "startFrame": 0, "endFrame": 0, "objectsFound": [{"type": "wall", "probability": 0.7521541819852942}, {"type": "person", "probability": 0.24194048713235294}, {"type": "signboard", "probability": 0.005905330882352942}], "peopleInDanger": 0, "vehiclesInDanger": 0, "riverOvertop": false, "area": "market_outdoor", "areaProb": 0.2127, "outdoor": true, "emergencyType": "none", "emergencyProb": 0.9999867677688599, "category": "Disaster Management", "subcategory": "Flooded Reports", "coordinate": [35.53375, 24.0650185], "animalsInDanger": 20, "infraInDanger": ["house", "university", "office", "tourist office", "parking", "university", "tourist office", "company", "nurseries", "road", "road", "university"], "objectsInDanger": ["Book", "Shoe", "Bookcase", "Glass", "Backpack", "Wallet", "Dish", "Washing machine", "Pillow", "Ruler", "Key", "Window", "Coin", "Window", "Glue", "Book", "Blanket", "Toothbrush", "Computer", "Book", "Pen"]}]}