{"_id": {"$oid": "6241aec2a8da5dc100eff0ea"}, "header": {"timestamp": "2022-03-28 15:10:29.620942", "sender": "Visual Analysis", "entity": "video", "simmoid": "cf798436-e82a-4af5-8de0-c6faeb8069cb", "project_id": "85"}, "shotInfo": [

{"shotIdx": 11, "startFrame": "1692", "endFrame": "1884", "objectsFound": [{"type": "building", "probability": 67.54692925347221}, {"type": "sky", "probability": 35.24034288194444}, {"type": "wall", "probability": 46.94417317708333}, {"type": "ceiling", "probability": 6.233045789930555}], "peopleInDanger": 0, "vehiclesInDanger": 0, "riverOvertop": false, "area": "wind_farm", "areaProb": 0.1450090909090909, "outdoor": true, "emergencyType": "none", "emergencyProb": 0.9999946983237016, "category": "Education", "subcategory": "Secondary Schools", "coordinate": [45.544775, 11.564912], "animalsInDanger": 14, "infraInDanger": ["office", "university", "tourist office", "nurseries", "school", "university", "parking", "house", "company", "office", "kindergraden"], "objectsInDanger": ["Dish", "Shoe", "Blanket", "Window", "Pot", "Cupboard", "Stove", "Ruler", "Bicycle", "Key"]}]}