{"_id": {"$oid": "623c9aaf7d9e4cd180c9a6f8"}, "header": {"timestamp": "2022-03-24 17:42:23.152261", "sender": "Visual Analysis", "entity": "video", "simmoid": "cf798436-e82a-4af5-8de0-c6faeb8069cb", "project_id": "20"}, "shotInfo": [

{"shotIdx": 16, "startFrame": "2313", "endFrame": "2422", "objectsFound": [{"type": "building", "probability": 97.28529188368056}, {"type": "sky", "probability": 3.4166124131944446}, {"type": "tree", "probability": 1.519775390625}, {"type": "wall", "probability": 0.885009765625}], "peopleInDanger": 0, "vehiclesInDanger": 0, "riverOvertop": false, "area": "staircase", "areaProb": 0.078, "outdoor": true, "emergencyType": "none", "emergencyProb": 0.9999686717987061, "category": "Production Planning", "subcategory": "Sources of Pollution", "coordinate": [45.55054180487325,11.548604965209961], "animalsInDanger": 20, "infraInDanger": [], "objectsInDanger": ["Washing machine", "Spoon", "Trousers", "Washing machine", "Dish", "Pillow", "Bed", "Trousers", "Coin", "Sofa", "Sofa", "Blanket", "Helmet", "Stool", "Table", "Stool", "Car", "Glue", "Knife", "Glue", "Sweater", "Pen", "Stove", "Book", "Fork", "Bag", "Computer", "Cup", "Car", "Pencil", "Book", "Key", "Window", "Shirt", "Sink", "Bookcase", "Bag", "Toothbrush", "Knife", "Pencil", "Paper", "Shoe", "Backpack", "Sofa", "Pot", "Blouse", "Dish", "Cup", "Sweater"]}]}