{"_id": {"$oid": "627e23e43a281143c40f2b5e"}, "header": {"timestamp": "2022-05-13 12:24:42.951300", "sender": "Visual Analysis", "entity": "citizen_report", "simmoid": "70b3b6b5-797b-4c9e-a53c-77905e9954a2", "project_id": 0}, "shotInfo": [{"shotIdx": 0, "startFrame": 0, "endFrame": 0, "objectsFound": [{"type": "floor", "probability": 0.38983154296875}, {"type": "wall", "probability": 0.382080078125}, {"type": "table", "probability": 0.10657246907552081}, {"type": "bottle", "probability": 0.0943145751953125}, {"type": "bed", "probability": 0.013529459635416664}, {"type": "glass", "probability": 0.005193074544270832}, {"type": "desk", "probability": 0.002802530924479166}, {"type": "clock", "probability": 0.0023040771484375}, {"type": "lamp", "probability": 0.0020192464192708335}, {"type": "ball", "probability": 0.0006968180338541665}, {"type": "signboard", "probability": 0.0002797444661458333}, {"type": "ceiling", "probability": 0.00020853678385416663}, {"type": "painting", "probability": 0.000152587890625}, {"type": "tray", "probability": 1.0172526041666664e-05}, {"type": "bicycle", "probability": 5.086263020833332e-06}], "peopleInDanger": 0, "vehiclesInDanger": 0, "riverOvertop": false, "area": "restaurant", "areaProb": 0.1592, "outdoor": true, "emergencyType": "none", "emergencyProb": 0.9999583959579468, "category": "Production Planning", "subcategory": "Restricted Areas", "coordinate": [48.14244, 11.568903], "animalsInDanger": 7, "infraInDanger": ["house", "kindergraden", "school", "nurseries", "school", "road", "nurseries"], "objectsInDanger": ["Ruler", "Dish", "Clock", "Whiteboard", "Wallet", "Whiteboard", "Car", "Bicycle", "Sofa", "Whiteboard", "Stove", "Glue", "Notebook", "Car", "Notebook", "Pencil", "Sweater", "Key", "Washing machine", "Door", "Glue"]}]}