{"_id": {"$oid": "62430bc8e6d3068eca396a4a"}, "header": {"timestamp": "2022-03-29 16:02:36.107553", "sender": "Visual Analysis", "entity": "video", "simmoid": "cf798436-e82a-4af5-8de0-c6faeb8069cb", "project_id": "82"}, "shotInfo": [

{"shotIdx": 4, "startFrame": "977", "endFrame": "1042", "objectsFound": [{"type": "sea", "probability": 33.90435112847222}, {"type": "tree", "probability": 21.710205078125}, {"type": "sky", "probability": 21.085611979166664}, {"type": "building", "probability": 7.636854383680555}, {"type": "boat", "probability": 6.028917100694445}, {"type": "mountain", "probability": 5.827501085069445}, {"type": "house", "probability": 3.839111328125}, {"type": "wall", "probability": 1.6384548611111112}, {"type": "plant", "probability": 4.494222005208334}, {"type": "water", "probability": 0.019002278645833332}], "peopleInDanger": 0, "vehiclesInDanger": 0, "riverOvertop": false, "area": "canal_urban", "areaProb": 0.09274, "outdoor": true, "emergencyType": "none", "emergencyProb": 0.9983596305052439, "category": "Transportation", "subcategory": "Air Travel", "coordinate": [45.55054180487325,11.548604965209961], "animalsInDanger": 20, "infraInDanger": ["tower", "company", "ceiling", "room", "office", "office", "office", "nurseries", "house"], "objectsInDanger": ["Computer", "Pencil", "Computer", "Stove", "Fork", "Car", "Blouse", "Fridge", "Coin"]}]}