{"_id": {"$oid": "6216016f600a435c38d2a295"}, "header": {"timestamp": "2022-02-23 10:39:45.180299", "sender": "Visual Analysis", "entity": "video", "simmoid": "60aeb4e9-f9a5-4470-8a8d-de0694182f7c", "project_id": "1"}, "shotInfo": [

{"shotIdx": 13, "startFrame": "1506", "endFrame": "1756", "objectsFound": [{"type": "building", "probability": 5.586073133680555}, {"type": "wall", "probability": 89.52365451388889}, {"type": "ceiling", "probability": 19.028727213541664}], "peopleInDanger": 0, "vehiclesInDanger": 0, "riverOvertop": false, "area": "doorway_outdoor", "areaProb": 0.06257272727272727, "outdoor": true, "emergencyType": "none", "emergencyProb": 0.9999647935231527, "category": "Disaster Management", "subcategory": "Civil Protection Distribution Places", "coordinate": [48.13009, 11.6053], "animalsInDanger": 18, "infraInDanger": ["road", "ceiling", "nurseries", "office", "university", "ceiling", "nurseries", "university", "house", "ceiling", "tourist office", "road", "parking", "tower"], "objectsInDanger": ["Sweater", "Sweater", "Table", "Bicycle", "Shoe", "Bag", "Washing machine", "Shirt", "Pillow", "Bag", "Bookcase", "Toothbrush", "Pillow", "Chair", "Glue", "Notebook", "Bicycle", "Knife", "Sweater", "Bed", "Fork", "Bed", "Toothbrush", "Paper", "Book", "Bicycle", "Coin", "Notebook", "Door"]}]}