{"_id": {"$oid": "6234611567d3914b66bd9109"}, "header": {"timestamp": "2022-03-18 12:38:04.273735", "sender": "Visual Analysis", "entity": "twitter_post", "simmoid": "893708365557268480", "project_id": "14032022"}, "shotInfo": [{"shotIdx": 0, "startFrame": 0, "endFrame": 0, "objectsFound": [{"type": "tree", "probability": 0.3587799072265625}, {"type": "field", "probability": 0.21783447265625}, {"type": "road", "probability": 0.10188802083333331}, {"type": "house", "probability": 0.08385721842447919}, {"type": "grass", "probability": 0.071929931640625}, {"type": "sky", "probability": 0.04757181803385416}, {"type": "earth", "probability": 0.04351298014322916}, {"type": "building", "probability": 0.0312042236328125}, {"type": "fence", "probability": 0.013270060221354164}, {"type": "mountain", "probability": 0.0085601806640625}, {"type": "person", "probability": 0.006108601888020832}, {"type": "car", "probability": 0.004292805989583333}, {"type": "bridge", "probability": 0.00244140625}, {"type": "sidewalk", "probability": 0.0023091634114583335}, {"type": "wall", "probability": 0.0022379557291666665}, {"type": "dirt", "probability": 0.001398722330729167}, {"type": "sand", "probability": 0.001307169596354167}, {"type": "plant", "probability": 0.0008341471354166665}, {"type": "path", "probability": 0.0006052652994791666}, {"type": "signboard", "probability": 5.086263020833334e-05}, {"type": "windowpane", "probability": 5.086263020833332e-06}], "peopleInDanger": 0, "vehiclesInDanger": 0, "riverOvertop": false, "area": "formal_garden", "areaProb": 0.1816, "outdoor": true, "emergencyType": "none", "emergencyProb": 0.728308916091919, "category": "Production Planning", "subcategory": "Restricted Areas", "coordinate": [45.544775, 11.564912], "animalsInDanger": 5, "infraInDanger": ["tower", "stadium", "parking", "office", "tower", "road", "road", "tourist office", "road", "ceiling", "kindergraden", "house", "office", "nurseries", "kindergraden"], "objectsInDanger": ["Pot", "Washing machine", "Sink", "Window", "Glass", "Washing machine", "Washing machine", "Bicycle", "Fork", "Blanket", "Chair", "Helmet", "Shirt", "Bag", "Bed", "Trousers"]}]}