{"_id": {"$oid": "62b43a4dbcf59a1cde9cb2c8"}, "header": {"timestamp": "2022-06-23 13:02:42.222028", "sender": "Visual Analysis", "entity": "twitter_post", "simmoid": "1420506162089406464", "project_id": "154"}, "shotInfo": [{"shotIdx": 0, "startFrame": 0, "endFrame": 0, "objectsFound": [{"type": "grandstand", "probability": 0.40399903775659823}, {"type": "person", "probability": 0.30438393511730205}, {"type": "grass", "probability": 0.1974546370967742}, {"type": "wall", "probability": 0.04700100806451613}, {"type": "animal", "probability": 0.01849454728739003}, {"type": "fence", "probability": 0.016449780058651026}, {"type": "ball", "probability": 0.008350898093841642}, {"type": "floor", "probability": 0.0023941532258064517}, {"type": "field", "probability": 0.0014720032991202344}], "peopleInDanger": 0, "vehiclesInDanger": 0, "riverOvertop": false, "area": "athletic_field_outdoor", "areaProb": 0.9995999999999999, "outdoor": true, "emergencyType": "none", "emergencyProb": 0.9998698234558105, "category": "Education", "subcategory": "Secondary Schools", "coordinate": [48.13009, 11.6053], "animalsInDanger": 18, "infraInDanger": ["office", "stadium", "company", "company", "ceiling", "company", "ceiling"], "objectsInDanger": ["Sofa", "Bicycle", "Window", "Fridge", "Washing machine", "Blouse", "Trousers", "Bed", "Door", "Pencil", "Bag", "Notebook", "Pot", "Washing machine", "Cup", "Toothbrush", "Blanket", "Glue", "Banknote", "Cup", "Fridge", "Dish", "Notebook", "Stool", "Desk", "Blanket", "Desk", "Door", "Dish", "Bag", "Coin", "Blanket", "Coin", "Stove", "Glue", "Whiteboard", "Book", "Computer", "Washing machine", "Glue", "Cup", "Sofa", "Fridge", "Sink", "Sofa", "Sink", "Desk", "Dish", "Bed"]}]}