{"_id": {"$oid": "62430bc8e6d3068eca396a4a"}, "header": {"timestamp": "2022-03-29 16:02:36.107553", "sender": "Visual Analysis", "entity": "video", "simmoid": "cf798436-e82a-4af5-8de0-c6faeb8069cb", "project_id": "82"}, "shotInfo": [

{"shotIdx": 9, "startFrame": "1481", "endFrame": "1575", "objectsFound": [{"type": "sky", "probability": 35.36512586805556}, {"type": "earth", "probability": 13.392469618055555}, {"type": "sea", "probability": 10.09250217013889}, {"type": "sand", "probability": 27.264404296875}, {"type": "building", "probability": 3.8099500868055554}, {"type": "tree", "probability": 5.378553602430555}, {"type": "boat", "probability": 5.638970269097222}, {"type": "car", "probability": 3.8743760850694446}, {"type": "water", "probability": 1.6879611545138888}], "peopleInDanger": 0, "vehiclesInDanger": 0, "riverOvertop": false, "area": "parking_lot", "areaProb": 0.11101428571428572, "outdoor": true, "emergencyType": "none", "emergencyProb": 0.6135002493858337, "category": "Medical", "subcategory": "Doctors", "coordinate": [45.55054180487325,11.548604965209961], "animalsInDanger": 19, "infraInDanger": ["tourist office", "kindergraden", "office", "stadium", "company", "tourist office", "room", "house", "nurseries", "stadium", "school", "nurseries", "stadium", "school"], "objectsInDanger": ["Dish", "Window", "Toothbrush", "Fork", "Wallet", "Knife", "Bookcase", "Trousers", "Whiteboard", "Glue", "Computer", "Shirt", "Car", "Cupboard", "Pillow", "Spoon", "Pencil", "Pen", "Bed", "Key", "Desk", "Pot", "Clock", "Whiteboard", "Ruler", "Spoon", "Coin", "Glass", "Helmet", "Ruler", "Fork", "Sink", "Fork", "Cupboard", "Pencil", "Whiteboard", "Ruler", "Dish", "Coin"]}]}