{"_id": {"$oid": "62418d3d32716b72191da410"}, "header": {"timestamp": "2022-03-28 12:44:26.401075", "sender": "Visual Analysis", "entity": "video", "simmoid": "cf798436-e82a-4af5-8de0-c6faeb8069cb", "project_id": "83"}, "shotInfo": [

{"shotIdx": 4, "startFrame": "977", "endFrame": "1042", "objectsFound": [{"type": "sea", "probability": 33.90435112847222}, {"type": "tree", "probability": 21.710205078125}, {"type": "sky", "probability": 21.085611979166664}, {"type": "building", "probability": 7.636854383680555}, {"type": "boat", "probability": 6.028917100694445}, {"type": "mountain", "probability": 5.827501085069445}, {"type": "house", "probability": 3.839111328125}, {"type": "wall", "probability": 1.6384548611111112}, {"type": "plant", "probability": 4.494222005208334}, {"type": "water", "probability": 0.019002278645833332}], "peopleInDanger": 0, "vehiclesInDanger": 0, "riverOvertop": false, "area": "canal_urban", "areaProb": 0.09274, "outdoor": true, "emergencyType": "none", "emergencyProb": 0.9983596305052439, "category": "Commerce", "subcategory": "Electronics", "coordinate": [45.559496, 11.5306666], "animalsInDanger": 8, "infraInDanger": ["parking", "office", "company", "school", "house", "kindergraden", "school", "university", "tower"], "objectsInDanger": ["Door", "Door", "Bag", "Cupboard", "Bag", "Bag", "Computer", "Dish", "Bed", "Washing machine", "Washing machine", "Key", "Computer", "Chair", "Wallet", "Whiteboard", "Shoe", "Pot", "Washing machine", "Dish", "Cup", "Bag", "Glass", "Dish", "Key", "Notebook", "Pot", "Banknote", "Banknote", "Pot", "Door", "Shoe", "Car", "Fridge", "Stool", "Sweater", "Glass", "Cupboard", "Stove", "Spoon", "Car"]}]}