{"_id": {"$oid": "620145b21622298797a5e7a5"}, "header": {"timestamp": "2022-02-07 14:35:53.992469", "sender": "Visual Analysis", "entity": "video", "simmoid": "ba77ab03-1220-442b-a73f-3173ac9724d5", "project_id": "test"}, "shotInfo": [{"shotIdx": 1, "startFrame": "86", "endFrame": "3905", "objectsFound": [{"type": "earth", "probability": 68.11370849609375}, {"type": "tree", "probability": 37.83009847005208}, {"type": "road", "probability": 66.99727376302084}, {"type": "building", "probability": 24.515279134114586}, {"type": "person", "probability": 6.630961100260417}, {"type": "sky", "probability": 54.098002115885414}, {"type": "car", "probability": 5.6640625}, {"type": "grass", "probability": 24.241129557291664}, {"type": "wall", "probability": 19.371541341145836}, {"type": "sculpture", "probability": 3.8080851236979165}, {"type": "water", "probability": 37.66988118489583}, {"type": "ceiling", "probability": 4.216512044270834}, {"type": "table", "probability": 4.6630859375}, {"type": "fountain", "probability": 4.244486490885416}, {"type": "path", "probability": 19.195556640625}, {"type": "river", "probability": 2.3834228515625}, {"type": "mountain", "probability": 46.93247477213542}, {"type": "plant", "probability": 37.04325358072917}, {"type": "sea", "probability": 70.10142008463541}, {"type": "sand", "probability": 5.57708740234375}, {"type": "hill", "probability": 3.1824747721354165}, {"type": "field", "probability": 2.0782470703125}, {"type": "boat", "probability": 1.6357421875}, {"type": "house", "probability": 1.34429931640625}], "peopleInDanger": 1, "vehiclesInDanger": 0, "riverOvertop": false, "area": "village", "areaProb": 0.1817892156862745, "outdoor": true, "emergencyType": "none", "emergencyProb": 0.9605224645800061, "category": "Education", "subcategory": "Universities", "coordinate": [35.524678, 24.08434], "animalsInDanger": 7, "infraInDanger": ["room", "ceiling", "parking", "office", "company", "office", "university", "ceiling", "ceiling", "university", "university", "office", "office", "road", "stadium"], "objectsInDanger": ["Pencil", "Notebook", "Pen", "Shoe", "Trousers", "Fridge", "Whiteboard", "Table", "Knife", "Bed", "Knife", "Backpack", "Coin", "Bag", "Blouse", "Dish", "Fridge", "Bookcase", "Fridge", "Blouse", "Bicycle", "Coffee maker", "Desk", "Book", "Blouse"]}]}