{"_id": {"$oid": "623c9aaf7d9e4cd180c9a6f8"}, "header": {"timestamp": "2022-03-24 17:42:23.152261", "sender": "Visual Analysis", "entity": "video", "simmoid": "cf798436-e82a-4af5-8de0-c6faeb8069cb", "project_id": "20"}, "shotInfo": [

{"shotIdx": 9, "startFrame": "1481", "endFrame": "1575", "objectsFound": [{"type": "sky", "probability": 35.36512586805556}, {"type": "earth", "probability": 13.392469618055555}, {"type": "sea", "probability": 10.09250217013889}, {"type": "sand", "probability": 27.264404296875}, {"type": "building", "probability": 3.8099500868055554}, {"type": "tree", "probability": 5.378553602430555}, {"type": "boat", "probability": 5.638970269097222}, {"type": "car", "probability": 3.8743760850694446}, {"type": "water", "probability": 1.6879611545138888}], "peopleInDanger": 0, "vehiclesInDanger": 0, "riverOvertop": false, "area": "parking_lot", "areaProb": 0.11101428571428572, "outdoor": true, "emergencyType": "none", "emergencyProb": 0.6135002493858337, "category": "Commerce", "subcategory": "Clothing", "coordinate": [48.142446, 11.568903], "animalsInDanger": 7, "infraInDanger": ["road", "university", "ceiling", "school", "kindergraden", "parking", "nurseries", "room", "parking", "nurseries", "kindergraden", "nurseries", "tower", "parking", "road"], "objectsInDanger": ["Spoon", "Toothbrush", "Computer", "Computer", "Door", "Fork", "Pillow", "Door", "Fork", "Bag", "Dish", "Banknote", "Whiteboard", "Fridge", "Coin", "Desk", "Pot", "Bicycle", "Trousers", "Knife", "Door", "Ruler", "Sweater", "Bag", "Chair", "Blouse", "Bookcase", "Ruler", "Window", "Blanket", "Bed", "Pen", "Sweater", "Knife", "Dish", "Trousers", "Blouse", "Chair", "Stool", "Ruler", "Desk", "Bicycle", "Coffee maker", "Bookcase", "Clock", "Pot", "Fork", "Door", "Bookcase"]}]}