{"_id": {"$oid": "6214e0fa0e54a551b7172a31"}, "header": {"timestamp": "2022-02-22 13:33:36.981597", "sender": "Visual Analysis", "entity": "video", "simmoid": "cf798436-e82a-4af5-8de0-c6faeb8069cb", "project_id": "1"}, "shotInfo": [

{"shotIdx": 11, "startFrame": "1692", "endFrame": "1884", "objectsFound": [{"type": "building", "probability": 69.40104166666666}, {"type": "sky", "probability": 35.70014105902778}, {"type": "wall", "probability": 49.19840494791667}, {"type": "ceiling", "probability": 6.233045789930555}], "peopleInDanger": 0, "vehiclesInDanger": 0, "riverOvertop": false, "area": "wind_farm", "areaProb": 0.14122333333333337, "outdoor": true, "emergencyType": "none", "emergencyProb": 0.9999962915544924, "category": "Transportation", "subcategory": "Air Travel", "coordinate": [45.55054180487325,11.548604965209961], "animalsInDanger": 13, "infraInDanger": ["house", "parking", "school", "stadium", "office", "room", "tourist office"], "objectsInDanger": []}]}