{"_id": {"$oid": "61eac2f87d2bf8167cc41c5e"}, "header": {"timestamp": "2022-01-21 14:12:34.824049", "sender": "Visual Analysis", "entity": "video", "simmoid": "abbb259b-7867-4b8a-ae2f-10becb2a96b5", "project_id": "test"}, "shotInfo": [
{"shotIdx": 7, "startFrame": "3629", "endFrame": "4365", "objectsFound": [{"type": "building", "probability": 71.47216796875}, {"type": "tree", "probability": 20.899793836805554}, {"type": "mountain", "probability": 49.97083875868056}, {"type": "house", "probability": 10.55569118923611}, {"type": "wall", "probability": 7.368977864583333}, {"type": "sky", "probability": 16.499159071180554}, {"type": "earth", "probability": 7.438829210069445}], "peopleInDanger": 0, "vehiclesInDanger": 0, "riverOvertop": false, "area": "village", "areaProb": 0.8446005617977528, "outdoor": true, "emergencyType": "none", "emergencyProb": 0.9999462831151354, "category": "Finance", "subcategory": "Exchange Offices", "coordinate": [45.55054180487325,11.548604965209961], "animalsInDanger": 6, "infraInDanger": ["stadium", "ceiling", "kindergraden", "tower", "road", "tower", "road"], "objectsInDanger": ["Glass", "Trousers", "Banknote", "Desk", "Toothbrush", "Toothbrush", "Coffee maker", "Cup", "Notebook", "Wallet", "Fridge", "Book", "Coin", "Desk", "Bookcase", "Cupboard", "Bed", "Clock"]}]}