{"_id": {"$oid": "62434aa1692f7f5379d3d2ff"}, "header": {"timestamp": "2022-03-29 18:09:51.052135", "sender": "Visual Analysis", "entity": "video", "simmoid": "372d0e9b-b361-452b-af05-34ee99bced76", "project_id": "82"}, "shotInfo": [

{"shotIdx": 0, "startFrame": "0", "endFrame": "867", "objectsFound": [{"type": "sky", "probability": 57.85047743055556}, {"type": "earth", "probability": 26.32107204861111}, {"type": "road", "probability": 4.397922092013888}, {"type": "tree", "probability": 11.79538302951389}, {"type": "person", "probability": 4.256863064236112}, {"type": "car", "probability": 2.9059516059027777}, {"type": "water", "probability": 14.52297634548611}, {"type": "sea", "probability": 25.55881076388889}, {"type": "mountain", "probability": 8.458116319444445}, {"type": "sand", "probability": 17.86159939236111}, {"type": "building", "probability": 10.105387369791668}, {"type": "boat", "probability": 8.88671875}, {"type": "wall", "probability": 3.476291232638889}, {"type": "path", "probability": 1.5638563368055556}, {"type": "hill", "probability": 0.4876030815972222}], "peopleInDanger": 0, "vehiclesInDanger": 0, "riverOvertop": false, "area": "harbor", "areaProb": 0.1817175, "outdoor": true, "emergencyType": "none", "emergencyProb": 0.9999404535737149, "category": "Infrastructure", "subcategory": "Aqueducts", "coordinate": [45.55054180487325, 11.548604965209961], "animalsInDanger": 20, "infraInDanger": ["parking", "tourist office", "ceiling", "ceiling", "tower", "ceiling", "office"], "objectsInDanger": ["Glue", "Key", "Blanket", "Key", "Fork", "Ruler", "Chair", "Backpack", "Banknote", "Fork", "Spoon", "Bicycle", "Key", "Dish", "Pot", "Glue", "Cup", "Fork"]}]}