{"_id": {"$oid": "6241aec2a8da5dc100eff0ea"}, "header": {"timestamp": "2022-03-28 15:10:29.620942", "sender": "Visual Analysis", "entity": "video", "simmoid": "cf798436-e82a-4af5-8de0-c6faeb8069cb", "project_id": "85"}, "shotInfo": [

{"shotIdx": 17, "startFrame": "2423", "endFrame": "2517", "objectsFound": [{"type": "wall", "probability": 45.32877604166667}, {"type": "ceiling", "probability": 6.9091796875}, {"type": "sculpture", "probability": 16.75347222222222}, {"type": "chair", "probability": 4.044596354166666}, {"type": "table", "probability": 2.1674262152777777}], "peopleInDanger": 0, "vehiclesInDanger": 0, "riverOvertop": false, "area": "bar", "areaProb": 0.7921111111111112, "outdoor": true, "emergencyType": "none", "emergencyProb": 0.9973666005664401, "category": "Transportation", "subcategory": "Bike Rentals", "coordinate": [45.544775, 11.564912], "animalsInDanger": 7, "infraInDanger": ["company", "school"], "objectsInDanger": ["Stove", "Bookcase", "Door", "Toothbrush", "Blanket", "Door", "Wallet", "Pencil", "Cup", "Bag", "Shirt", "Washing machine", "Pot", "Stove", "Pillow", "Blouse", "Coin", "Toothbrush", "Stool", "Pot", "Cup", "Computer", "Fork", "Fridge", "Bookcase", "Pillow", "Chair", "Ruler", "Computer", "Dish", "Bed", "Toothbrush", "Door", "Spoon", "Shoe", "Wallet", "Pot", "Cup", "Computer", "Glue", "Blouse", "Fridge", "Coin", "Banknote"]}]}