{"_id": {"$oid": "627e239a3a281143c40f2b5d"}, "header": {"timestamp": "2022-05-13 12:23:30.724322", "sender": "Visual Analysis", "entity": "citizen_report", "simmoid": "f549458d-d493-442e-9214-d64e8ef71f23", "project_id": 0}, "shotInfo": [{"shotIdx": 0, "startFrame": 0, "endFrame": 0, "objectsFound": [{"type": "crt", "probability": 0.57476806640625}, {"type": "wall", "probability": 0.14568074544270834}, {"type": "floor", "probability": 0.11554463704427081}, {"type": "desk", "probability": 0.08857218424479169}, {"type": "table", "probability": 0.02629597981770833}, {"type": "book", "probability": 0.02462259928385417}, {"type": "computer", "probability": 0.016230265299479168}, {"type": "monitor", "probability": 0.0066680908203125}, {"type": "pool", "probability": 0.001485188802083333}, {"type": "box", "probability": 0.00013224283854166666}], "peopleInDanger": 0, "vehiclesInDanger": 0, "riverOvertop": false, "area": "coffee_shop", "areaProb": 0.12390000000000001, "outdoor": true, "emergencyType": "none", "emergencyProb": 0.9998804330825806, "category": "Production Planning", "subcategory": "Restricted Areas", "coordinate": [45.559496, 11.5306666], "animalsInDanger": 16, "infraInDanger": ["nurseries", "university", "ceiling", "company", "university", "school", "company", "house", "house", "office", "company", "house", "kindergraden", "tower"], "objectsInDanger": ["Door", "Coin", "Cup", "Shirt", "Stool", "Book", "Wallet", "Glue", "Window", "Whiteboard", "Toothbrush", "Bicycle", "Pot", "Fork", "Pot", "Sofa", "Pillow", "Pot", "Paper", "Door", "Computer", "Cup", "Window", "Computer", "Window"]}]}