{"_id": {"$oid": "62b43174a8d96e104c0de314"}, "header": {"timestamp": "2022-06-23 12:24:51.356041", "sender": "Visual Analysis", "entity": "twitter_post", "simmoid": "1420613987348230146", "project_id": "154"}, "shotInfo": [{"shotIdx": 0, "startFrame": 0, "endFrame": 0, "objectsFound": [{"type": "wall", "probability": 0.737945556640625}, {"type": "person", "probability": 0.16071573893229163}, {"type": "ceiling", "probability": 0.07349141438802083}, {"type": "tank", "probability": 0.012105305989583336}, {"type": "box", "probability": 0.010528564453125}, {"type": "floor", "probability": 0.004796346028645833}, {"type": "poster", "probability": 0.00018819173177083337}, {"type": "bulletin", "probability": 0.00013224283854166666}, {"type": "toilet", "probability": 9.663899739583332e-05}], "peopleInDanger": 0, "vehiclesInDanger": 0, "riverOvertop": false, "area": "indoor", "areaProb": 0.09720000000000001, "outdoor": false, "emergencyType": "none", "emergencyProb": 0.9997192025184631, "category": "Transportation", "subcategory": "Air Travel", "coordinate": [48.13009, 11.6053], "animalsInDanger": 12, "infraInDanger": ["office", "nurseries", "stadium", "room", "parking", "office", "school", "university", "office", "company"], "objectsInDanger": ["Pot", "Bed", "Bed", "Car", "Glass", "Trousers", "Shoe", "Bag", "Bag", "Coffee maker", "Fridge", "Sweater", "Ruler", "Paper", "Pencil", "Desk", "Trousers", "Bicycle", "Key", "Shoe", "Blanket", "Sweater", "Fork", "Shirt", "Toothbrush", "Fork", "Paper"]}]}