{"_id": {"$oid": "62820c5a6611e02826986a59"}, "header": {"timestamp": "2022-05-16 11:28:11.387201", "sender": "Visual Analysis", "entity": "video", "simmoid": "60aeb4e9-f9a5-4470-8a8d-de0694182f7c", "project_id": "143"}, "shotInfo": [
	
{"shotIdx": 20, "startFrame": "2261", "endFrame": "2326", "objectsFound": [{"type": "building", "probability": 64.83830574912892}, {"type": "sky", "probability": 17.26303898083624}, {"type": "earth", "probability": 8.83533863240418}], "peopleInDanger": 0, "vehiclesInDanger": 0, "riverOvertop": false, "area": "hotel_outdoor", "areaProb": 0.11789999999999999, "outdoor": true, "emergencyType": "none", "emergencyProb": 0.9999946157137553, "category": "Public Services", "subcategory": "Tourist Offices", "coordinate": [35.53375, 24.06505], "animalsInDanger": 12, "infraInDanger": ["road", "nurseries"], "objectsInDanger": ["Clock", "Shoe", "Pen", "Sweater", "Knife", "Wallet", "Sink", "Dish", "Shirt"]}]}