{"_id": {"$oid": "623c9aaf7d9e4cd180c9a6f8"}, "header": {"timestamp": "2022-03-24 17:42:23.152261", "sender": "Visual Analysis", "entity": "video", "simmoid": "cf798436-e82a-4af5-8de0-c6faeb8069cb", "project_id": "20"}, "shotInfo": [

{"shotIdx": 11, "startFrame": "1692", "endFrame": "1884", "objectsFound": [{"type": "building", "probability": 67.54692925347221}, {"type": "sky", "probability": 35.24034288194444}, {"type": "wall", "probability": 46.94417317708333}, {"type": "ceiling", "probability": 6.233045789930555}], "peopleInDanger": 0, "vehiclesInDanger": 0, "riverOvertop": false, "area": "wind_farm", "areaProb": 0.1450090909090909, "outdoor": true, "emergencyType": "none", "emergencyProb": 0.9999946983237016, "category": "Accommodation", "subcategory": "Campsites", "coordinate": [50.941638, 6.921443], "animalsInDanger": 1, "infraInDanger": ["stadium", "stadium", "tourist office", "kindergraden", "university", "office", "tower", "tourist office", "stadium"], "objectsInDanger": ["Fork", "Blouse", "Book", "Blanket", "Glue", "Backpack", "Fridge", "Table", "Backpack", "Book"]}]}