{"_id": {"$oid": "623c9aaf7d9e4cd180c9a6f8"}, "header": {"timestamp": "2022-03-24 17:42:23.152261", "sender": "Visual Analysis", "entity": "video", "simmoid": "cf798436-e82a-4af5-8de0-c6faeb8069cb", "project_id": "20"}, "shotInfo": [

{"shotIdx": 4, "startFrame": "977", "endFrame": "1042", "objectsFound": [{"type": "sea", "probability": 33.90435112847222}, {"type": "tree", "probability": 21.710205078125}, {"type": "sky", "probability": 21.085611979166664}, {"type": "building", "probability": 7.636854383680555}, {"type": "boat", "probability": 6.028917100694445}, {"type": "mountain", "probability": 5.827501085069445}, {"type": "house", "probability": 3.839111328125}, {"type": "wall", "probability": 1.6384548611111112}, {"type": "plant", "probability": 4.494222005208334}, {"type": "water", "probability": 0.019002278645833332}], "peopleInDanger": 0, "vehiclesInDanger": 0, "riverOvertop": false, "area": "canal_urban", "areaProb": 0.09274, "outdoor": true, "emergencyType": "none", "emergencyProb": 0.9983596305052439, "category": "Production Planning", "subcategory": "Restricted Areas", "coordinate": [45.55054180487325,11.548604965209961], "animalsInDanger": 0, "infraInDanger": ["parking", "stadium", "parking", "house", "kindergraden", "tourist office", "kindergraden", "stadium", "kindergraden", "ceiling"], "objectsInDanger": ["Trousers", "Trousers", "Sweater", "Wallet", "Cup", "Shoe", "Bicycle", "Cupboard", "Toothbrush", "Car", "Pillow", "Stool", "Car", "Stool", "Pencil", "Shirt", "Dish", "Window", "Sweater", "Bag", "Desk", "Paper", "Chair", "Banknote", "Pen", "Sink", "Cupboard", "Clock", "Bookcase", "Pot", "Stove", "Knife"]}]}