{"_id": {"$oid": "6284d379de1b8d2ccd30242a"}, "header": {"timestamp": "2022-05-18 14:07:29.039981", "sender": "Visual Analysis", "entity": "video", "simmoid": "e30395ca-35fe-4e03-a78c-02fe1779f8ab", "project_id": "citizen"}, "shotInfo": [{"shotIdx": 0, "startFrame": 0, "endFrame": 0, "objectsFound": [{"type": "wall", "probability": 0.6039988199869791}, {"type": "building", "probability": 0.2052001953125}, {"type": "floor", "probability": 0.14117940266927084}, {"type": "sidewalk", "probability": 0.04348246256510416}, {"type": "sink", "probability": 0.005442301432291668}, {"type": "windowpane", "probability": 0.0005035400390625}, {"type": "ceiling", "probability": 0.00014750162760416666}, {"type": "step", "probability": 4.57763671875e-05}], "peopleInDanger": 0, "vehiclesInDanger": 0, "riverOvertop": false, "area": "alley", "areaProb": 0.8981999999999999, "outdoor": true, "emergencyType": "none", "emergencyProb": 0.9992696642875671, "category": "Finance", "subcategory": "Exchange Offices", "coordinate": [48.13009, 11.6053], "animalsInDanger": 12, "infraInDanger": ["house", "parking"], "objectsInDanger": ["Notebook", "Shoe", "Blouse", "Pen", "Bag", "Fridge", "Door", "Cup", "Banknote", "Pot", "Toothbrush", "Paper", "Sofa", "Coin", "Cupboard", "Sink", "Door", "Toothbrush", "Pen", "Cup", "Window", "Cupboard", "Glass", "Cupboard", "Stove", "Clock", "Pencil", "Dish", "Glass", "Door", "Whiteboard", "Pillow", "Bicycle", "Pen", "Sweater", "Notebook", "Pillow", "Stove", "Coffee maker", "Shirt"]}]}