{"_id": {"$oid": "6213ca0942fde02430089b1b"}, "header": {"timestamp": "2022-02-21 16:39:09.725780", "sender": "Visual Analysis", "entity": "video", "simmoid": "60aeb4e9-f9a5-4470-8a8d-de0694182f7c", "project_id": "1"}, "shotInfo": [

{"shotIdx": 36, "startFrame": "4254", "endFrame": "4432", "objectsFound": [{"type": "grass", "probability": 56.39580620659722}, {"type": "ceiling", "probability": 12.145317925347223}, {"type": "tree", "probability": 12.972005208333334}, {"type": "wall", "probability": 11.388481987847223}, {"type": "mountain", "probability": 7.185194227430555}, {"type": "water", "probability": 4.701063368055555}, {"type": "plant", "probability": 8.43166775173611}, {"type": "sky", "probability": 1.9307454427083333}, {"type": "field", "probability": 0.8863661024305556}], "peopleInDanger": 0, "vehiclesInDanger": 0, "riverOvertop": false, "area": "field_cultivated", "areaProb": 0.2916324324324325, "outdoor": true, "emergencyType": "none", "emergencyProb": 0.9990847139131456, "category": "Commerce", "subcategory": "Clothing", "coordinate": [45.544777, 11.564912], "animalsInDanger": 16, "infraInDanger": ["company", "road", "office", "company", "office", "office"], "objectsInDanger": ["Bicycle", "Bicycle", "Bed", "Backpack", "Pencil", "Pencil"]}]}