{"_id": {"$oid": "627cb724d32319b204f069a2"}, "header": {"timestamp": "2022-05-12 10:25:20.443635", "sender": "Visual Analysis", "entity": "video", "simmoid": "cf798436-e82a-4af5-8de0-c6faeb8069cb", "project_id": "118"}, "shotInfo": [

{"shotIdx": 0, "startFrame": "0", "endFrame": "259", "objectsFound": [{"type": "sky", "probability": 99.99795840592334}, {"type": "field", "probability": 3.4019762630662016}, {"type": "mountain", "probability": 1.2072626306620209}, {"type": "earth", "probability": 0.6383384146341463}, {"type": "water", "probability": 2.771123693379791}], "peopleInDanger": 0, "vehiclesInDanger": 0, "riverOvertop": false, "area": "grotto", "areaProb": 0.20139999999999997, "outdoor": true, "emergencyType": "none", "emergencyProb": 0.9999710369110107, "category": "Transportation", "subcategory": "Taxi", "coordinate": [45.55054180487325, 11.548604965209961], "animalsInDanger": 4, "infraInDanger": ["stadium", "ceiling", "tourist office", "school", "tower", "road", "ceiling", "tower", "office", "company"], "objectsInDanger": ["Bookcase", "Cupboard", "Chair", "Book", "Shirt", "Whiteboard", "Book", "Cupboard", "Whiteboard", "Blouse", "Stool", "Fork", "Sofa", "Bookcase", "Coffee maker", "Dish", "Trousers", "Spoon", "Banknote", "Glass", "Cupboard", "Knife", "Blanket", "Window", "Blouse", "Whiteboard", "Cupboard", "Door", "Trousers"]}]}