{"_id": {"$oid": "62b45f62584b330fea0ecee7"}, "header": {"timestamp": "2022-06-23 15:40:44.724562", "sender": "Visual Analysis", "entity": "twitter_post", "simmoid": "1420364592774094858", "project_id": "154"}, "shotInfo": [{"shotIdx": 0, "startFrame": 0, "endFrame": 0, "objectsFound": [{"type": "building", "probability": 0.5047409654329609}, {"type": "sky", "probability": 0.14617340258379888}, {"type": "door", "probability": 0.13283432262569833}, {"type": "signboard", "probability": 0.10869849860335196}, {"type": "road", "probability": 0.09390275837988826}, {"type": "sidewalk", "probability": 0.007910701815642457}, {"type": "wall", "probability": 0.001920391061452514}, {"type": "trade", "probability": 0.0018822014664804472}, {"type": "earth", "probability": 0.00178945530726257}, {"type": "awning", "probability": 0.00013639141061452513}, {"type": "fence", "probability": 1.091131284916201e-05}], "peopleInDanger": 0, "vehiclesInDanger": 0, "riverOvertop": false, "area": "motel", "areaProb": 0.1568, "outdoor": true, "emergencyType": "none", "emergencyProb": 0.9987427592277527, "category": "Disaster Management", "subcategory": "Flooded Reports", "coordinate": [35.52925763063966,24.07529354095459], "animalsInDanger": 19, "infraInDanger": ["ceiling", "nurseries"], "objectsInDanger": ["Toothbrush", "Backpack", "Computer", "Paper", "Bed", "Door", "Dish", "Pot", "Cupboard", "Coffee maker", "Dish", "Book", "Table", "Pen", "Paper", "Sink", "Computer", "Glue", "Pillow", "Paper", "Coffee maker", "Cup", "Coin", "Bookcase", "Shoe", "Chair", "Wallet", "Bag", "Trousers", "Pot", "Paper", "Knife"]}]}