{"_id": {"$oid": "6216016f600a435c38d2a295"}, "header": {"timestamp": "2022-02-23 10:39:45.180299", "sender": "Visual Analysis", "entity": "video", "simmoid": "60aeb4e9-f9a5-4470-8a8d-de0694182f7c", "project_id": "1"}, "shotInfo": [

{"shotIdx": 2, "startFrame": "686", "endFrame": "739", "objectsFound": [{"type": "building", "probability": 48.089599609375}, {"type": "road", "probability": 33.30349392361111}, {"type": "sculpture", "probability": 7.899983723958333}, {"type": "plant", "probability": 7.127549913194445}, {"type": "tree", "probability": 4.941813151041666}, {"type": "fountain", "probability": 1.5713161892361112}], "peopleInDanger": 0, "vehiclesInDanger": 0, "riverOvertop": false, "area": "courtyard", "areaProb": 0.08010000000000002, "outdoor": true, "emergencyType": "none", "emergencyProb": 0.9999310731887817, "category": "Infrastructure", "subcategory": "Antennas", "coordinate": [48.13009, 11.6053], "animalsInDanger": 15, "infraInDanger": ["ceiling"], "objectsInDanger": ["Fork", "Sink", "Pillow", "Table", "Glass", "Chair", "Key", "Clock", "Backpack", "Shoe", "Washing machine", "Book", "Desk", "Sweater", "Blanket", "Sink", "Spoon", "Coffee maker", "Stove", "Cup", "Blouse", "Pillow", "Sweater", "Bed", "Shirt", "Dish", "Dish", "Stool", "Paper", "Washing machine", "Bag", "Bag", "Book", "Fridge", "Banknote", "Banknote", "Pillow", "Glue"]}]}