{"_id": {"$oid": "6216016f600a435c38d2a295"}, "header": {"timestamp": "2022-02-23 10:39:45.180299", "sender": "Visual Analysis", "entity": "video", "simmoid": "60aeb4e9-f9a5-4470-8a8d-de0694182f7c", "project_id": "1"}, "shotInfo": [

{"shotIdx": 36, "startFrame": "4254", "endFrame": "4432", "objectsFound": [{"type": "grass", "probability": 57.18994140625}, {"type": "ceiling", "probability": 12.050374348958332}, {"type": "tree", "probability": 11.479356553819445}, {"type": "wall", "probability": 10.651991102430555}, {"type": "mountain", "probability": 7.185194227430555}, {"type": "water", "probability": 4.701063368055555}, {"type": "plant", "probability": 8.43166775173611}, {"type": "sky", "probability": 0.019307454427083332}], "peopleInDanger": 0, "vehiclesInDanger": 0, "riverOvertop": false, "area": "field_cultivated", "areaProb": 0.26770000000000005, "outdoor": true, "emergencyType": "none", "emergencyProb": 0.9990298923324136, "category": "Accommodation", "subcategory": "Apartments", "coordinate": [35.52925763063966,24.07529354095459], "animalsInDanger": 17, "infraInDanger": ["ceiling", "school", "office", "stadium", "kindergraden", "office", "parking", "tower", "school", "nurseries", "company"], "objectsInDanger": ["Wallet", "Book", "Fridge", "Trousers", "Glass", "Key", "Sink", "Key", "Key", "Wallet", "Shirt", "Backpack", "Computer", "Pencil", "Trousers", "Fridge", "Glass", "Glass", "Cupboard", "Window", "Bookcase", "Pot", "Glue", "Bed", "Trousers", "Sink", "Blanket", "Knife", "Sweater", "Fridge", "Dish", "Desk", "Glue", "Backpack", "Bed", "Window", "Bicycle"]}]}