{"_id": {"$oid": "6213ca0942fde02430089b1b"}, "header": {"timestamp": "2022-02-21 16:39:09.725780", "sender": "Visual Analysis", "entity": "video", "simmoid": "60aeb4e9-f9a5-4470-8a8d-de0694182f7c", "project_id": "1"}, "shotInfo": [

{"shotIdx": 27, "startFrame": "3018", "endFrame": "3143", "objectsFound": [{"type": "wall", "probability": 47.14626736111111}, {"type": "ceiling", "probability": 38.99875217013889}, {"type": "building", "probability": 11.181640625}, {"type": "earth", "probability": 4.433186848958334}, {"type": "road", "probability": 3.536648220486111}, {"type": "boat", "probability": 0.11121961805555555}], "peopleInDanger": 0, "vehiclesInDanger": 0, "riverOvertop": false, "area": "bar", "areaProb": 0.22454615384615384, "outdoor": true, "emergencyType": "none", "emergencyProb": 0.9999862046077334, "category": "Production Planning", "subcategory": "Restricted Areas", "coordinate": [45.544777, 11.564912], "animalsInDanger": 8, "infraInDanger": ["house", "house", "ceiling"], "objectsInDanger": ["Pen", "Car", "Backpack", "Stove", "Car", "Bag", "Bicycle", "Pillow", "Sink", "Whiteboard", "Computer", "Sink", "Cupboard", "Shirt", "Pen", "Toothbrush", "Whiteboard", "Blanket", "Glue", "Sweater", "Car", "Wallet", "Stool", "Door", "Glue", "Trousers", "Coffee maker", "Fridge", "Shoe", "Backpack", "Notebook", "Glue", "Car", "Bookcase", "Window", "Ruler", "Key", "Cup"]}]}