{"_id": {"$oid": "61ea84e0a2bb324c5a3ad0f6"}, "header": {"timestamp": "2022-01-21 10:38:25.697248", "sender": "Visual Analysis", "entity": "video", "simmoid": "1420406195626692620", "project_id": "test"}, "shotInfo": [
{"shotIdx": 4, "startFrame": "1329", "endFrame": "1338", "objectsFound": [], "peopleInDanger": 0, "vehiclesInDanger": 0, "riverOvertop": false, "area": "none", "outdoor": "none", "emergencyType": "none", "category": "Production Planning", "subcategory": "Restricted Areas", "coordinate": [45.55054180487325,11.548604965209961], "animalsInDanger": 17, "infraInDanger": ["stadium", "ceiling", "road"], "objectsInDanger": ["Wallet", "Pot", "Cupboard", "Shirt", "Bag", "Sweater", "Car", "Sofa", "Sofa", "Cup", "Bookcase", "Pillow", "Paper", "Dish", "Paper", "Bicycle", "Clock", "Sofa", "Car", "Sink", "Chair", "Ruler", "Bed"]}]}