{"_id": {"$oid": "6213ca0942fde02430089b1b"}, "header": {"timestamp": "2022-02-21 16:39:09.725780", "sender": "Visual Analysis", "entity": "video", "simmoid": "60aeb4e9-f9a5-4470-8a8d-de0694182f7c", "project_id": "1"}, "shotInfo": [

{"shotIdx": 5, "startFrame": "898", "endFrame": "992", "objectsFound": [{"type": "building", "probability": 98.27134874131944}, {"type": "road", "probability": 4.447428385416666}, {"type": "ceiling", "probability": 0.8782280815972222}], "peopleInDanger": 0, "vehiclesInDanger": 0, "riverOvertop": false, "area": "church_outdoor", "areaProb": 0.07171999999999999, "outdoor": true, "emergencyType": "none", "emergencyProb": 0.9999685173942929, "category": "Transportation", "subcategory": "Taxi", "coordinate": [35.524678, 24.084345], "animalsInDanger": 10, "infraInDanger": ["kindergraden", "office", "tower", "house", "office", "room", "school", "room", "stadium", "ceiling", "house", "school", "kindergraden"], "objectsInDanger": ["Computer", "Shirt", "Notebook", "Glue", "Whiteboard", "Bicycle", "Sweater", "Car", "Cupboard", "Sink", "Pot", "Key", "Bed", "Stove", "Coin", "Key", "Cup", "Desk", "Stove", "Toothbrush", "Stove", "Spoon", "Bookcase", "Blanket", "Window", "Window", "Fork", "Washing machine", "Sink", "Ruler", "Coin", "Spoon", "Helmet", "Paper", "Fork", "Car", "Computer", "Bookcase", "Coffee maker", "Cupboard", "Clock", "Fork", "Toothbrush", "Pencil"]}]}