{"_id": {"$oid": "62430bc8e6d3068eca396a4a"}, "header": {"timestamp": "2022-03-29 16:02:36.107553", "sender": "Visual Analysis", "entity": "video", "simmoid": "cf798436-e82a-4af5-8de0-c6faeb8069cb", "project_id": "82"}, "shotInfo": [

{"shotIdx": 25, "startFrame": "3317", "endFrame": "3420", "objectsFound": [{"type": "building", "probability": 57.760959201388886}, {"type": "sky", "probability": 35.93071831597222}, {"type": "tree", "probability": 7.407633463541667}, {"type": "road", "probability": 2.020263671875}, {"type": "earth", "probability": 0.014309353298611112}], "peopleInDanger": 0, "vehiclesInDanger": 0, "riverOvertop": false, "area": "museum_outdoor", "areaProb": 0.08477499999999999, "outdoor": true, "emergencyType": "none", "emergencyProb": 0.9999993920326233, "category": "Disaster Management", "subcategory": "Civil Protection", "coordinate": [45.55054180487325, 11.548604965209961], "animalsInDanger": 18, "infraInDanger": ["school", "nurseries"], "objectsInDanger": ["Stool", "Stool", "Knife", "Backpack", "Clock", "Key", "Sofa", "Knife", "Bed", "Fridge", "Pillow", "Cupboard", "Chair", "Shirt", "Toothbrush", "Fork", "Clock", "Toothbrush", "Pen", "Computer", "Backpack", "Pillow"]}]}