{"_id": {"$oid": "62820c5a6611e02826986a59"}, "header": {"timestamp": "2022-05-16 11:28:11.387201", "sender": "Visual Analysis", "entity": "video", "simmoid": "60aeb4e9-f9a5-4470-8a8d-de0694182f7c", "project_id": "143"}, "shotInfo": [

{"shotIdx": 40, "startFrame": "5169", "endFrame": "5937", "objectsFound": [{"type": "sky", "probability": 100}, {"type": "wall", "probability": 5.667465156794425}, {"type": "road", "probability": 2.7554714721254356}], "peopleInDanger": 0, "vehiclesInDanger": 0, "riverOvertop": false, "area": "field_cultivated", "areaProb": 0.07025769230769231, "outdoor": true, "emergencyType": "none", "emergencyProb": 0.9999609738588333, "category": "Disaster Management", "subcategory": "Civil Protection", "coordinate": [48.130089, 11.6053], "animalsInDanger": 7, "infraInDanger": [], "objectsInDanger": ["Blanket", "Notebook", "Bicycle", "Paper", "Pot", "Wallet", "Cupboard", "Ruler", "Knife", "Window", "Spoon"]}]}