{"_id": {"$oid": "62c437b2e8fea246c375dae4"}, "header": {"timestamp": "2022-07-05 16:03:23.987588", "sender": "Visual Analysis", "entity": "video", "simmoid": "60aeb4e9-f9a5-4470-8a8d-de0694182f7c", "project_id": "154"}, "shotInfo": [

{"shotIdx": 36, "startFrame": "4254", "endFrame": "4432", "objectsFound": [{"type": "sea", "probability": 38.87127068815331}, {"type": "mountain", "probability": 19.807545731707318}, {"type": "sky", "probability": 13.347261541811847}, {"type": "sand", "probability": 20.158699912891986}, {"type": "water", "probability": 9.876551611498257}, {"type": "wall", "probability": 12.228467987804878}, {"type": "grass", "probability": 10.638746733449478}, {"type": "ceiling", "probability": 0.3082807055749129}, {"type": "tree", "probability": 1.4257131968641115}], "peopleInDanger": 0, "vehiclesInDanger": 0, "riverOvertop": false, "area": "field_cultivated", "areaProb": 0.24975999999999998, "outdoor": true, "emergencyType": "none", "emergencyProb": 0.9997588325949276, "category": "Education", "subcategory": "Secondary Schools", "coordinate": [35.53375, 24.06505], "animalsInDanger": 8, "infraInDanger": ["house", "kindergraden", "office", "school"], "objectsInDanger": ["Sink", "Toothbrush", "Spoon", "Blanket", "Trousers", "Blouse", "Shirt", "Key", "Glass", "Trousers", "Car", "Bookcase", "Whiteboard", "Washing machine", "Bookcase", "Chair"]}]}