{"_id": {"$oid": "6241aec2a8da5dc100eff0ea"}, "header": {"timestamp": "2022-03-28 15:10:29.620942", "sender": "Visual Analysis", "entity": "video", "simmoid": "cf798436-e82a-4af5-8de0-c6faeb8069cb", "project_id": "85"}, "shotInfo": [

{"shotIdx": 3, "startFrame": "875", "endFrame": "975", "objectsFound": [{"type": "sky", "probability": 53.81334092881944}, {"type": "mountain", "probability": 17.53811306423611}, {"type": "building", "probability": 24.516465928819446}, {"type": "wall", "probability": 5.827501085069445}, {"type": "tree", "probability": 6.780327690972222}], "peopleInDanger": 0, "vehiclesInDanger": 0, "riverOvertop": false, "area": "hotel_outdoor", "areaProb": 0.08585714285714285, "outdoor": true, "emergencyType": "none", "emergencyProb": 0.9999983310699463, "category": "Transportation", "subcategory": "Bike Rentals", "coordinate": [35.533753, 24.06501], "animalsInDanger": 15, "infraInDanger": ["room", "office", "nurseries", "parking", "nurseries", "parking", "nurseries", "tourist office", "university", "office", "university", "office", "office", "ceiling", "kindergraden"], "objectsInDanger": ["Cup", "Computer", "Glue", "Car", "Stove", "Stool", "Sofa", "Cupboard", "Ruler", "Bookcase", "Trousers", "Computer", "Key", "Cupboard", "Shoe", "Stove", "Car", "Car", "Blouse"]}]}