{"_id": {"$oid": "62430bc8e6d3068eca396a4a"}, "header": {"timestamp": "2022-03-29 16:02:36.107553", "sender": "Visual Analysis", "entity": "video", "simmoid": "cf798436-e82a-4af5-8de0-c6faeb8069cb", "project_id": "82"}, "shotInfo": [

{"shotIdx": 5, "startFrame": "1044", "endFrame": "1116", "objectsFound": [{"type": "sea", "probability": 33.68394639756944}, {"type": "wall", "probability": 25.1220703125}, {"type": "sky", "probability": 24.48798285590278}, {"type": "building", "probability": 10.373942057291668}, {"type": "mountain", "probability": 8.24924045138889}, {"type": "boat", "probability": 1.4404296875}], "peopleInDanger": 0, "vehiclesInDanger": 0, "riverOvertop": false, "area": "canal_urban", "areaProb": 0.16088571428571427, "outdoor": true, "emergencyType": "none", "emergencyProb": 0.9999351671763829, "category": "Accommodation", "subcategory": "Campsites", "coordinate": [45.55054180487325,11.548604965209961], "animalsInDanger": 17, "infraInDanger": ["office", "company", "ceiling", "school", "office", "house", "stadium", "parking", "tower", "stadium", "company", "tourist office", "stadium", "university"], "objectsInDanger": ["Toothbrush", "Pot", "Toothbrush", "Trousers", "Table", "Shoe", "Glue", "Door", "Stool", "Bicycle", "Cupboard", "Backpack", "Glass", "Helmet", "Notebook", "Glue"]}]}