{"_id": {"$oid": "623c9aaf7d9e4cd180c9a6f8"}, "header": {"timestamp": "2022-03-24 17:42:23.152261", "sender": "Visual Analysis", "entity": "video", "simmoid": "cf798436-e82a-4af5-8de0-c6faeb8069cb", "project_id": "20"}, "shotInfo": [{"shotIdx": 27, "startFrame": "3489", "endFrame": "3556", "objectsFound": [{"type": "wall", "probability": 80.49858940972221}, {"type": "sky", "probability": 12.977430555555555}, {"type": "road", "probability": 9.59743923611111}], "peopleInDanger": 0, "vehiclesInDanger": 0, "riverOvertop": false, "area": "motel", "areaProb": 0.083575, "outdoor": true, "emergencyType": "none", "emergencyProb": 0.9999961654345194, "category": "Natural Elements", "subcategory": "Water Bodies", "coordinate": [45.544775, 11.564912], "animalsInDanger": 9, "infraInDanger": ["company", "parking", "kindergraden", "tourist office", "room", "company", "nurseries", "road", "tower", "office", "road", "tower", "tourist office", "school"], "objectsInDanger": ["Pen", "Shirt", "Pencil", "Ruler", "Glass", "Trousers", "Pillow", "Fork", "Spoon", "Book", "Sink", "Fridge", "Glue", "Window", "Bookcase", "Bag", "Banknote", "Helmet", "Bag", "Bag", "Desk", "Helmet", "Clock", "Washing machine", "Dish", "Bag", "Glass", "Spoon", "Bed", "Bag", "Blanket", "Car", "Washing machine", "Window", "Blouse", "Backpack", "Dish", "Backpack", "Shirt", "Blouse", "Cup", "Cupboard", "Book", "Blouse", "Sink", "Bookcase", "Bicycle"]}]}