{"_id": {"$oid": "6213ca0942fde02430089b1b"}, "header": {"timestamp": "2022-02-21 16:39:09.725780", "sender": "Visual Analysis", "entity": "video", "simmoid": "60aeb4e9-f9a5-4470-8a8d-de0694182f7c", "project_id": "1"}, "shotInfo": [

{"shotIdx": 11, "startFrame": "1317", "endFrame": "1379", "objectsFound": [{"type": "building", "probability": 83.31095377604166}, {"type": "road", "probability": 12.58273654513889}, {"type": "sky", "probability": 3.445773654513889}], "peopleInDanger": 0, "vehiclesInDanger": 0, "riverOvertop": false, "area": "alley", "areaProb": 0.11186249999999999, "outdoor": true, "emergencyType": "none", "emergencyProb": 0.9999827696726873, "category": "Accommodation", "subcategory": "Apartments", "coordinate": [45.55054180487325,11.548604965209961], "animalsInDanger": 4, "infraInDanger": [], "objectsInDanger": ["Dish", "Pot", "Banknote", "Pot", "Bicycle", "Notebook", "Backpack", "Knife", "Pencil", "Clock", "Sofa", "Banknote", "Door", "Pillow", "Fork", "Whiteboard", "Banknote", "Pencil", "Fork", "Stool", "Pot", "Pillow", "Cup", "Fork", "Paper", "Cup", "Shoe", "Coin", "Knife", "Bag", "Blouse", "Window"]}]}