{"_id": {"$oid": "62820c5a6611e02826986a59"}, "header": {"timestamp": "2022-05-16 11:28:11.387201", "sender": "Visual Analysis", "entity": "video", "simmoid": "60aeb4e9-f9a5-4470-8a8d-de0694182f7c", "project_id": "143"}, "shotInfo": [

{"shotIdx": 16, "startFrame": "1885", "endFrame": "2008", "objectsFound": [{"type": "building", "probability": 98.69678244773519}, {"type": "wall", "probability": 7.1789253048780495}, {"type": "sculpture", "probability": 1.4556565766550522}], "peopleInDanger": 0, "vehiclesInDanger": 0, "riverOvertop": false, "area": "staircase", "areaProb": 0.06981666666666667, "outdoor": true, "emergencyType": "none", "emergencyProb": 0.9999849100907644, "category": "Finance", "subcategory": "Exchange Offices", "coordinate": [35.53375, 24.06505], "animalsInDanger": 8, "infraInDanger": ["stadium", "tourist office", "nurseries", "ceiling", "company", "stadium", "office", "kindergraden", "school", "tourist office"], "objectsInDanger": ["Banknote", "Shoe", "Computer", "Bed", "Blanket", "Bookcase", "Desk", "Computer", "Knife", "Spoon", "Cup", "Sweater", "Book", "Table", "Coffee maker", "Bag", "Fork", "Washing machine", "Dish", "Notebook", "Door", "Fridge", "Ruler", "Chair", "Computer", "Sweater", "Bed", "Backpack", "Dish", "Bookcase"]}]}