{"_id": {"$oid": "6284c176bf84728271056fcf"}, "header": {"timestamp": "2022-05-18 12:50:36.330578", "sender": "Visual Analysis", "entity": "twitter_post", "simmoid": "1420462346997280769", "project_id": "154"}, "shotInfo": [{"shotIdx": 0, "startFrame": 0, "endFrame": 0, "objectsFound": [{"type": "grandstand", "probability": 0.40399903775659823}, {"type": "person", "probability": 0.30438393511730205}, {"type": "grass", "probability": 0.1974546370967742}, {"type": "wall", "probability": 0.04700100806451613}, {"type": "animal", "probability": 0.01849454728739003}, {"type": "fence", "probability": 0.016449780058651026}, {"type": "ball", "probability": 0.008350898093841642}, {"type": "floor", "probability": 0.0023941532258064517}, {"type": "field", "probability": 0.0014720032991202344}], "peopleInDanger": 0, "vehiclesInDanger": 0, "riverOvertop": false, "area": "athletic_field_outdoor", "areaProb": 0.9995999999999999, "outdoor": true, "emergencyType": "none", "emergencyProb": 0.9998698234558105, "category": "Commerce", "subcategory": "Clothing", "coordinate": [35.53375, 24.0650185], "animalsInDanger": 6, "infraInDanger": ["tourist office", "road", "ceiling", "office", "room", "office", "room", "school", "office", "university", "ceiling", "school", "road"], "objectsInDanger": ["Clock", "Shirt", "Key", "Bag", "Sink", "Glass", "Computer", "Washing machine", "Paper", "Pencil", "Key", "Car", "Sweater", "Car", "Paper", "Pillow", "Toothbrush"]}]}