{"_id": {"$oid": "62418d3d32716b72191da410"}, "header": {"timestamp": "2022-03-28 12:44:26.401075", "sender": "Visual Analysis", "entity": "video", "simmoid": "cf798436-e82a-4af5-8de0-c6faeb8069cb", "project_id": "83"}, "shotInfo": [

{"shotIdx": 2, "startFrame": "348", "endFrame": "873", "objectsFound": [{"type": "sea", "probability": 84.26242404513889}, {"type": "sky", "probability": 30.93804253472222}, {"type": "mountain", "probability": 25.572374131944443}, {"type": "earth", "probability": 11.284722222222223}, {"type": "sand", "probability": 37.982177734375}, {"type": "tree", "probability": 23.47073025173611}, {"type": "hill", "probability": 4.765489366319445}, {"type": "building", "probability": 19.97341579861111}, {"type": "wall", "probability": 32.21028645833333}, {"type": "water", "probability": 36.18435329861111}, {"type": "plant", "probability": 29.384358723958332}, {"type": "river", "probability": 44.647216796875}, {"type": "grass", "probability": 64.84035915798611}, {"type": "road", "probability": 52.041965060763886}, {"type": "lake", "probability": 3.778076171875}, {"type": "ceiling", "probability": 7.475450303819445}, {"type": "runway", "probability": 12.042914496527777}], "peopleInDanger": 0, "vehiclesInDanger": 0, "riverOvertop": false, "area": "river", "areaProb": 0.1458375, "outdoor": true, "emergencyType": "none", "emergencyProb": 0.940828005050091, "category": "Natural Elements", "subcategory": "Natura 2000 Sites", "coordinate": [45.559496, 11.5306666], "animalsInDanger": 14, "infraInDanger": ["office", "stadium", "stadium"], "objectsInDanger": ["Blouse", "Fork", "Bag", "Coin", "Glass", "Blouse", "Sofa", "Glue", "Window", "Door", "Pot", "Pot", "Blouse", "Stool", "Wallet", "Stove", "Pencil", "Desk", "Washing machine"]}]}