{"_id": {"$oid": "6214e0fa0e54a551b7172a31"}, "header": {"timestamp": "2022-02-22 13:33:36.981597", "sender": "Visual Analysis", "entity": "video", "simmoid": "cf798436-e82a-4af5-8de0-c6faeb8069cb", "project_id": "1"}, "shotInfo": [

{"shotIdx": 6, "startFrame": "1118", "endFrame": "1256", "objectsFound": [{"type": "wall", "probability": 51.70355902777778}, {"type": "earth", "probability": 22.62301974826389}, {"type": "water", "probability": 14.404296875}, {"type": "sky", "probability": 8.873155381944445}, {"type": "tree", "probability": 6.028917100694445}, {"type": "building", "probability": 4.393853081597222}, {"type": "boat", "probability": 3.2545301649305554}, {"type": "grass", "probability": 1.7137315538194444}], "peopleInDanger": 0, "vehiclesInDanger": 0, "riverOvertop": false, "area": "canal_urban", "areaProb": 0.10137999999999998, "outdoor": true, "emergencyType": "none", "emergencyProb": 0.960189139470458, "category": "Flood Forecasts", "subcategory": "Flood Results From Model", "coordinate": [35.52925763063966,24.07529354095459], "animalsInDanger": 12, "infraInDanger": ["road", "house", "room", "office", "house", "stadium", "school", "stadium", "university", "parking", "house", "university", "house", "kindergraden", "kindergraden"], "objectsInDanger": ["Cupboard", "Spoon", "Computer", "Glass", "Coin", "Banknote", "Knife", "Bicycle", "Bag", "Bag", "Blanket", "Fork"]}]}