{"_id": {"$oid": "62820c5a6611e02826986a59"}, "header": {"timestamp": "2022-05-16 11:28:11.387201", "sender": "Visual Analysis", "entity": "video", "simmoid": "60aeb4e9-f9a5-4470-8a8d-de0694182f7c", "project_id": "143"}, "shotInfo": [

{"shotIdx": 19, "startFrame": "2137", "endFrame": "2260", "objectsFound": [{"type": "building", "probability": 72.0614655923345}, {"type": "sky", "probability": 23.47424869337979}, {"type": "road", "probability": 9.400179660278745}, {"type": "ceiling", "probability": 2.034108231707317}], "peopleInDanger": 0, "vehiclesInDanger": 0, "riverOvertop": false, "area": "building_facade", "areaProb": 0.07427500000000001, "outdoor": true, "emergencyType": "none", "emergencyProb": 0.9999999900658926, "category": "Public Services", "subcategory": "Tourist Offices", "coordinate": [35.53375, 24.06505], "animalsInDanger": 14, "infraInDanger": ["parking", "parking", "university", "school"], "objectsInDanger": ["Notebook", "Cup", "Blanket", "Dish", "Backpack", "Car", "Stove", "Paper", "Bag", "Chair", "Desk", "Pen", "Fork", "Banknote", "Trousers", "Chair", "Bag", "Door", "Car", "Car", "Bag", "Cupboard", "Whiteboard", "Dish", "Stool", "Key", "Chair", "Pen", "Paper", "Blouse", "Washing machine", "Stove", "Sofa", "Blanket", "Banknote", "Fridge", "Car", "Spoon", "Dish", "Shirt", "Desk", "Wallet", "Whiteboard", "Bookcase", "Window", "Shoe", "Clock", "Coffee maker"]}]}