{"_id": {"$oid": "6234615e9cb4b4f4e470e349"}, "header": {"timestamp": "2022-03-18 12:39:17.505730", "sender": "Visual Analysis", "entity": "twitter_post", "simmoid": "893354995093041153", "project_id": "14032022"}, "shotInfo": [{"shotIdx": 0, "startFrame": 0, "endFrame": 0, "objectsFound": [{"type": "wall", "probability": 0.8047960069444444}, {"type": "signboard", "probability": 0.10363618827160494}, {"type": "person", "probability": 0.04219714506172839}, {"type": "poster", "probability": 0.02654803240740741}, {"type": "sky", "probability": 0.022810570987654318}, {"type": "skyscraper", "probability": 1.2056327160493826e-05}], "peopleInDanger": 0, "vehiclesInDanger": 0, "riverOvertop": false, "area": "hospital", "areaProb": 0.1235, "outdoor": true, "emergencyType": "none", "emergencyProb": 0.999997615814209, "category": "Transportation", "subcategory": "Taxi", "coordinate": [45.544775, 11.564912], "animalsInDanger": 6, "infraInDanger": ["kindergraden", "kindergraden", "school", "stadium", "office", "tourist office", "stadium", "nurseries", "road", "school", "office", "stadium", "tower", "office", "office"], "objectsInDanger": ["Pot", "Pot", "Clock", "Banknote", "Glue", "Coffee maker", "Sweater", "Sink", "Blouse", "Spoon", "Door", "Banknote", "Fridge", "Sweater", "Blouse", "Ruler", "Sink", "Sink", "Backpack", "Pencil", "Fridge", "Sofa", "Whiteboard", "Spoon", "Chair", "Coffee maker", "Bag", "Pot", "Desk", "Blouse", "Door", "Table", "Glue", "Coffee maker", "Coffee maker", "Pot", "Whiteboard", "Chair", "Table", "Fork", "Stove", "Clock", "Blouse", "Backpack", "Coin", "Backpack", "Shoe", "Shirt", "Chair"]}]}