{"_id": {"$oid": "623460a33292d60b4a9f388a"}, "header": {"timestamp": "2022-03-18 12:35:56.900412", "sender": "Visual Analysis", "entity": "twitter_post", "simmoid": "893711693158789120", "project_id": "14032022"}, "shotInfo": [{"shotIdx": 0, "startFrame": 0, "endFrame": 0, "objectsFound": [{"type": "tree", "probability": 0.37394205729166674}, {"type": "road", "probability": 0.2646840413411458}, {"type": "grass", "probability": 0.094818115234375}, {"type": "building", "probability": 0.07219441731770833}, {"type": "earth", "probability": 0.04169718424479166}, {"type": "wall", "probability": 0.0296783447265625}, {"type": "rock", "probability": 0.02636210123697917}, {"type": "person", "probability": 0.0226898193359375}, {"type": "plant", "probability": 0.018854777018229168}, {"type": "fence", "probability": 0.011205037434895836}, {"type": "path", "probability": 0.010289510091145836}, {"type": "car", "probability": 0.008870442708333334}, {"type": "signboard", "probability": 0.006306966145833332}, {"type": "bannister", "probability": 0.005274454752604168}, {"type": "sidewalk", "probability": 0.004801432291666667}, {"type": "house", "probability": 0.002965291341145834}, {"type": "van", "probability": 0.001520792643229167}, {"type": "railing", "probability": 0.001459757486979167}, {"type": "truck", "probability": 0.0011494954427083333}, {"type": "bridge", "probability": 0.0007832845052083335}, {"type": "stairs", "probability": 0.00041707356770833326}, {"type": "streetlight", "probability": 2.543131510416667e-05}, {"type": "pole", "probability": 1.0172526041666664e-05}], "peopleInDanger": 2, "vehiclesInDanger": 3, "riverOvertop": false, "area": "railroad_track", "areaProb": 0.17670000000000002, "outdoor": true, "emergencyType": "flood", "emergencyProb": 0.9982838034629822, "category": "Natural Elements", "subcategory": "Water Bodies", "coordinate": [45.544775, 11.564912], "animalsInDanger": 9, "infraInDanger": ["room", "ceiling"], "objectsInDanger": ["Bag", "Pen", "Backpack", "Spoon", "Whiteboard", "Notebook", "Table", "Clock", "Pen", "Sink", "Whiteboard", "Ruler"]}]}