{"_id": {"$oid": "62b463c2584b330fea0eceea"}, "header": {"timestamp": "2022-06-23 15:59:30.731532", "sender": "Visual Analysis", "entity": "twitter_post", "simmoid": "1420446454074724354", "project_id": "154"}, "shotInfo": [{"shotIdx": 0, "startFrame": 0, "endFrame": 0, "objectsFound": [{"type": "person", "probability": 0.5233202105091384}, {"type": "wall", "probability": 0.34326044386422977}, {"type": "ceiling", "probability": 0.07595259464751958}, {"type": "floor", "probability": 0.030699249347258487}, {"type": "building", "probability": 0.009490249673629244}, {"type": "pole", "probability": 0.007404536553524804}, {"type": "windowpane", "probability": 0.004145928524804178}, {"type": "signboard", "probability": 0.0031158208224543083}, {"type": "sidewalk", "probability": 0.0019378263707571799}, {"type": "trade", "probability": 0.0006731396866840732}], "peopleInDanger": 0, "vehiclesInDanger": 0, "riverOvertop": false, "area": "market_outdoor", "areaProb": 0.0983, "outdoor": true, "emergencyType": "none", "emergencyProb": 0.9999852180480957, "category": "Flood Forecasts", "subcategory": "Flood Results From Model", "coordinate": [35.52925763063966,24.07529354095459], "animalsInDanger": 4, "infraInDanger": ["ceiling", "university", "nurseries", "tower", "parking", "house", "company", "university", "school"], "objectsInDanger": ["Banknote", "Pen", "Sweater", "Pot", "Computer", "Pillow", "Pen", "Washing machine", "Window", "Glass", "Shirt", "Banknote", "Coin", "Glass", "Dish", "Book", "Computer", "Helmet", "Door", "Key", "Cup", "Coin", "Trousers", "Ruler", "Spoon", "Glass", "Paper", "Book", "Sink", "Cupboard", "Desk", "Key"]}]}