{"_id": {"$oid": "6216016f600a435c38d2a295"}, "header": {"timestamp": "2022-02-23 10:39:45.180299", "sender": "Visual Analysis", "entity": "video", "simmoid": "60aeb4e9-f9a5-4470-8a8d-de0694182f7c", "project_id": "1"}, "shotInfo": [

{"shotIdx": 7, "startFrame": "1058", "endFrame": "1126", "objectsFound": [{"type": "building", "probability": 80.09372287326389}, {"type": "plant", "probability": 7.973904079861111}, {"type": "flag", "probability": 4.237874348958334}, {"type": "tree", "probability": 4.497612847222222}], "peopleInDanger": 0, "vehiclesInDanger": 0, "riverOvertop": false, "area": "fire_escape", "areaProb": 0.0462, "outdoor": true, "emergencyType": "none", "emergencyProb": 0.9889596203962961, "category": "Flood Forecasts", "subcategory": "Flood Results From Model", "coordinate": [48.13009, 11.6053], "animalsInDanger": 5, "infraInDanger": ["house", "office", "office", "tourist office", "ceiling", "parking", "office", "parking"], "objectsInDanger": []}]}