{"_id": {"$oid": "61eac2f87d2bf8167cc41c5e"}, "header": {"timestamp": "2022-01-21 14:12:34.824049", "sender": "Visual Analysis", "entity": "video", "simmoid": "abbb259b-7867-4b8a-ae2f-10becb2a96b5", "project_id": "test"}, "shotInfo": [
{"shotIdx": 2, "startFrame": "851", "endFrame": "1435", "objectsFound": [{"type": "mountain", "probability": 96.81667751736111}, {"type": "building", "probability": 72.82850477430556}, {"type": "tree", "probability": 7.175699869791667}, {"type": "earth", "probability": 17.38213433159722}, {"type": "house", "probability": 3.3894856770833335}, {"type": "wall", "probability": 5.6640625}, {"type": "sky", "probability": 15.794542100694445}, {"type": "sea", "probability": 38.27379014756944}, {"type": "road", "probability": 3.5386827256944446}, {"type": "sand", "probability": 1.8459743923611112}], "peopleInDanger": 0, "vehiclesInDanger": 0, "riverOvertop": false, "area": "amphitheater", "areaProb": 0.3299447761194031, "outdoor": true, "emergencyType": "none", "emergencyProb": 0.9986654842893282, "category": "Commerce", "subcategory": "Other Shops", "coordinate": [45.55054180487325,11.548604965209961], "animalsInDanger": 7, "infraInDanger": ["tourist office", "room", "room", "house", "ceiling", "company", "tower", "stadium", "tower", "tower", "stadium", "stadium"], "objectsInDanger": ["Car", "Wallet", "Helmet", "Key", "Washing machine", "Table", "Glass", "Window"]}]}