{"_id": {"$oid": "6213ca0942fde02430089b1b"}, "header": {"timestamp": "2022-02-21 16:39:09.725780", "sender": "Visual Analysis", "entity": "video", "simmoid": "60aeb4e9-f9a5-4470-8a8d-de0694182f7c", "project_id": "1"}, "shotInfo": [

{"shotIdx": 15, "startFrame": "1820", "endFrame": "1884", "objectsFound": [{"type": "building", "probability": 85.80390082465279}, {"type": "sky", "probability": 16.246202256944446}, {"type": "tower", "probability": 1.1806911892361112}], "peopleInDanger": 0, "vehiclesInDanger": 0, "riverOvertop": false, "area": "bar", "areaProb": 0.10506999999999998, "outdoor": true, "emergencyType": "none", "emergencyProb": 0.999992311000824, "category": "Commerce", "subcategory": "Clothing", "coordinate": [45.544777, 11.564912], "animalsInDanger": 18, "infraInDanger": ["house", "kindergraden", "ceiling", "office", "ceiling", "tower", "road", "tower", "office", "stadium", "company", "nurseries", "house", "stadium"], "objectsInDanger": ["Banknote", "Knife", "Table", "Stool", "Blanket", "Clock", "Dish", "Coin", "Blanket", "Bookcase", "Stool", "Helmet", "Blanket", "Clock", "Stool", "Shirt", "Washing machine", "Notebook", "Cup", "Fork", "Wallet", "Bookcase", "Shoe", "Computer", "Shirt", "Wallet", "Sweater", "Bag", "Book", "Sink", "Paper", "Window", "Blanket", "Pencil", "Book", "Key", "Chair", "Fridge"]}]}