{"_id": {"$oid": "6214e0fa0e54a551b7172a31"}, "header": {"timestamp": "2022-02-22 13:33:36.981597", "sender": "Visual Analysis", "entity": "video", "simmoid": "cf798436-e82a-4af5-8de0-c6faeb8069cb", "project_id": "1"}, "shotInfo": [

{"shotIdx": 8, "startFrame": "1378", "endFrame": "1479", "objectsFound": [{"type": "sky", "probability": 43.41023763020833}, {"type": "sea", "probability": 43.43939887152778}, {"type": "boat", "probability": 5.486382378472222}, {"type": "sand", "probability": 7.097710503472222}, {"type": "mountain", "probability": 4.607476128472222}, {"type": "ship", "probability": 0.7405598958333333}], "peopleInDanger": 0, "vehiclesInDanger": 0, "riverOvertop": false, "area": "harbor", "areaProb": 0.2737304347826087, "outdoor": true, "emergencyType": "none", "emergencyProb": 0.9759134028268897, "category": "Disaster Management", "subcategory": "Flooded Reports", "coordinate": [35.52925763063966,24.07529354095459], "animalsInDanger": 15, "infraInDanger": ["house", "road", "kindergraden", "kindergraden", "stadium", "room", "office"], "objectsInDanger": ["Ruler", "Backpack", "Blouse", "Banknote"]}]}