{"_id": {"$oid": "62417b77934509d190f92f5e"}, "header": {"timestamp": "2022-03-28 12:10:05.681554", "sender": "Visual Analysis", "entity": "twitter_post", "simmoid": "1408283282140192773", "project_id": "82"}, "shotInfo": [{"shotIdx": 0, "startFrame": 0, "endFrame": 0, "objectsFound": [{"type": "sky", "probability": 0.5465823715156795}, {"type": "tree", "probability": 0.2106108449477352}, {"type": "mountain", "probability": 0.13209794207317074}, {"type": "earth", "probability": 0.06339149608013937}, {"type": "land", "probability": 0.0371229856271777}, {"type": "building", "probability": 0.008547473867595818}, {"type": "hill", "probability": 0.001136487369337979}, {"type": "river", "probability": 0.0004763719512195122}, {"type": "sea", "probability": 3.402656794425087e-05}], "peopleInDanger": 0, "vehiclesInDanger": 0, "riverOvertop": false, "area": "valley", "areaProb": 0.4742, "outdoor": true, "emergencyType": "none", "emergencyProb": 0.9996023774147034, "category": "Production Planning", "subcategory": "Sources of Pollution", "coordinate": [45.544775, 11.564912], "animalsInDanger": 7, "infraInDanger": ["university", "stadium"], "objectsInDanger": ["Washing machine", "Pen", "Fridge", "Glue", "Table", "Backpack", "Bookcase", "Pen", "Window"]}]}