{"_id": {"$oid": "627e46bca8c5a2dccee39dbe"}, "header": {"timestamp": "2022-05-13 14:53:22.450245", "sender": "Visual Analysis", "entity": "citizen_report", "simmoid": "3b1be5a1-8508-41b6-be49-8b1d98b4061b", "project_id": 0}, "shotInfo": [{"shotIdx": 0, "startFrame": 0, "endFrame": 0, "objectsFound": [{"type": "road", "probability": 0.6208620233050848}, {"type": "sidewalk", "probability": 0.3582329184322034}, {"type": "pole", "probability": 0.017056739936440676}, {"type": "stairs", "probability": 0.002979343220338983}, {"type": "streetlight", "probability": 0.0004965572033898305}, {"type": "car", "probability": 0.0001903469279661017}, {"type": "building", "probability": 0.00014896716101694916}, {"type": "bench", "probability": 1.6551906779661017e-05}, {"type": "door", "probability": 1.6551906779661017e-05}], "peopleInDanger": 0, "vehiclesInDanger": 0, "riverOvertop": false, "area": "crosswalk", "areaProb": 0.1206, "outdoor": true, "emergencyType": "none", "emergencyProb": 0.9995620846748352, "category": "Production Planning", "subcategory": "Snapshots", "coordinate": [48.130089, 11.6053], "animalsInDanger": 12, "infraInDanger": ["ceiling", "tourist office", "tourist office", "parking"], "objectsInDanger": ["Bed", "Spoon", "Table", "Fridge", "Pen", "Pot", "Computer", "Blouse", "Pillow", "Banknote", "Ruler", "Sofa", "Sofa", "Cup", "Dish", "Coin", "Desk", "Sink", "Book", "Window"]}]}