{"_id": {"$oid": "6214e0fa0e54a551b7172a31"}, "header": {"timestamp": "2022-02-22 13:33:36.981597", "sender": "Visual Analysis", "entity": "video", "simmoid": "cf798436-e82a-4af5-8de0-c6faeb8069cb", "project_id": "1"}, "shotInfo": [

{"shotIdx": 24, "startFrame": "3231", "endFrame": "3316", "objectsFound": [{"type": "wall", "probability": 55.373128255208336}, {"type": "building", "probability": 7.309977213541667}, {"type": "ceiling", "probability": 6.744384765625}, {"type": "tree", "probability": 6.269666883680555}, {"type": "door", "probability": 1.1962890625}], "peopleInDanger": 0, "vehiclesInDanger": 0, "riverOvertop": false, "area": "train_station_platform", "areaProb": 0.06177142857142857, "outdoor": true, "emergencyType": "none", "emergencyProb": 0.9977692397017228, "category": "Education", "subcategory": "Nurseries", "coordinate": [45.55054180487325,11.548604965209961], "animalsInDanger": 20, "infraInDanger": ["university", "school", "tower", "kindergraden", "road", "office", "company", "road", "company", "office", "house", "parking"], "objectsInDanger": ["Cup", "Sink", "Stool", "Dish", "Cup", "Pen", "Sink", "Pot", "Knife", "Backpack", "Sink", "Paper", "Fork", "Paper", "Book", "Banknote", "Cupboard", "Cup", "Cupboard", "Glass", "Table", "Whiteboard", "Cupboard", "Pot", "Sink", "Coin", "Pencil", "Pencil"]}]}