{"_id": {"$oid": "62b43731bcf59a1cde9cb2c7"}, "header": {"timestamp": "2022-06-23 12:49:28.939074", "sender": "Visual Analysis", "entity": "twitter_post", "simmoid": "1420435205664481284", "project_id": "154"}, "shotInfo": [{"shotIdx": 0, "startFrame": 0, "endFrame": 0, "objectsFound": [{"type": "grandstand", "probability": 0.36558376099706746}, {"type": "ceiling", "probability": 0.23382514662756598}, {"type": "field", "probability": 0.22780539772727273}, {"type": "sky", "probability": 0.14045317082111436}, {"type": "mountain", "probability": 0.01980617668621701}, {"type": "fence", "probability": 0.008127520161290322}, {"type": "tower", "probability": 0.002405608504398827}, {"type": "wall", "probability": 0.0009450604838709678}, {"type": "ship", "probability": 0.0004238453079178885}, {"type": "person", "probability": 0.0003035648826979472}, {"type": "building", "probability": 0.00029783724340175954}, {"type": "bridge", "probability": 2.2910557184750733e-05}], "peopleInDanger": 0, "vehiclesInDanger": 0, "riverOvertop": false, "area": "amphitheater", "areaProb": 0.3106, "outdoor": true, "emergencyType": "none", "emergencyProb": 0.9995521903038025, "category": "Flood Forecasts", "subcategory": "Flood Results From Model", "coordinate": [48.130088, 11.60539], "animalsInDanger": 16, "infraInDanger": ["room", "nurseries", "kindergraden", "ceiling"], "objectsInDanger": ["Dish", "Window", "Chair", "Stool", "Coffee maker", "Fridge", "Spoon", "Knife", "Ruler", "Fork", "Knife", "Notebook", "Pillow", "Chair", "Cupboard", "Coffee maker", "Blanket", "Trousers", "Clock", "Dish", "Trousers", "Shoe"]}]}