{"_id": {"$oid": "6214e0fa0e54a551b7172a31"}, "header": {"timestamp": "2022-02-22 13:33:36.981597", "sender": "Visual Analysis", "entity": "video", "simmoid": "cf798436-e82a-4af5-8de0-c6faeb8069cb", "project_id": "1"}, "shotInfo": [

{"shotIdx": 18, "startFrame": "2518", "endFrame": "2629", "objectsFound": [{"type": "wall", "probability": 40.08721245659722}, {"type": "ceiling", "probability": 22.61691623263889}, {"type": "building", "probability": 14.219156901041666}, {"type": "person", "probability": 4.813639322916666}, {"type": "table", "probability": 2.6862250434027777}, {"type": "door", "probability": 3.023274739583333}, {"type": "canopy", "probability": 1.8425835503472223}, {"type": "chair", "probability": 1.947021484375}], "peopleInDanger": 0, "vehiclesInDanger": 0, "riverOvertop": false, "area": "bar", "areaProb": 0.22640000000000002, "outdoor": true, "emergencyType": "none", "emergencyProb": 0.9998759237619547, "category": "Education", "subcategory": "Kindergartens", "coordinate": [45.55054180487325,11.548604965209961], "animalsInDanger": 6, "infraInDanger": ["room", "university", "ceiling", "tower", "house", "office", "ceiling", "office"], "objectsInDanger": ["Notebook", "Bicycle", "Glass", "Spoon", "Blouse", "Stove", "Key", "Washing machine", "Paper", "Computer", "Cup"]}]}