{"_id": {"$oid": "620fa2a6155d76f7524237b0"}, "header": {"timestamp": "2022-02-18 13:27:03.787464", "sender": "Visual Analysis", "entity": "video", "simmoid": "33df5ba6-aaf8-4c3f-b671-2a435e8ffc09", "project_id": "test"}, "shotInfo": [

{"shotIdx": 1, "startFrame": "67", "endFrame": "3729", "objectsFound": [{"type": "sky", "probability": 42.8863525390625}, {"type": "road", "probability": 19.455464680989586}, {"type": "sea", "probability": 41.68650309244792}, {"type": "water", "probability": 29.585774739583332}, {"type": "grass", "probability": 20.342000325520836}, {"type": "earth", "probability": 47.0245361328125}, {"type": "mountain", "probability": 62.813313802083336}, {"type": "tree", "probability": 8.5845947265625}, {"type": "building", "probability": 36.3739013671875}, {"type": "wall", "probability": 21.167500813802086}, {"type": "sand", "probability": 40.70231119791667}, {"type": "table", "probability": 3.9896647135416665}, {"type": "ship", "probability": 2.701822916666667}, {"type": "hill", "probability": 7.09075927734375}, {"type": "runway", "probability": 4.313151041666666}, {"type": "ceiling", "probability": 0.9785970052083334}, {"type": "plant", "probability": 4.1839599609375}, {"type": "door", "probability": 1.1484781901041665}, {"type": "skyscraper", "probability": 6.244913736979166}, {"type": "person", "probability": 4.763285319010416}, {"type": "pole", "probability": 1.7415364583333333}], "peopleInDanger": 0, "vehiclesInDanger": 0, "riverOvertop": false, "area": "village", "areaProb": 0.18323192019950138, "outdoor": true, "emergencyType": "none", "emergencyProb": 0.9985771273861579, "category": "Education", "subcategory": "Secondary Schools", "coordinate": [45.55054180487325,11.548604965209961], "animalsInDanger": 2, "infraInDanger": ["company", "room", "house", "stadium", "tower", "ceiling", "tourist office"], "objectsInDanger": ["Stool", "Desk", "Computer", "Bookcase", "Chair", "Door", "Shoe", "Book", "Knife", "Book", "Bicycle", "Table", "Key", "Book", "Paper", "Pillow", "Stove", "Banknote", "Book", "Fork", "Knife", "Fridge", "Fork", "Book", "Fridge", "Washing machine", "Desk", "Pot", "Whiteboard", "Shirt", "Pillow", "Trousers", "Fork", "Banknote", "Shirt", "Toothbrush", "Whiteboard", "Pencil", "Pot", "Bicycle"]}]}