{"_id": {"$oid": "627cb724d32319b204f069a2"}, "header": {"timestamp": "2022-05-12 10:25:20.443635", "sender": "Visual Analysis", "entity": "video", "simmoid": "cf798436-e82a-4af5-8de0-c6faeb8069cb", "project_id": "118"}, "shotInfo": [

{"shotIdx": 6, "startFrame": "1118", "endFrame": "1256", "objectsFound": [{"type": "water", "probability": 17.635970165505228}, {"type": "wall", "probability": 32.94996733449477}, {"type": "skyscraper", "probability": 13.326845601045296}, {"type": "earth", "probability": 8.859157229965158}, {"type": "sky", "probability": 9.266114982578397}, {"type": "building", "probability": 9.455983231707316}, {"type": "tree", "probability": 9.202145034843205}, {"type": "boat", "probability": 5.337407447735192}, {"type": "sand", "probability": 4.831092116724739}, {"type": "sea", "probability": 5.956010452961673}, {"type": "table", "probability": 7.9227460801393725}], "peopleInDanger": 0, "vehiclesInDanger": 0, "riverOvertop": false, "area": "canal_urban", "areaProb": 0.07306666666666665, "outdoor": true, "emergencyType": "none", "emergencyProb": 0.9524866938591003, "category": "Finance", "subcategory": "Exchange Offices", "coordinate": [37.980401, 23.757333], "animalsInDanger": 0, "infraInDanger": ["tourist office", "university", "tourist office", "parking", "kindergraden", "nurseries", "office", "office", "road", "ceiling", "nurseries", "stadium"], "objectsInDanger": ["Stool", "Computer", "Fridge", "Clock", "Pillow", "Pot", "Sofa", "Shirt", "Cup", "Pen", "Shirt", "Knife", "Banknote", "Wallet", "Shirt", "Sofa", "Bag", "Glass", "Clock", "Stove", "Stool", "Wallet", "Shirt", "Banknote", "Stool", "Glue", "Pillow", "Knife", "Notebook", "Desk", "Knife", "Pencil", "Blouse", "Helmet", "Whiteboard", "Pillow", "Spoon", "Shirt", "Helmet", "Cupboard"]}]}