{"_id": {"$oid": "62434aa1692f7f5379d3d2ff"}, "header": {"timestamp": "2022-03-29 18:09:51.052135", "sender": "Visual Analysis", "entity": "video", "simmoid": "372d0e9b-b361-452b-af05-34ee99bced76", "project_id": "82"}, "shotInfo": [

{"shotIdx": 10, "startFrame": "4978", "endFrame": "5177", "objectsFound": [{"type": "sky", "probability": 37.69192165798611}, {"type": "building", "probability": 28.892008463541668}, {"type": "earth", "probability": 24.064805772569446}, {"type": "tree", "probability": 10.898844401041668}, {"type": "wall", "probability": 6.203206380208334}, {"type": "mountain", "probability": 2.4420844184027777}, {"type": "road", "probability": 4.554578993055555}], "peopleInDanger": 0, "vehiclesInDanger": 0, "riverOvertop": false, "area": "museum_outdoor", "areaProb": 0.2141, "outdoor": true, "emergencyType": "none", "emergencyProb": 0.9999914545761911, "category": "Education", "subcategory": "Nurseries", "coordinate": [45.55054180487325, 11.548604965209961], "animalsInDanger": 2, "infraInDanger": ["parking"], "objectsInDanger": ["Helmet", "Trousers", "Window", "Knife", "Sink", "Desk", "Window", "Shoe", "Backpack", "Cupboard", "Trousers", "Backpack", "Computer", "Bed", "Pencil", "Sweater", "Glue", "Cupboard", "Paper", "Bicycle", "Window", "Pen", "Coffee maker", "Door", "Toothbrush", "Fork", "Glue", "Window", "Knife", "Pot", "Bed", "Toothbrush", "Fork", "Bookcase", "Pen", "Fork", "Key", "Cup", "Bag", "Car"]}]}