{"_id": {"$oid": "6213ca0942fde02430089b1b"}, "header": {"timestamp": "2022-02-21 16:39:09.725780", "sender": "Visual Analysis", "entity": "video", "simmoid": "60aeb4e9-f9a5-4470-8a8d-de0694182f7c", "project_id": "1"}, "shotInfo": [

{"shotIdx": 12, "startFrame": "1380", "endFrame": "1505", "objectsFound": [{"type": "building", "probability": 38.86244032118056}, {"type": "sky", "probability": 22.318522135416664}, {"type": "grass", "probability": 8.671061197916668}, {"type": "river", "probability": 8.805338541666668}, {"type": "tree", "probability": 14.51755099826389}, {"type": "earth", "probability": 6.030951605902778}, {"type": "wall", "probability": 5.126274956597222}, {"type": "water", "probability": 21.70749240451389}, {"type": "road", "probability": 0.8375379774305556}], "peopleInDanger": 0, "vehiclesInDanger": 0, "riverOvertop": false, "area": "canal_urban", "areaProb": 0.8332586206896551, "outdoor": true, "emergencyType": "none", "emergencyProb": 0.9773002390203804, "category": "Flood Forecasts", "subcategory": "Flood Results From Model", "coordinate": [45.55054180487325,11.548604965209961], "animalsInDanger": 6, "infraInDanger": ["stadium", "tourist office", "road"], "objectsInDanger": ["Bed", "Sofa", "Pen", "Paper", "Bag", "Glass", "Glass", "Pencil", "Fork", "Trousers", "Bicycle", "Pencil", "Toothbrush", "Book", "Dish", "Pen", "Desk", "Knife", "Sofa", "Table", "Trousers", "Pen", "Sofa", "Ruler", "Wallet", "Stove", "Ruler", "Dish", "Helmet", "Fork"]}]}