{"_id": {"$oid": "62434aa1692f7f5379d3d2ff"}, "header": {"timestamp": "2022-03-29 18:09:51.052135", "sender": "Visual Analysis", "entity": "video", "simmoid": "372d0e9b-b361-452b-af05-34ee99bced76", "project_id": "82"}, "shotInfo": [

{"shotIdx": 7, "startFrame": "2900", "endFrame": "4041", "objectsFound": [{"type": "sky", "probability": 58.48931206597222}, {"type": "building", "probability": 32.55208333333333}, {"type": "sand", "probability": 26.972791883680557}, {"type": "earth", "probability": 22.120496961805554}, {"type": "sea", "probability": 20.90182834201389}, {"type": "tower", "probability": 0.527615017361111}, {"type": "road", "probability": 7.508002387152778}, {"type": "wall", "probability": 5.127631293402778}, {"type": "mountain", "probability": 2.430555555555556}, {"type": "runway", "probability": 32.43069118923611}, {"type": "tree", "probability": 12.770589192708334}, {"type": "person", "probability": 2.309841579861111}], "peopleInDanger": 0, "vehiclesInDanger": 0, "riverOvertop": false, "area": "beach_house", "areaProb": 0.12024615384615382, "outdoor": true, "emergencyType": "none", "emergencyProb": 0.9999036407261565, "category": "Commerce", "subcategory": "Other Shops", "coordinate": [45.55054180487325, 11.548604965209961], "animalsInDanger": 5, "infraInDanger": ["nurseries", "parking", "office", "parking", "office", "tower", "house", "company", "ceiling", "office", "house", "road", "room", "tourist office", "room"], "objectsInDanger": ["Helmet", "Helmet", "Fridge", "Sweater", "Ruler", "Toothbrush", "Coffee maker", "Spoon", "Toothbrush", "Desk", "Shirt", "Backpack", "Bed", "Pillow", "Helmet", "Spoon", "Cupboard", "Backpack", "Shoe", "Pillow", "Table", "Fridge", "Shoe", "Bicycle", "Blanket", "Sofa"]}]}