{"_id": {"$oid": "62430bc8e6d3068eca396a4a"}, "header": {"timestamp": "2022-03-29 16:02:36.107553", "sender": "Visual Analysis", "entity": "video", "simmoid": "cf798436-e82a-4af5-8de0-c6faeb8069cb", "project_id": "82"}, "shotInfo": [

{"shotIdx": 24, "startFrame": "3231", "endFrame": "3316", "objectsFound": [{"type": "wall", "probability": 55.118136935763886}, {"type": "building", "probability": 4.794650607638888}, {"type": "ceiling", "probability": 6.927490234375}, {"type": "tree", "probability": 5.628797743055555}, {"type": "door", "probability": 1.1576334635416665}], "peopleInDanger": 0, "vehiclesInDanger": 0, "riverOvertop": false, "area": "train_station_platform", "areaProb": 0.053380000000000004, "outdoor": true, "emergencyType": "none", "emergencyProb": 0.9976044446229935, "category": "Disaster Management", "subcategory": "Civil Protection Distribution Places", "coordinate": [45.55054180487325, 11.548604965209961], "animalsInDanger": 15, "infraInDanger": ["office", "parking", "tower", "tower", "parking", "tourist office", "ceiling", "tower", "university"], "objectsInDanger": ["Cup", "Helmet", "Helmet", "Cup", "Bookcase", "Sofa", "Pillow", "Sink", "Computer", "Banknote", "Computer", "Cup", "Banknote", "Car", "Bicycle", "Door", "Sofa", "Pillow", "Book", "Chair", "Desk", "Stove", "Sink", "Coin", "Bicycle", "Sofa", "Desk"]}]}