{"_id": {"$oid": "623462910267113a3bc530bf"}, "header": {"timestamp": "2022-03-18 12:44:23.687506", "sender": "Visual Analysis", "entity": "twitter_post", "simmoid": "893059119812399104", "project_id": "14032022"}, "shotInfo": [{"shotIdx": 0, "startFrame": 0, "endFrame": 0, "objectsFound": [{"type": "wall", "probability": 0.3734837068806808}, {"type": "person", "probability": 0.19939041436821975}, {"type": "chair", "probability": 0.14903482274968122}, {"type": "table", "probability": 0.06012669016821563}, {"type": "floor", "probability": 0.05870841487279844}, {"type": "painting", "probability": 0.058701596241570474}, {"type": "screen_projection", "probability": 0.02657220589538856}, {"type": "door", "probability": 0.02127412943125797}, {"type": "curtain", "probability": 0.01971266288005346}, {"type": "flag", "probability": 0.014462316834518641}, {"type": "signboard", "probability": 0.007255023626557205}, {"type": "windowpane", "probability": 0.0029661045841657746}, {"type": "building", "probability": 0.0025297121855758675}, {"type": "poster", "probability": 0.002495619029436031}, {"type": "bulletin", "probability": 0.0023456091424207503}, {"type": "sconce", "probability": 0.0005182159733255146}, {"type": "bottle", "probability": 0.00034775019262633217}, {"type": "monitor", "probability": 4.773041859577109e-05}, {"type": "clock", "probability": 2.7274524911869193e-05}], "peopleInDanger": 0, "vehiclesInDanger": 0, "riverOvertop": false, "area": "cafeteria", "areaProb": 0.47600000000000003, "outdoor": true, "emergencyType": "none", "emergencyProb": 0.9990381002426147, "category": "Infrastructure", "subcategory": "Antennas", "coordinate": [45.544775, 11.564912], "animalsInDanger": 14, "infraInDanger": ["room", "room", "stadium", "kindergraden", "road", "company", "stadium", "road", "parking", "office", "tower", "office", "school", "tourist office", "kindergraden"], "objectsInDanger": ["Coin", "Cupboard", "Sweater", "Helmet", "Trousers", "Toothbrush", "Door", "Table", "Key", "Paper", "Dish", "Desk", "Trousers", "Clock", "Desk", "Pillow", "Window", "Ruler", "Notebook", "Glass", "Helmet", "Clock", "Blanket", "Trousers", "Cupboard", "Door", "Helmet", "Bicycle", "Blanket", "Shoe", "Shirt", "Fridge", "Shirt", "Washing machine", "Car", "Cup", "Whiteboard", "Pen", "Shoe", "Washing machine"]}]}