{"_id": {"$oid": "62434aa1692f7f5379d3d2ff"}, "header": {"timestamp": "2022-03-29 18:09:51.052135", "sender": "Visual Analysis", "entity": "video", "simmoid": "372d0e9b-b361-452b-af05-34ee99bced76", "project_id": "82"}, "shotInfo": [

{"shotIdx": 3, "startFrame": "2002", "endFrame": "2251", "objectsFound": [{"type": "building", "probability": 27.378336588541668}, {"type": "sky", "probability": 35.80593532986111}, {"type": "tree", "probability": 6.533474392361111}, {"type": "person", "probability": 5.210367838541666}, {"type": "wall", "probability": 5.803087022569445}, {"type": "road", "probability": 3.432888454861111}, {"type": "mountain", "probability": 4.136827256944445}], "peopleInDanger": 0, "vehiclesInDanger": 0, "riverOvertop": false, "area": "museum_outdoor", "areaProb": 0.16216842105263163, "outdoor": true, "emergencyType": "none", "emergencyProb": 0.9999999950329462, "category": "Commerce", "subcategory": "Clothing", "coordinate": [45.55054180487325, 11.548604965209961], "animalsInDanger": 7, "infraInDanger": ["parking", "nurseries", "school", "kindergraden", "ceiling", "house"], "objectsInDanger": ["Spoon", "Sink", "Pillow", "Blanket", "Sweater", "Wallet", "Washing machine", "Sweater", "Stool", "Spoon", "Book", "Computer", "Dish", "Dish", "Helmet", "Coffee maker", "Coffee maker", "Computer", "Blouse", "Blanket", "Table", "Computer", "Coffee maker", "Glue", "Car", "Pencil"]}]}