{"_id": {"$oid": "6231fa2fec4c1c9007e7cf6f"}, "header": {"timestamp": "2022-03-16 16:54:29.689768", "sender": "Visual Analysis", "entity": "twitter_post", "simmoid": "893743193069674496", "project_id": "14032022"}, "shotInfo": [{"shotIdx": 0, "startFrame": 0, "endFrame": 0, "objectsFound": [{"type": "earth", "probability": 0.35218302408854174}, {"type": "sky", "probability": 0.2459716796875}, {"type": "water", "probability": 0.12109883626302081}, {"type": "person", "probability": 0.09124247233072919}, {"type": "signboard", "probability": 0.055816650390625}, {"type": "grandstand", "probability": 0.02849833170572917}, {"type": "stage", "probability": 0.02818806966145833}, {"type": "building", "probability": 0.024169921875}, {"type": "floor", "probability": 0.02229817708333333}, {"type": "crt", "probability": 0.013178507486979164}, {"type": "house", "probability": 0.005381266276041668}, {"type": "hovel", "probability": 0.002838134765625}, {"type": "tank", "probability": 0.001902262369791667}, {"type": "tent", "probability": 0.001688639322916667}, {"type": "car", "probability": 0.0012105305989583333}, {"type": "clock", "probability": 0.0010884602864583333}, {"type": "stairs", "probability": 0.0008595784505208335}, {"type": "windowpane", "probability": 0.0008087158203125}, {"type": "awning", "probability": 0.000732421875}, {"type": "wall", "probability": 0.00034586588541666674}, {"type": "base", "probability": 0.0002950032552083333}, {"type": "fence", "probability": 0.000152587890625}, {"type": "tree", "probability": 2.543131510416667e-05}, {"type": "bannister", "probability": 1.52587890625e-05}, {"type": "monitor", "probability": 1.0172526041666664e-05}], "peopleInDanger": 0, "vehiclesInDanger": 0, "riverOvertop": false, "area": "alley", "areaProb": 0.4411, "outdoor": true, "emergencyType": "none", "emergencyProb": 0.5103142857551575, "category": "Disaster Management", "subcategory": "Flooded Reports", "coordinate": [45.544775, 11.564912], "animalsInDanger": 14, "infraInDanger": ["house", "ceiling", "ceiling", "kindergraden", "tourist office", "tower", "stadium", "company", "ceiling"], "objectsInDanger": ["Toothbrush", "Clock", "Chair", "Stool", "Stove", "Coin", "Helmet", "Knife"]}]}