{"_id": {"$oid": "6214e0fa0e54a551b7172a31"}, "header": {"timestamp": "2022-02-22 13:33:36.981597", "sender": "Visual Analysis", "entity": "video", "simmoid": "cf798436-e82a-4af5-8de0-c6faeb8069cb", "project_id": "1"}, "shotInfo": [

{"shotIdx": 2, "startFrame": "348", "endFrame": "873", "objectsFound": [{"type": "sea", "probability": 86.22979058159721}, {"type": "sky", "probability": 33.04511176215278}, {"type": "mountain", "probability": 24.997965494791664}, {"type": "sand", "probability": 36.87472873263889}, {"type": "earth", "probability": 14.04690212673611}, {"type": "tree", "probability": 27.22235785590278}, {"type": "hill", "probability": 7.282172309027778}, {"type": "building", "probability": 20.283338758680554}, {"type": "water", "probability": 36.18435329861111}, {"type": "wall", "probability": 33.67445203993056}, {"type": "grass", "probability": 67.19767252604166}, {"type": "plant", "probability": 29.384358723958332}, {"type": "river", "probability": 44.647216796875}, {"type": "lake", "probability": 2.3993598090277777}, {"type": "road", "probability": 52.041965060763886}, {"type": "ceiling", "probability": 7.475450303819445}, {"type": "runway", "probability": 18.67607964409722}], "peopleInDanger": 0, "vehiclesInDanger": 0, "riverOvertop": false, "area": "river", "areaProb": 0.1515309523809524, "outdoor": true, "emergencyType": "none", "emergencyProb": 0.9474514560741291, "category": "Flood Forecasts", "subcategory": "Flood Results From Model", "coordinate": [35.52925763063966,24.07529354095459], "animalsInDanger": 13, "infraInDanger": ["nurseries", "university", "office", "university", "office", "company"], "objectsInDanger": ["Dish", "Stove", "Trousers", "Glass", "Coin", "Dish", "Key", "Coffee maker", "Chair", "Spoon", "Table"]}]}