{"_id": {"$oid": "6216016f600a435c38d2a295"}, "header": {"timestamp": "2022-02-23 10:39:45.180299", "sender": "Visual Analysis", "entity": "video", "simmoid": "60aeb4e9-f9a5-4470-8a8d-de0694182f7c", "project_id": "1"}, "shotInfo": [

{"shotIdx": 21, "startFrame": "2327", "endFrame": "2389", "objectsFound": [{"type": "building", "probability": 67.82633463541666}, {"type": "sky", "probability": 18.03046332465278}, {"type": "fountain", "probability": 4.180908203125}, {"type": "road", "probability": 5.890570746527778}], "peopleInDanger": 0, "vehiclesInDanger": 0, "riverOvertop": false, "area": "canal_urban", "areaProb": 0.15093333333333334, "outdoor": true, "emergencyType": "none", "emergencyProb": 0.9991694887479147, "category": "Disaster Management", "subcategory": "Flooded Reports", "coordinate": [48.13009, 11.6053], "animalsInDanger": 18, "infraInDanger": ["parking"], "objectsInDanger": ["Pillow", "Helmet", "Sweater", "Spoon", "Bicycle", "Key", "Sofa", "Backpack", "Coin", "Glue", "Helmet", "Clock", "Shoe", "Stool", "Cupboard", "Sofa", "Door", "Fork", "Car", "Sofa", "Shoe", "Window", "Bed", "Whiteboard", "Bicycle", "Window", "Bed", "Paper", "Bed", "Chair", "Book", "Washing machine", "Cup", "Desk", "Knife", "Table", "Bookcase", "Pen", "Table", "Sofa", "Blouse", "Chair", "Blanket", "Sofa", "Pen", "Sink", "Desk", "Pot", "Ruler"]}]}