{"_id": {"$oid": "61ea90eb04d45a5f9f7df411"}, "header": {"timestamp": "2022-01-21 12:19:14.938730", "sender": "Visual Analysis", "entity": "video", "simmoid": "9a9275fa-a37c-4f21-ad45-e92145c601fb", "project_id": "test"}, "shotInfo": [
{"shotIdx": 7, "startFrame": "966", "endFrame": "1181", "objectsFound": [{"type": "water", "probability": 36.20741102430556}, {"type": "sky", "probability": 33.46489800347222}, {"type": "mountain", "probability": 27.05145941840278}, {"type": "earth", "probability": 10.066731770833332}, {"type": "sea", "probability": 21.26736111111111}, {"type": "sand", "probability": 2.058919270833333}, {"type": "hill", "probability": 14.04147677951389}, {"type": "building", "probability": 11.644829644097223}, {"type": "wall", "probability": 1.62353515625}], "peopleInDanger": 0, "vehiclesInDanger": 0, "riverOvertop": false, "area": "valley", "areaProb": 0.11907045454545453, "outdoor": true, "emergencyType": "none", "emergencyProb": 0.9999968180289636, "category": "Transportation", "subcategory": "Taxi", "coordinate": [48.130088, 11.60539], "animalsInDanger": 9, "infraInDanger": ["office", "stadium", "school", "nurseries", "university", "house", "room", "office", "parking", "room", "road", "tower", "office", "office"], "objectsInDanger": ["Desk", "Blanket", "Banknote", "Bookcase", "Whiteboard"]}]}