{"_id": {"$oid": "627e6b78cbe4a58ba605ddfa"}, "header": {"timestamp": "2022-05-13 17:29:51.767726", "sender": "Visual Analysis", "entity": "https://xr4drama-integration.nurogames.com/server/projects/140/files/916/download", "simmoid": "7ad2cbe9-43ba-4727-a769-3762462f3bbc", "project_id": 140}, "shotInfo": [{"shotIdx": 0, "startFrame": 0, "endFrame": 0, "objectsFound": [{"type": "sky", "probability": 0.28919219970703125}, {"type": "building", "probability": 0.2335662841796875}, {"type": "road", "probability": 0.21727752685546875}, {"type": "sidewalk", "probability": 0.17838287353515625}, {"type": "person", "probability": 0.05828857421875}, {"type": "car", "probability": 0.0118255615234375}, {"type": "signboard", "probability": 0.0042572021484375}, {"type": "base", "probability": 0.0019073486328125}, {"type": "flag", "probability": 0.0017547607421875}, {"type": "plant", "probability": 0.00165557861328125}, {"type": "minibike", "probability": 0.0013275146484375}, {"type": "poster", "probability": 0.00037384033203125}, {"type": "bench", "probability": 7.62939453125e-05}, {"type": "skyscraper", "probability": 6.103515625e-05}, {"type": "box", "probability": 3.814697265625e-05}, {"type": "traffic", "probability": 1.52587890625e-05}], "peopleInDanger": 0, "vehiclesInDanger": 0, "riverOvertop": false, "area": "plaza", "areaProb": 0.2961, "outdoor": true, "emergencyType": "none", "emergencyProb": 0.999779999256134, "category": "Accommodation", "subcategory": "Campsites", "coordinate": [48.130089, 11.6053], "animalsInDanger": 7, "infraInDanger": ["kindergraden", "office", "nurseries", "road", "kindergraden", "stadium", "company", "nurseries", "university"], "objectsInDanger": ["Coin", "Bicycle", "Blanket", "Glass", "Bag", "Table", "Dish", "Shoe", "Notebook", "Pencil", "Cupboard", "Pencil", "Paper", "Bed", "Blouse", "Computer", "Spoon", "Bicycle", "Glass"]}]}