{"_id": {"$oid": "6213ca0942fde02430089b1b"}, "header": {"timestamp": "2022-02-21 16:39:09.725780", "sender": "Visual Analysis", "entity": "video", "simmoid": "60aeb4e9-f9a5-4470-8a8d-de0694182f7c", "project_id": "1"}, "shotInfo": [

{"shotIdx": 32, "startFrame": "3649", "endFrame": "3778", "objectsFound": [{"type": "road", "probability": 46.42401801215278}, {"type": "grass", "probability": 35.96327039930556}, {"type": "tree", "probability": 21.18462456597222}, {"type": "fountain", "probability": 3.0938042534722223}, {"type": "plant", "probability": 5.893961588541666}, {"type": "ceiling", "probability": 11.657036675347223}, {"type": "wall", "probability": 5.550130208333334}, {"type": "car", "probability": 13.347710503472221}, {"type": "water", "probability": 1.7720540364583333}, {"type": "earth", "probability": 13.214111328125}, {"type": "sky", "probability": 0.692409939236111}], "peopleInDanger": 0, "vehiclesInDanger": 0, "riverOvertop": false, "area": "railroad_track", "areaProb": 0.09810714285714285, "outdoor": true, "emergencyType": "none", "emergencyProb": 0.9998953322569529, "category": "Education", "subcategory": "Kindergartens", "coordinate": [45.544771, 11.564912], "animalsInDanger": 19, "infraInDanger": ["company", "kindergraden", "office", "office", "road", "tower", "ceiling"], "objectsInDanger": ["Blanket", "Notebook", "Car", "Window", "Table", "Pillow", "Stove", "Sweater", "Glue"]}]}