{"_id": {"$oid": "62434aa1692f7f5379d3d2ff"}, "header": {"timestamp": "2022-03-29 18:09:51.052135", "sender": "Visual Analysis", "entity": "video", "simmoid": "372d0e9b-b361-452b-af05-34ee99bced76", "project_id": "82"}, "shotInfo": [

{"shotIdx": 11, "startFrame": "5178", "endFrame": "5333", "objectsFound": [{"type": "wall", "probability": 64.45244683159721}, {"type": "ceiling", "probability": 14.668104383680555}, {"type": "person", "probability": 4.694281684027778}, {"type": "chair", "probability": 1.50146484375}], "peopleInDanger": 0, "vehiclesInDanger": 0, "riverOvertop": false, "area": "cafeteria", "areaProb": 0.5123428571428571, "outdoor": true, "emergencyType": "none", "emergencyProb": 0.9952921350797017, "category": "Public Services", "subcategory": "Tourist Offices", "coordinate": [45.55054180487325, 11.548604965209961], "animalsInDanger": 18, "infraInDanger": ["parking", "ceiling", "school", "company", "nurseries", "university", "road", "office", "office", "ceiling", "parking", "company", "room", "kindergraden"], "objectsInDanger": ["Wallet", "Bed", "Book", "Stove", "Cupboard", "Wallet", "Shirt"]}]}