{"_id": {"$oid": "62434aa1692f7f5379d3d2ff"}, "header": {"timestamp": "2022-03-29 18:09:51.052135", "sender": "Visual Analysis", "entity": "video", "simmoid": "372d0e9b-b361-452b-af05-34ee99bced76", "project_id": "82"}, "shotInfo": [

{"shotIdx": 22, "startFrame": "10748", "endFrame": "10931", "objectsFound": [{"type": "sky", "probability": 36.73299153645833}, {"type": "wall", "probability": 35.60791015625}, {"type": "earth", "probability": 20.56342230902778}, {"type": "building", "probability": 11.366102430555555}, {"type": "tree", "probability": 7.857937282986111}, {"type": "road", "probability": 4.58984375}, {"type": "mountain", "probability": 2.469211154513889}], "peopleInDanger": 0, "vehiclesInDanger": 0, "riverOvertop": false, "area": "ruin", "areaProb": 0.07747777777777778, "outdoor": true, "emergencyType": "none", "emergencyProb": 0.9979536235332489, "category": "Finance", "subcategory": "Exchange Offices", "coordinate": [45.55054180487325, 11.548604965209961], "animalsInDanger": 7, "infraInDanger": ["road", "nurseries", "office", "office", "nurseries", "road", "university", "road", "nurseries", "parking", "tower", "company"], "objectsInDanger": ["Desk", "Helmet", "Shoe", "Whiteboard", "Banknote", "Banknote", "Coin", "Door", "Bicycle", "Knife", "Shirt", "Spoon", "Banknote", "Bicycle", "Glass", "Bed", "Computer", "Glass", "Stool", "Wallet", "Banknote"]}]}