{"_id": {"$oid": "6214e0fa0e54a551b7172a31"}, "header": {"timestamp": "2022-02-22 13:33:36.981597", "sender": "Visual Analysis", "entity": "video", "simmoid": "cf798436-e82a-4af5-8de0-c6faeb8069cb", "project_id": "1"}, "shotInfo": [

{"shotIdx": 26, "startFrame": "3421", "endFrame": "3488", "objectsFound": [{"type": "sky", "probability": 69.87643771701389}, {"type": "building", "probability": 4.296875}, {"type": "tree", "probability": 14.77389865451389}, {"type": "sand", "probability": 5.914306640625}, {"type": "wall", "probability": 2.004665798611111}, {"type": "sea", "probability": 0.4781087239583333}], "peopleInDanger": 0, "vehiclesInDanger": 0, "riverOvertop": false, "area": "forest_broadleaf", "areaProb": 0.056400000000000006, "outdoor": true, "emergencyType": "none", "emergencyProb": 0.9401872078577678, "category": "Commerce", "subcategory": "Other Shops", "coordinate": [45.55054180487325,11.548604965209961], "animalsInDanger": 11, "infraInDanger": [], "objectsInDanger": ["Blanket", "Key", "Door", "Banknote", "Dish", "Wallet", "Car", "Cup", "Paper", "Cup", "Coffee maker", "Computer", "Dish", "Pillow", "Pen", "Sweater", "Washing machine", "Window", "Cup", "Pen", "Door", "Door", "Table", "Dish", "Cup", "Pot", "Pen", "Blanket"]}]}