{"_id": {"$oid": "6216016f600a435c38d2a295"}, "header": {"timestamp": "2022-02-23 10:39:45.180299", "sender": "Visual Analysis", "entity": "video", "simmoid": "60aeb4e9-f9a5-4470-8a8d-de0694182f7c", "project_id": "1"}, "shotInfo": [

{"shotIdx": 11, "startFrame": "1317", "endFrame": "1379", "objectsFound": [{"type": "building", "probability": 83.331298828125}, {"type": "road", "probability": 12.07614474826389}, {"type": "sky", "probability": 3.4247504340277777}], "peopleInDanger": 0, "vehiclesInDanger": 0, "riverOvertop": false, "area": "alley", "areaProb": 0.116875, "outdoor": true, "emergencyType": "none", "emergencyProb": 0.999984880288442, "category": "Transportation", "subcategory": "Bike Rentals", "coordinate": [35.533753, 24.065016], "animalsInDanger": 5, "infraInDanger": ["stadium"], "objectsInDanger": ["Backpack", "Pencil", "Shoe", "Book", "Chair", "Spoon", "Sweater", "Glass", "Pencil", "Bookcase", "Coffee maker", "Whiteboard", "Fridge", "Pot", "Pencil", "Glass", "Cup", "Fork", "Pencil", "Chair", "Bed", "Dish", "Blouse", "Toothbrush", "Pillow", "Desk", "Fork", "Backpack", "Helmet", "Banknote", "Window", "Fridge", "Fork", "Notebook"]}]}