{"_id": {"$oid": "62820c5a6611e02826986a59"}, "header": {"timestamp": "2022-05-16 11:28:11.387201", "sender": "Visual Analysis", "entity": "video", "simmoid": "60aeb4e9-f9a5-4470-8a8d-de0694182f7c", "project_id": "143"}, "shotInfo": [

{"shotIdx": 37, "startFrame": "4433", "endFrame": "4534", "objectsFound": [{"type": "sky", "probability": 38.70317944250871}, {"type": "tree", "probability": 29.394190984320556}, {"type": "building", "probability": 6.3037619773519165}, {"type": "road", "probability": 10.497196210801393}, {"type": "grass", "probability": 22.409897648083625}, {"type": "river", "probability": 9.072163545296167}, {"type": "field", "probability": 1.609456663763066}, {"type": "earth", "probability": 30.86073606271777}, {"type": "path", "probability": 0.4797746080139373}, {"type": "house", "probability": 4.009010235191638}, {"type": "stage", "probability": 0.04491506968641115}, {"type": "wall", "probability": 2.6043935104529616}, {"type": "plant", "probability": 9.945285278745644}, {"type": "water", "probability": 0.28650370209059234}], "peopleInDanger": 0, "vehiclesInDanger": 0, "riverOvertop": false, "area": "mansion", "areaProb": 0.1408, "outdoor": true, "emergencyType": "none", "emergencyProb": 0.9999628305435181, "category": "Transportation", "subcategory": "Air Travel", "coordinate": [45.55054180487325, 11.548604965209961], "animalsInDanger": 2, "infraInDanger": ["parking", "stadium", "office", "ceiling", "tourist office", "tourist office", "house", "tower", "house", "tourist office", "company"], "objectsInDanger": ["Bicycle", "Blouse", "Fridge", "Bicycle", "Toothbrush", "Fork", "Shoe", "Cupboard", "Whiteboard", "Glue", "Coffee maker", "Sofa", "Window", "Knife", "Notebook", "Whiteboard", "Trousers", "Bag", "Car", "Blouse", "Sink", "Pot", "Car", "Stool", "Sink", "Bicycle"]}]}