{"_id": {"$oid": "62b44369bcf59a1cde9cb2cd"}, "header": {"timestamp": "2022-06-23 13:41:21.879873", "sender": "Visual Analysis", "entity": "twitter_post", "simmoid": "1420468396622295047", "project_id": "154"}, "shotInfo": [{"shotIdx": 0, "startFrame": 0, "endFrame": 0, "objectsFound": [{"type": "wall", "probability": 0.5951407068062827}, {"type": "person", "probability": 0.26021555955497383}, {"type": "sculpture", "probability": 0.07986338350785341}, {"type": "table", "probability": 0.018948380235602094}, {"type": "bannister", "probability": 0.014377454188481676}, {"type": "painting", "probability": 0.0127668929973822}, {"type": "cabinet", "probability": 0.0063757771596858635}, {"type": "column", "probability": 0.002674042866492146}, {"type": "stool", "probability": 0.002357043520942408}, {"type": "pot", "probability": 0.0016821416884816754}, {"type": "tray", "probability": 0.0014776259816753927}, {"type": "basket", "probability": 0.0012270942408376963}, {"type": "bench", "probability": 0.0009407722513089005}, {"type": "tree", "probability": 0.0009100948952879581}, {"type": "floor", "probability": 0.00041414430628272246}, {"type": "ashcan", "probability": 0.00029654777486910994}, {"type": "bicycle", "probability": 0.00018406413612565445}, {"type": "box", "probability": 8.691917539267015e-05}, {"type": "lamp", "probability": 5.624181937172775e-05}, {"type": "chair", "probability": 5.112892670157068e-06}], "peopleInDanger": 0, "vehiclesInDanger": 0, "riverOvertop": false, "area": "restaurant", "areaProb": 0.11019999999999999, "outdoor": true, "emergencyType": "none", "emergencyProb": 0.9880979657173157, "category": "Natural Elements", "subcategory": "Water Bodies", "coordinate": [35.52925763063966,24.07529354095459], "animalsInDanger": 9, "infraInDanger": ["office", "ceiling", "parking", "kindergraden", "company", "room", "tower", "nurseries", "nurseries", "office", "kindergraden", "company", "kindergraden", "university"], "objectsInDanger": ["Dish", "Dish", "Fridge", "Shirt", "Car", "Shirt", "Bag", "Table", "Clock", "Pencil", "Window", "Sofa", "Key", "Stool", "Coin"]}]}