{"_id": {"$oid": "6213ca0942fde02430089b1b"}, "header": {"timestamp": "2022-02-21 16:39:09.725780", "sender": "Visual Analysis", "entity": "video", "simmoid": "60aeb4e9-f9a5-4470-8a8d-de0694182f7c", "project_id": "1"}, "shotInfo": [

{"shotIdx": 24, "startFrame": "2578", "endFrame": "2639", "objectsFound": [{"type": "sky", "probability": 30.05642361111111}, {"type": "building", "probability": 30.629475911458332}, {"type": "road", "probability": 19.39629448784722}, {"type": "tree", "probability": 15.771484375}, {"type": "grass", "probability": 5.710177951388888}], "peopleInDanger": 0, "vehiclesInDanger": 0, "riverOvertop": false, "area": "canal_urban", "areaProb": 0.11449, "outdoor": true, "emergencyType": "none", "emergencyProb": 0.9999842093541071, "category": "Disaster Management", "subcategory": "Flooded Reports", "coordinate": [45.544777, 11.564912], "animalsInDanger": 10, "infraInDanger": ["room", "room", "road", "nurseries", "road", "office", "stadium", "ceiling"], "objectsInDanger": ["Glue", "Fork", "Spoon", "Blouse", "Washing machine", "Ruler", "Spoon", "Computer", "Computer", "Table", "Computer", "Helmet", "Blouse", "Blanket", "Bag", "Bed", "Book", "Ruler", "Shoe", "Cupboard", "Stool", "Fridge"]}]}