{"_id": {"$oid": "6216016f600a435c38d2a295"}, "header": {"timestamp": "2022-02-23 10:39:45.180299", "sender": "Visual Analysis", "entity": "video", "simmoid": "60aeb4e9-f9a5-4470-8a8d-de0694182f7c", "project_id": "1"}, "shotInfo": [{"shotIdx": 26, "startFrame": "2892", "endFrame": "3017", "objectsFound": [{"type": "sky", "probability": 65.93560112847221}, {"type": "building", "probability": 29.44878472222222}, {"type": "flag", "probability": 7.084825303819445}, {"type": "earth", "probability": 3.5569932725694446}], "peopleInDanger": 0, "vehiclesInDanger": 0, "riverOvertop": false, "area": "excavation", "areaProb": 0.11205, "outdoor": true, "emergencyType": "none", "emergencyProb": 0.9999999701976776, "category": "Finance", "subcategory": "Exchange Offices", "coordinate": [35.52925763063966,24.07529354095459], "animalsInDanger": 20, "infraInDanger": ["tower", "ceiling", "school", "room", "office", "office", "university", "tower", "stadium", "tourist office", "ceiling", "stadium", "room", "office", "university"], "objectsInDanger": ["Pot", "Shoe", "Fridge", "Stove", "Pot", "Sofa", "Wallet"]}]}