{"_id": {"$oid": "627e63522af228bf124e07fb"}, "header": {"timestamp": "2022-05-13 16:55:17.793214", "sender": "Visual Analysis", "entity": "citizen_report", "simmoid": "7ad2cbe9-43ba-4727-a769-3762462f3bbc", "project_id": 0}, "shotInfo": [{"shotIdx": 0, "startFrame": 0, "endFrame": 0, "objectsFound": [{"type": "crt", "probability": 0.42784627278645826}, {"type": "floor", "probability": 0.23026529947916663}, {"type": "screen_projection", "probability": 0.13965352376302084}, {"type": "wall", "probability": 0.0908660888671875}, {"type": "computer", "probability": 0.0463714599609375}, {"type": "desk", "probability": 0.02702840169270833}, {"type": "monitor", "probability": 0.02386474609375}, {"type": "table", "probability": 0.014073689778645836}, {"type": "lamp", "probability": 3.0517578125e-05}], "peopleInDanger": 0, "vehiclesInDanger": 0, "riverOvertop": false, "area": "airport_terminal", "areaProb": 0.1461, "outdoor": true, "emergencyType": "none", "emergencyProb": 0.9992132186889648, "category": "Infrastructure", "subcategory": "Aqueducts", "coordinate": [48.130089, 11.6053], "animalsInDanger": 16, "infraInDanger": ["office", "company", "tower", "kindergraden", "tower", "office", "house", "office", "parking", "university", "ceiling"], "objectsInDanger": ["Wallet", "Sink", "Window", "Pen", "Bookcase", "Sofa", "Bed", "Shoe", "Stove", "Door", "Wallet", "Fridge", "Coin", "Washing machine", "Blanket", "Pencil", "Key", "Sweater", "Shirt", "Blouse", "Toothbrush", "Bag", "Whiteboard", "Sofa", "Blanket", "Spoon", "Sink", "Key", "Trousers", "Bookcase", "Sofa", "Car", "Pencil", "Spoon", "Knife", "Bookcase", "Helmet", "Pencil", "Book", "Pencil"]}]}