{"_id": {"$oid": "6283bd7f0efbbdf0835b2689"}, "header": {"timestamp": "2022-05-17 18:21:21.411095", "sender": "Visual Analysis", "entity": "citizen_report", "simmoid": "edce8582-fdb6-485b-b437-f60d2b23a393", "project_id": "citizen"}, "shotInfo": [{"shotIdx": 0, "startFrame": 0, "endFrame": 0, "objectsFound": [{"type": "wall", "probability": 0.3546600341796875}, {"type": "building", "probability": 0.21113077799479163}, {"type": "windowpane", "probability": 0.18451944986979163}, {"type": "ceiling", "probability": 0.09957377115885419}, {"type": "door", "probability": 0.07215372721354167}, {"type": "base", "probability": 0.02550252278645833}, {"type": "case", "probability": 0.0235748291015625}, {"type": "step", "probability": 0.00927734375}, {"type": "counter", "probability": 0.0076904296875}, {"type": "bannister", "probability": 0.003209431966145834}, {"type": "cabinet", "probability": 0.0019073486328125}, {"type": "floor", "probability": 0.001668294270833333}, {"type": "fireplace", "probability": 0.001378377278645833}, {"type": "streetlight", "probability": 0.0012359619140625}, {"type": "curtain", "probability": 0.0008036295572916665}, {"type": "book", "probability": 0.00043233235677083326}, {"type": "blind", "probability": 0.00040690104166666674}, {"type": "skyscraper", "probability": 0.00038655598958333326}, {"type": "crt", "probability": 0.00017801920572916663}, {"type": "stage", "probability": 0.00010172526041666668}, {"type": "painting", "probability": 9.1552734375e-05}, {"type": "column", "probability": 3.5603841145833336e-05}, {"type": "table", "probability": 3.0517578125e-05}, {"type": "desk", "probability": 3.0517578125e-05}, {"type": "glass", "probability": 2.034505208333333e-05}], "peopleInDanger": 0, "vehiclesInDanger": 0, "riverOvertop": false, "area": "railroad_track", "areaProb": 0.12890000000000001, "outdoor": true, "emergencyType": "none", "emergencyProb": 0.9991046786308289, "category": "Medical", "subcategory": "Doctors", "coordinate": [35.53375, 24.0650185], "animalsInDanger": 13, "infraInDanger": ["school", "university", "tower", "office"], "objectsInDanger": ["Dish", "Computer"]}]}