{"_id": {"$oid": "6214e0fa0e54a551b7172a31"}, "header": {"timestamp": "2022-02-22 13:33:36.981597", "sender": "Visual Analysis", "entity": "video", "simmoid": "cf798436-e82a-4af5-8de0-c6faeb8069cb", "project_id": "1"}, "shotInfo": [

{"shotIdx": 16, "startFrame": "2313", "endFrame": "2422", "objectsFound": [{"type": "building", "probability": 98.42732747395834}, {"type": "sky", "probability": 4.623752170138888}, {"type": "tree", "probability": 1.3760036892361112}, {"type": "wall", "probability": 1.2403700086805556}], "peopleInDanger": 0, "vehiclesInDanger": 0, "riverOvertop": false, "area": "staircase", "areaProb": 0.07183333333333333, "outdoor": true, "emergencyType": "none", "emergencyProb": 0.9999651193618775, "category": "Medical", "subcategory": "Doctors", "coordinate": [45.55054180487325,11.548604965209961], "animalsInDanger": 15, "infraInDanger": ["parking", "house", "kindergraden", "kindergraden", "tower", "office", "house", "nurseries", "tourist office", "office", "tourist office", "room", "office", "parking", "company"], "objectsInDanger": ["Bookcase", "Sweater", "Sweater", "Knife", "Pot", "Knife", "Dish", "Knife", "Shirt", "Key", "Knife", "Bag", "Notebook", "Banknote", "Bag", "Sofa", "Spoon", "Computer", "Wallet", "Dish", "Stove", "Spoon", "Pen", "Bag", "Pencil", "Pot", "Bed", "Paper", "Stove", "Bicycle", "Ruler", "Window", "Coin", "Banknote", "Shirt", "Cup", "Shoe", "Wallet", "Shirt", "Blouse", "Cupboard", "Knife", "Helmet", "Fridge"]}]}