{"_id": {"$oid": "62b4285ca8d96e104c0de313"}, "header": {"timestamp": "2022-06-23 11:46:04.347011", "sender": "Visual Analysis", "entity": "twitter_post", "simmoid": "1420633976138608640", "project_id": "154"}, "shotInfo": [{"shotIdx": 0, "startFrame": 0, "endFrame": 0, "objectsFound": [{"type": "signboard", "probability": 0.7613414960268947}, {"type": "sky", "probability": 0.09447585574572127}, {"type": "earth", "probability": 0.04995511155256724}, {"type": "tree", "probability": 0.040581066625916866}, {"type": "fence", "probability": 0.03730994040342298}, {"type": "building", "probability": 0.007616709963325184}, {"type": "grass", "probability": 0.004517496943765281}, {"type": "road", "probability": 0.0024020094743276285}, {"type": "wall", "probability": 0.001728682762836186}, {"type": "person", "probability": 7.163050122249389e-05}], "peopleInDanger": 0, "vehiclesInDanger": 0, "riverOvertop": false, "area": "gas_station", "areaProb": 0.39149999999999996, "outdoor": true, "emergencyType": "none", "emergencyProb": 0.9999808073043823, "category": "Education", "subcategory": "Nurseries", "coordinate": [48.13009, 11.6053], "animalsInDanger": 15, "infraInDanger": ["room", "school", "school", "tower"], "objectsInDanger": ["Pillow", "Door", "Sweater", "Bed", "Coin", "Bag", "Pillow", "Pillow", "Dish", "Ruler", "Key", "Ruler", "Cup", "Washing machine", "Sofa", "Pillow", "Door", "Shoe", "Notebook", "Book", "Bicycle", "Car", "Shoe"]}]}