{"_id": {"$oid": "6284c41cbf84728271056fd3"}, "header": {"timestamp": "2022-05-18 13:01:41.346802", "sender": "Visual Analysis", "entity": "twitter_post", "simmoid": "1420446454074724354", "project_id": "154"}, "shotInfo": [{"shotIdx": 0, "startFrame": 0, "endFrame": 0, "objectsFound": [{"type": "person", "probability": 0.5233202105091384}, {"type": "wall", "probability": 0.34326044386422977}, {"type": "ceiling", "probability": 0.07595259464751958}, {"type": "floor", "probability": 0.030699249347258487}, {"type": "building", "probability": 0.009490249673629244}, {"type": "pole", "probability": 0.007404536553524804}, {"type": "windowpane", "probability": 0.004145928524804178}, {"type": "signboard", "probability": 0.0031158208224543083}, {"type": "sidewalk", "probability": 0.0019378263707571799}, {"type": "trade", "probability": 0.0006731396866840732}], "peopleInDanger": 0, "vehiclesInDanger": 0, "riverOvertop": false, "area": "market_outdoor", "areaProb": 0.0983, "outdoor": true, "emergencyType": "none", "emergencyProb": 0.9999852180480957, "category": "Disaster Management", "subcategory": "Civil Protection", "coordinate": [35.53375, 24.0650185], "animalsInDanger": 5, "infraInDanger": ["ceiling", "ceiling", "ceiling", "office", "house", "tower", "university", "tower", "room", "house", "parking", "tower", "room", "tourist office"], "objectsInDanger": ["Backpack", "Chair", "Fork", "Desk", "Car", "Trousers", "Glass", "Ruler", "Glue", "Window", "Banknote", "Pen", "Pot", "Fridge", "Blouse", "Coffee maker", "Window", "Ruler", "Car", "Sink", "Sweater", "Banknote", "Bed", "Wallet", "Book", "Toothbrush", "Table", "Bookcase", "Blouse", "Shirt", "Chair", "Window", "Table", "Fork", "Bag", "Desk", "Spoon"]}]}