{"_id": {"$oid": "62820c5a6611e02826986a59"}, "header": {"timestamp": "2022-05-16 11:28:11.387201", "sender": "Visual Analysis", "entity": "video", "simmoid": "60aeb4e9-f9a5-4470-8a8d-de0694182f7c", "project_id": "143"}, "shotInfo": [

{"shotIdx": 27, "startFrame": "3018", "endFrame": "3143", "objectsFound": [{"type": "wall", "probability": 43.622060104529616}, {"type": "ceiling", "probability": 41.30689242160279}, {"type": "stage", "probability": 0.17829921602787457}, {"type": "building", "probability": 0.7594729965156795}], "peopleInDanger": 0, "vehiclesInDanger": 0, "riverOvertop": false, "area": "bar", "areaProb": 0.37794999999999995, "outdoor": true, "emergencyType": "none", "emergencyProb": 0.9999627967675527, "category": "Flood Forecasts", "subcategory": "Flood Results From Model", "coordinate": [35.53375, 24.06505], "animalsInDanger": 16, "infraInDanger": ["tourist office", "office", "road", "parking"], "objectsInDanger": ["Key", "Wallet", "Desk", "Blanket", "Sofa", "Stool", "Sweater", "Shirt", "Sweater", "Trousers", "Glass", "Stool", "Sweater", "Whiteboard", "Stool", "Pillow", "Dish", "Car", "Fridge", "Wallet", "Stove", "Bookcase", "Coin", "Washing machine", "Book", "Wallet", "Paper", "Stove", "Clock", "Spoon", "Pot", "Dish", "Paper", "Knife", "Glue", "Glue", "Stool", "Wallet", "Car", "Paper", "Helmet", "Blouse", "Spoon", "Door", "Cupboard"]}]}