{"_id": {"$oid": "6234624092821731e26253c3"}, "header": {"timestamp": "2022-03-18 12:43:03.783670", "sender": "Visual Analysis", "entity": "twitter_post", "simmoid": "893367008410181633", "project_id": "14032022"}, "shotInfo": [{"shotIdx": 0, "startFrame": 0, "endFrame": 0, "objectsFound": [{"type": "person", "probability": 0.4951526988636364}, {"type": "wall", "probability": 0.33663884943181815}, {"type": "table", "probability": 0.06702769886363637}, {"type": "floor", "probability": 0.050257457386363634}, {"type": "monitor", "probability": 0.018084161931818183}, {"type": "signboard", "probability": 0.017595880681818183}, {"type": "chair", "probability": 0.005149147727272727}, {"type": "stage", "probability": 0.004465553977272727}, {"type": "seat", "probability": 0.002840909090909091}, {"type": "grandstand", "probability": 0.0018377130681818182}, {"type": "base", "probability": 0.0007279829545454546}, {"type": "bottle", "probability": 0.00013316761363636363}, {"type": "windowpane", "probability": 6.214488636363636e-05}, {"type": "desk", "probability": 2.6633522727272726e-05}], "peopleInDanger": 0, "vehiclesInDanger": 0, "riverOvertop": false, "area": "cafeteria", "areaProb": 0.1991, "outdoor": true, "emergencyType": "none", "emergencyProb": 0.9999651908874512, "category": "Commerce", "subcategory": "Clothing", "coordinate": [45.544775, 11.564912], "animalsInDanger": 14, "infraInDanger": ["road"], "objectsInDanger": ["Bicycle", "Pen", "Sofa", "Backpack"]}]}