{"_id": {"$oid": "623c9aaf7d9e4cd180c9a6f8"}, "header": {"timestamp": "2022-03-24 17:42:23.152261", "sender": "Visual Analysis", "entity": "video", "simmoid": "cf798436-e82a-4af5-8de0-c6faeb8069cb", "project_id": "20"}, "shotInfo": [

{"shotIdx": 17, "startFrame": "2423", "endFrame": "2517", "objectsFound": [{"type": "wall", "probability": 45.32877604166667}, {"type": "ceiling", "probability": 6.9091796875}, {"type": "sculpture", "probability": 16.75347222222222}, {"type": "chair", "probability": 4.044596354166666}, {"type": "table", "probability": 2.1674262152777777}], "peopleInDanger": 0, "vehiclesInDanger": 0, "riverOvertop": false, "area": "bar", "areaProb": 0.7921111111111112, "outdoor": true, "emergencyType": "none", "emergencyProb": 0.9973666005664401, "category": "Commerce", "subcategory": "Electronics", "coordinate": [45.55054180487325,11.548604965209961], "animalsInDanger": 20, "infraInDanger": ["tower"], "objectsInDanger": ["Door", "Chair", "Table", "Pillow", "Blanket", "Shirt", "Pillow", "Notebook", "Window", "Stove", "Trousers", "Toothbrush", "Fridge", "Cup", "Shoe", "Banknote", "Toothbrush", "Window", "Dish", "Pillow", "Computer", "Key", "Desk", "Chair", "Bicycle", "Notebook", "Pen", "Wallet", "Cup", "Bookcase", "Toothbrush", "Glass", "Blanket", "Blanket", "Sweater"]}]}