{"_id": {"$oid": "62430bc8e6d3068eca396a4a"}, "header": {"timestamp": "2022-03-29 16:02:36.107553", "sender": "Visual Analysis", "entity": "video", "simmoid": "cf798436-e82a-4af5-8de0-c6faeb8069cb", "project_id": "82"}, "shotInfo": [

{"shotIdx": 19, "startFrame": "2630", "endFrame": "2772", "objectsFound": [{"type": "building", "probability": 82.9345703125}, {"type": "sky", "probability": 23.26321072048611}], "peopleInDanger": 0, "vehiclesInDanger": 0, "riverOvertop": false, "area": "railroad_track", "areaProb": 0.07854285714285715, "outdoor": true, "emergencyType": "none", "emergencyProb": 0.99984353354999, "category": "Commerce", "subcategory": "Clothing", "coordinate": [45.55054180487325, 11.548604965209961], "animalsInDanger": 18, "infraInDanger": ["kindergraden", "road", "kindergraden", "house", "university", "ceiling", "tourist office", "company", "ceiling", "ceiling", "school"], "objectsInDanger": ["Backpack", "Sofa", "Bookcase", "Sink", "Bed", "Fork", "Fridge", "Fork", "Washing machine", "Stool", "Pot", "Key", "Key", "Blouse", "Sofa", "Helmet", "Key", "Car", "Cupboard", "Key", "Pen", "Shoe", "Sweater", "Table", "Key", "Helmet", "Washing machine", "Sofa", "Stove", "Glue", "Window", "Cupboard", "Stove", "Whiteboard", "Car", "Paper"]}]}