{"_id": {"$oid": "62b43dedbcf59a1cde9cb2c9"}, "header": {"timestamp": "2022-06-23 13:18:08.330514", "sender": "Visual Analysis", "entity": "twitter_post", "simmoid": "1420492576843522049", "project_id": "154"}, "shotInfo": [{"shotIdx": 0, "startFrame": 0, "endFrame": 0, "objectsFound": [{"type": "person", "probability": 0.5543647378177966}, {"type": "wall", "probability": 0.3044392213983051}, {"type": "floor", "probability": 0.09938592425847456}, {"type": "signboard", "probability": 0.025200278072033903}, {"type": "ceiling", "probability": 0.012993246822033898}, {"type": "windowpane", "probability": 0.0034759004237288134}, {"type": "light", "probability": 0.00014069120762711865}], "peopleInDanger": 0, "vehiclesInDanger": 0, "riverOvertop": false, "area": "bar", "areaProb": 0.19510000000000002, "outdoor": true, "emergencyType": "none", "emergencyProb": 0.9987490177154541, "category": "Natural Elements", "subcategory": "Natura 2000 Sites", "coordinate": [35.52925763063966,24.07529354095459], "animalsInDanger": 16, "infraInDanger": ["university", "kindergraden", "tower", "school", "office", "university", "kindergraden", "kindergraden", "parking", "parking", "nurseries", "ceiling"], "objectsInDanger": ["Toothbrush", "Computer", "Ruler", "Cupboard", "Computer", "Key", "Bag", "Sofa", "Pen", "Shirt", "Spoon", "Sink", "Blouse", "Pot", "Notebook", "Bed", "Bed", "Stove", "Bed", "Trousers", "Bed", "Fridge"]}]}