{"_id": {"$oid": "62434aa1692f7f5379d3d2ff"}, "header": {"timestamp": "2022-03-29 18:09:51.052135", "sender": "Visual Analysis", "entity": "video", "simmoid": "372d0e9b-b361-452b-af05-34ee99bced76", "project_id": "82"}, "shotInfo": [

{"shotIdx": 24, "startFrame": "11886", "endFrame": "12553", "objectsFound": [{"type": "sky", "probability": 64.31816948784721}, {"type": "tower", "probability": 25.377061631944443}, {"type": "building", "probability": 32.78130425347222}, {"type": "mountain", "probability": 19.120958116319446}, {"type": "tree", "probability": 4.332139756944445}, {"type": "sea", "probability": 4.583062065972222}, {"type": "clock", "probability": 2.178955078125}, {"type": "water", "probability": 2.675374348958333}, {"type": "earth", "probability": 2.440049913194444}, {"type": "river", "probability": 1.372612847222222}, {"type": "wall", "probability": 20.11379665798611}, {"type": "road", "probability": 1.9056532118055556}], "peopleInDanger": 0, "vehiclesInDanger": 0, "riverOvertop": false, "area": "village", "areaProb": 0.14004000000000003, "outdoor": true, "emergencyType": "none", "emergencyProb": 0.9993609153863156, "category": "Education", "subcategory": "Secondary Schools", "coordinate": [45.55054180487325, 11.548604965209961], "animalsInDanger": 9, "infraInDanger": ["room", "stadium", "room", "university", "school", "ceiling", "stadium", "office", "tourist office", "parking"], "objectsInDanger": ["Sweater", "Stove", "Pot", "Glue", "Coin", "Book", "Banknote", "Pencil", "Bicycle", "Computer", "Bookcase", "Washing machine", "Toothbrush", "Wallet", "Bag", "Pot", "Wallet", "Glass", "Stool", "Coin", "Cupboard", "Cup", "Stool", "Spoon", "Bag", "Dish", "Fridge", "Pencil", "Pen", "Blanket", "Toothbrush", "Dish", "Door"]}]}