{"_id": {"$oid": "62418d3d32716b72191da410"}, "header": {"timestamp": "2022-03-28 12:44:26.401075", "sender": "Visual Analysis", "entity": "video", "simmoid": "cf798436-e82a-4af5-8de0-c6faeb8069cb", "project_id": "83"}, "shotInfo": [

{"shotIdx": 14, "startFrame": "2109", "endFrame": "2208", "objectsFound": [{"type": "wall", "probability": 48.50735134548611}, {"type": "fountain", "probability": 2.0087348090277777}, {"type": "stage", "probability": 0.753445095486111}, {"type": "person", "probability": 1.3529459635416665}], "peopleInDanger": 0, "vehiclesInDanger": 0, "riverOvertop": false, "area": "bar", "areaProb": 0.43434285714285714, "outdoor": true, "emergencyType": "none", "emergencyProb": 0.9990170333120558, "category": "Finance", "subcategory": "Exchange Offices", "coordinate": [45.559496, 11.5306666], "animalsInDanger": 1, "infraInDanger": ["road", "stadium"], "objectsInDanger": ["Stool", "Pot", "Window", "Coffee maker", "Table", "Cup", "Pillow", "Stove", "Pillow", "Paper", "Fridge", "Spoon", "Whiteboard", "Blanket", "Banknote", "Washing machine", "Coffee maker", "Pen", "Pot", "Glue", "Stove", "Bookcase", "Bookcase", "Cupboard", "Pen", "Key", "Paper", "Blanket", "Coffee maker", "Glass", "Knife", "Helmet", "Sweater", "Wallet", "Coin", "Computer", "Wallet", "Computer", "Sofa", "Bicycle", "Glue", "Shoe"]}]}