{"_id": {"$oid": "6213ca0942fde02430089b1b"}, "header": {"timestamp": "2022-02-21 16:39:09.725780", "sender": "Visual Analysis", "entity": "video", "simmoid": "60aeb4e9-f9a5-4470-8a8d-de0694182f7c", "project_id": "1"}, "shotInfo": [

{"shotIdx": 4, "startFrame": "804", "endFrame": "897", "objectsFound": [{"type": "building", "probability": 48.08688693576389}, {"type": "sky", "probability": 27.229817708333332}, {"type": "road", "probability": 15.184190538194445}, {"type": "tree", "probability": 5.686442057291666}, {"type": "mountain", "probability": 0.830078125}, {"type": "wall", "probability": 1.544189453125}], "peopleInDanger": 0, "vehiclesInDanger": 0, "riverOvertop": false, "area": "hotel_outdoor", "areaProb": 0.08240555555555557, "outdoor": true, "emergencyType": "none", "emergencyProb": 0.9999266579037621, "category": "Education", "subcategory": "Universities", "coordinate": [35.524678, 24.084345], "animalsInDanger": 7, "infraInDanger": ["nurseries", "room", "company", "company", "company", "tourist office", "office", "parking", "office", "university", "nurseries", "parking", "tourist office"], "objectsInDanger": ["Clock", "Coin", "Pencil", "Banknote", "Clock", "Washing machine", "Window", "Chair", "Pillow", "Paper", "Toothbrush", "Clock", "Bed", "Bicycle", "Wallet", "Sofa", "Banknote", "Coffee maker", "Cup", "Stool"]}]}