{"_id": {"$oid": "620fa2a6155d76f7524237b0"}, "header": {"timestamp": "2022-02-18 13:27:03.787464", "sender": "Visual Analysis", "entity": "video", "simmoid": "33df5ba6-aaf8-4c3f-b671-2a435e8ffc09", "project_id": "test"}, "shotInfo": [

	{"shotIdx": 0, "startFrame": "0", "endFrame": "66", "objectsFound": [{"type": "wall", "probability": 96.36789957682291}, {"type": "road", "probability": 13.1072998046875}, {"type": "water", "probability": 7.79266357421875}, {"type": "door", "probability": 1.0945638020833335}, {"type": "sky", "probability": 10.23406982421875}], "peopleInDanger": 0, "vehiclesInDanger": 0, "riverOvertop": false, "area": "hotel_outdoor", "areaProb": 0.0937111111111111, "outdoor": true, "emergencyType": "none", "emergencyProb": 0.9999831404004779, "category": "Natural Elements", "subcategory": "Natura 2000 Sites", "coordinate": [45.55054180487325,11.548604965209961], "animalsInDanger": 10, "infraInDanger": ["road", "tourist office", "kindergraden", "stadium", "university", "school", "room", "kindergraden", "kindergraden"], "objectsInDanger": ["Blouse", "Stool", "Fork", "Computer", "Dish", "Cupboard", "Ruler", "Pillow", "Wallet", "Computer", "Pencil", "Sink", "Chair", "Computer", "Table", "Chair", "Coffee maker", "Sweater", "Toothbrush", "Blouse", "Glue", "Notebook", "Trousers", "Pencil", "Table", "Paper", "Stove", "Wallet", "Bed", "Glass", "Desk", "Bookcase", "Notebook", "Pencil", "Shoe", "Coffee maker", "Bag", "Blouse", "Sink", "Door", "Ruler", "Fork", "Sweater", "Knife", "Key", "Bicycle", "Sofa"]}]}