{"_id": {"$oid": "6216016f600a435c38d2a295"}, "header": {"timestamp": "2022-02-23 10:39:45.180299", "sender": "Visual Analysis", "entity": "video", "simmoid": "60aeb4e9-f9a5-4470-8a8d-de0694182f7c", "project_id": "1"}, "shotInfo": [

{"shotIdx": 17, "startFrame": "2009", "endFrame": "2072", "objectsFound": [{"type": "building", "probability": 66.082763671875}, {"type": "sky", "probability": 26.40380859375}, {"type": "earth", "probability": 8.628336588541668}, {"type": "runway", "probability": 0.8626302083333334}], "peopleInDanger": 0, "vehiclesInDanger": 0, "riverOvertop": false, "area": "skyscraper", "areaProb": 0.23310000000000003, "outdoor": true, "emergencyType": "none", "emergencyProb": 0.9999170104662577, "category": "Flood Forecasts", "subcategory": "Flood Results From Model", "coordinate": [48.13009, 11.6053], "animalsInDanger": 8, "infraInDanger": ["office", "tower", "ceiling", "stadium", "stadium", "stadium", "kindergraden", "school"], "objectsInDanger": ["Sofa", "Whiteboard", "Pillow", "Trousers", "Whiteboard", "Table", "Bag", "Sweater", "Pen", "Banknote"]}]}