{"_id": {"$oid": "6241900b78efbc0167c1377f"}, "header": {"timestamp": "2022-03-28 13:37:54.333000", "sender": "Visual Analysis", "entity": "twitter_post", "simmoid": "1408345720437018624", "project_id": "84"}, "shotInfo": [{"shotIdx": 0, "startFrame": 0, "endFrame": 0, "objectsFound": [{"type": "wall", "probability": 0.7595960828993056}, {"type": "curtain", "probability": 0.21683756510416663}, {"type": "sky", "probability": 0.022738986545138888}, {"type": "windowpane", "probability": 0.0006781684027777778}, {"type": "floor", "probability": 9.49435763888889e-05}, {"type": "mountain", "probability": 4.747178819444445e-05}, {"type": "plant", "probability": 6.781684027777777e-06}], "peopleInDanger": 0, "vehiclesInDanger": 0, "riverOvertop": false, "area": "gas_station", "areaProb": 0.0623, "outdoor": true, "emergencyType": "none", "emergencyProb": 0.9998685121536255, "category": "Production Planning", "subcategory": "Sources of Pollution", "coordinate": [45.544775, 11.564912], "animalsInDanger": 12, "infraInDanger": ["parking", "tourist office"], "objectsInDanger": ["Bed", "Cup", "Blanket"]}]}