{"_id": {"$oid": "627a3d9df63c3a9a1866dcca"}, "header": {"timestamp": "2022-05-10 13:25:19.542112", "sender": "Visual Analysis", "entity": "citizen_report", "project_id": null}, "shotInfo": [

{"shotIdx": -1, "startFrame": 0, "endFrame": 0, "objectsFound": [{"type": "desk", "probability": 0.32164510091145826}, {"type": "computer", "probability": 0.2749735514322917}, {"type": "floor", "probability": 0.211578369140625}, {"type": "wall", "probability": 0.10375467936197919}, {"type": "crt", "probability": 0.036382039388020836}, {"type": "monitor", "probability": 0.031300862630208336}, {"type": "bed", "probability": 0.012186686197916664}, {"type": "bicycle", "probability": 0.003855387369791666}, {"type": "bag", "probability": 0.002848307291666666}, {"type": "chair", "probability": 0.001261393229166667}, {"type": "bottle", "probability": 0.00014750162760416666}, {"type": "book", "probability": 3.0517578125e-05}, {"type": "person", "probability": 3.0517578125e-05}, {"type": "stool", "probability": 5.086263020833332e-06}], "peopleInDanger": 0, "vehiclesInDanger": 0, "riverOvertop": false, "area": "coffee_shop", "areaProb": 0.0966, "outdoor": true, "emergencyType": "none", "emergencyProb": 0.9959271550178528, "category": "Public Services", "subcategory": "Tourist Offices", "coordinate": [48.142446, 11.568903], "animalsInDanger": 1, "infraInDanger": ["tower", "stadium", "company", "room", "company", "office", "road", "ceiling"], "objectsInDanger": ["Wallet", "Toothbrush", "Sofa", "Window", "Notebook", "Desk", "Cupboard", "Table", "Bookcase", "Spoon", "Dish", "Sweater", "Wallet", "Wallet", "Computer", "Ruler", "Dish", "Toothbrush", "Window", "Spoon", "Helmet", "Pot", "Fridge", "Glass", "Bicycle", "Backpack", "Glass", "Helmet", "Fridge", "Fridge", "Cup", "Banknote", "Pot", "Sweater", "Shoe", "Pen", "Coin", "Computer"]}]}