{"_id": {"$oid": "62430bc8e6d3068eca396a4a"}, "header": {"timestamp": "2022-03-29 16:02:36.107553", "sender": "Visual Analysis", "entity": "video", "simmoid": "cf798436-e82a-4af5-8de0-c6faeb8069cb", "project_id": "82"}, "shotInfo": [

{"shotIdx": 14, "startFrame": "2109", "endFrame": "2208", "objectsFound": [{"type": "wall", "probability": 48.50735134548611}, {"type": "fountain", "probability": 2.0087348090277777}, {"type": "stage", "probability": 0.753445095486111}, {"type": "person", "probability": 1.3529459635416665}], "peopleInDanger": 0, "vehiclesInDanger": 0, "riverOvertop": false, "area": "bar", "areaProb": 0.43434285714285714, "outdoor": true, "emergencyType": "none", "emergencyProb": 0.9990170333120558, "category": "Transportation", "subcategory": "Bike Rentals", "coordinate": [45.55054180487325,11.548604965209961], "animalsInDanger": 15, "infraInDanger": ["office", "road", "parking", "kindergraden", "nurseries", "university", "kindergraden", "house", "office", "office", "ceiling", "stadium", "room", "office", "company"], "objectsInDanger": ["Blouse", "Bookcase", "Window", "Stove", "Banknote", "Dish", "Chair", "Cup", "Ruler", "Shoe", "Paper", "Bookcase", "Toothbrush", "Spoon", "Clock", "Backpack", "Book", "Computer", "Dish", "Cup", "Fridge", "Table", "Toothbrush", "Banknote", "Glue", "Sofa", "Table", "Knife", "Notebook", "Pot", "Notebook", "Stove", "Computer", "Notebook", "Dish", "Blouse", "Shirt", "Ruler"]}]}