{"_id": {"$oid": "627cb724d32319b204f069a2"}, "header": {"timestamp": "2022-05-12 10:25:20.443635", "sender": "Visual Analysis", "entity": "video", "simmoid": "cf798436-e82a-4af5-8de0-c6faeb8069cb", "project_id": "118"}, "shotInfo": [

{"shotIdx": 1, "startFrame": "260", "endFrame": "347", "objectsFound": [{"type": "water", "probability": 87.94234538327527}, {"type": "sky", "probability": 8.895905923344948}, {"type": "earth", "probability": 3.2161912020905925}], "peopleInDanger": 0, "vehiclesInDanger": 0, "riverOvertop": false, "area": "creek", "areaProb": 0.2239625, "outdoor": true, "emergencyType": "none", "emergencyProb": 0.9988201335072517, "category": "Natural Elements", "subcategory": "Water Bodies", "coordinate": [45.55054180487325, 11.548604965209961], "animalsInDanger": 2, "infraInDanger": ["university", "room", "room", "office", "university", "room"], "objectsInDanger": ["Trousers", "Shirt", "Paper", "Blouse", "Key", "Notebook", "Sink", "Shoe", "Pen", "Cup", "Knife", "Dish", "Book", "Washing machine", "Coin", "Shoe", "Bicycle", "Spoon", "Paper", "Knife", "Spoon", "Backpack", "Fork", "Stove", "Bed", "Trousers", "Pot", "Blouse", "Pencil", "Cup", "Shoe", "Helmet", "Sink", "Fork", "Cup", "Fork", "Clock", "Dish", "Coin", "Backpack", "Banknote", "Notebook", "Shoe", "Dish", "Toothbrush", "Blanket", "Shoe", "Fork"]}]}