{"_id": {"$oid": "61eac2f87d2bf8167cc41c5e"}, "header": {"timestamp": "2022-01-21 14:12:34.824049", "sender": "Visual Analysis", "entity": "video", "simmoid": "abbb259b-7867-4b8a-ae2f-10becb2a96b5", "project_id": "test"}, "shotInfo": [{"shotIdx": 9, "startFrame": "5154", "endFrame": "5293", "objectsFound": [{"type": "sea", "probability": 60.760498046875}, {"type": "water", "probability": 3.9564344618055554}, {"type": "sky", "probability": 99.99660915798611}, {"type": "wall", "probability": 10.198296440972223}, {"type": "grass", "probability": 1.2525770399305556}], "peopleInDanger": 0, "vehiclesInDanger": 0, "riverOvertop": false, "area": "bar", "areaProb": 0.04504333333333333, "outdoor": true, "emergencyType": "none", "emergencyProb": 0.9999690958947847, "category": "Medical", "subcategory": "Doctors", "coordinate": [45.544775, 11.564912], "animalsInDanger": 12, "infraInDanger": ["university"], "objectsInDanger": ["something"]}]}