{"_id": {"$oid": "62434aa1692f7f5379d3d2ff"}, "header": {"timestamp": "2022-03-29 18:09:51.052135", "sender": "Visual Analysis", "entity": "video", "simmoid": "372d0e9b-b361-452b-af05-34ee99bced76", "project_id": "82"}, "shotInfo": [

{"shotIdx": 16, "startFrame": "7054", "endFrame": "7779", "objectsFound": [{"type": "sky", "probability": 31.070963541666668}, {"type": "earth", "probability": 38.62440321180556}, {"type": "mountain", "probability": 19.59160698784722}, {"type": "tree", "probability": 19.795057508680554}, {"type": "wall", "probability": 7.590060763888889}, {"type": "person", "probability": 3.6146375868055554}, {"type": "building", "probability": 17.08713107638889}, {"type": "house", "probability": 5.060492621527778}, {"type": "sand", "probability": 3.192138671875}], "peopleInDanger": 0, "vehiclesInDanger": 0, "riverOvertop": false, "area": "amphitheater", "areaProb": 0.15597083333333336, "outdoor": true, "emergencyType": "none", "emergencyProb": 0.9998809695243835, "category": "Production Planning", "subcategory": "Sources of Pollution", "coordinate": [45.55054180487325, 11.548604965209961], "animalsInDanger": 15, "infraInDanger": ["kindergraden", "stadium", "tourist office", "parking", "kindergraden", "tower", "room", "ceiling", "kindergraden"], "objectsInDanger": ["Stove", "Shirt", "Bed", "Key", "Sofa", "Whiteboard", "Shoe", "Bicycle", "Desk", "Bag", "Pillow", "Bookcase", "Sweater", "Desk", "Banknote", "Bicycle", "Car", "Wallet", "Paper", "Bookcase", "Backpack", "Pencil", "Wallet", "Spoon", "Pencil", "Fork"]}]}