{"_id": {"$oid": "61ea90eb04d45a5f9f7df411"}, "header": {"timestamp": "2022-01-21 12:19:14.938730", "sender": "Visual Analysis", "entity": "video", "simmoid": "9a9275fa-a37c-4f21-ad45-e92145c601fb", "project_id": "test"}, "shotInfo": [
{"shotIdx": 4, "startFrame": "662", "endFrame": "749", "objectsFound": [{"type": "mountain", "probability": 24.93014865451389}, {"type": "earth", "probability": 43.52756076388889}, {"type": "water", "probability": 20.128038194444446}, {"type": "sky", "probability": 18.170166015625}, {"type": "building", "probability": 12.157524956597223}, {"type": "sea", "probability": 10.39089626736111}, {"type": "wall", "probability": 1.4790852864583335}, {"type": "hill", "probability": 2.011447482638889}], "peopleInDanger": 0, "vehiclesInDanger": 0, "riverOvertop": false, "area": "amphitheater", "areaProb": 0.12658461538461535, "outdoor": true, "emergencyType": "none", "emergencyProb": 0.9999975979328155, "category": "Accommodation", "subcategory": "Apartments", "coordinate": [45.55054180487325,11.548604965209961], "animalsInDanger": 2, "infraInDanger": ["office", "university", "nurseries"], "objectsInDanger": ["Spoon", "Stove", "Pot", "Dish", "Ruler", "Fridge", "Car", "Clock", "Fork", "Coffee maker", "Ruler", "Dish", "Coin", "Cupboard", "Ruler", "Glue", "Whiteboard", "Knife", "Glass", "Clock", "Bicycle", "Window", "Door", "Dish", "Paper", "Bag", "Bookcase", "Cupboard", "Door"]}]}