{"_id": {"$oid": "6214e0fa0e54a551b7172a31"}, "header": {"timestamp": "2022-02-22 13:33:36.981597", "sender": "Visual Analysis", "entity": "video", "simmoid": "cf798436-e82a-4af5-8de0-c6faeb8069cb", "project_id": "1"}, "shotInfo": [

{"shotIdx": 0, "startFrame": "0", "endFrame": "259", "objectsFound": [{"type": "sky", "probability": 95.46712239583334}, {"type": "sea", "probability": 3.4600151909722223}, {"type": "mountain", "probability": 5.526394314236112}, {"type": "hill", "probability": 2.496337890625}], "peopleInDanger": 0, "vehiclesInDanger": 0, "riverOvertop": false, "area": "grotto", "areaProb": 0.23770793650793642, "outdoor": true, "emergencyType": "none", "emergencyProb": 0.9999511696043468, "category": "Medical", "subcategory": "Doctors", "coordinate": [35.52925763063966,24.07529354095459], "animalsInDanger": 16, "infraInDanger": ["tourist office", "kindergraden", "ceiling", "office", "school", "school", "nurseries", "nurseries", "office", "ceiling"], "objectsInDanger": ["Wallet", "Computer", "Bed", "Whiteboard", "Trousers", "Bag", "Backpack", "Blanket", "Cupboard", "Glass", "Knife", "Sweater", "Book", "Bag", "Computer", "Door", "Key", "Car", "Wallet", "Bicycle", "Pillow", "Backpack", "Desk", "Chair", "Ruler", "Coffee maker", "Trousers", "Shoe", "Wallet", "Window", "Ruler", "Ruler", "Computer", "Knife", "Glue", "Bicycle", "Car", "Table", "Backpack", "Sofa"]}]}