{"_id": {"$oid": "62b44218bcf59a1cde9cb2cb"}, "header": {"timestamp": "2022-06-23 13:35:50.618074", "sender": "Visual Analysis", "entity": "twitter_post", "simmoid": "1420096251861811202", "project_id": "154"}, "shotInfo": [{"shotIdx": 0, "startFrame": 0, "endFrame": 0, "objectsFound": [{"type": "earth", "probability": 0.23215738932291663}, {"type": "building", "probability": 0.2092352973090278}, {"type": "tree", "probability": 0.20497639973958337}, {"type": "sky", "probability": 0.1493191189236111}, {"type": "grass", "probability": 0.0835300021701389}, {"type": "plant", "probability": 0.04483371310763888}, {"type": "rock", "probability": 0.016038682725694444}, {"type": "fence", "probability": 0.01264105902777778}, {"type": "car", "probability": 0.012376573350694444}, {"type": "stairway", "probability": 0.009318033854166666}, {"type": "bench", "probability": 0.006415473090277778}, {"type": "animal", "probability": 0.004903157552083333}, {"type": "house", "probability": 0.003106011284722222}, {"type": "hovel", "probability": 0.003085666232638889}, {"type": "tent", "probability": 0.00299072265625}, {"type": "stairs", "probability": 0.002936469184027778}, {"type": "bannister", "probability": 0.0009969075520833333}, {"type": "sculpture", "probability": 0.0006442599826388888}, {"type": "pole", "probability": 0.00034586588541666674}, {"type": "streetlight", "probability": 0.00014241536458333334}, {"type": "minibike", "probability": 6.781684027777777e-06}], "peopleInDanger": 0, "vehiclesInDanger": 0, "riverOvertop": false, "area": "inn_outdoor", "areaProb": 0.096, "outdoor": true, "emergencyType": "none", "emergencyProb": 0.6036084890365601, "category": "Education", "subcategory": "Secondary Schools", "coordinate": [35.52925763063966,24.07529354095459], "animalsInDanger": 6, "infraInDanger": ["kindergraden", "office", "stadium", "tower", "office", "university", "kindergraden", "kindergraden", "nurseries"], "objectsInDanger": ["Pencil", "Notebook", "Window", "Chair", "Knife", "Pot", "Key", "Bicycle", "Washing machine", "Stove", "Sofa", "Bookcase", "Blanket", "Glass", "Glass", "Washing machine", "Ruler"]}]}