{"_id": {"$oid": "62434aa1692f7f5379d3d2ff"}, "header": {"timestamp": "2022-03-29 18:09:51.052135", "sender": "Visual Analysis", "entity": "video", "simmoid": "372d0e9b-b361-452b-af05-34ee99bced76", "project_id": "82"}, "shotInfo": [

{"shotIdx": 25, "startFrame": "12554", "endFrame": "12989", "objectsFound": [{"type": "wall", "probability": 57.43950737847222}, {"type": "sky", "probability": 57.455783420138886}, {"type": "person", "probability": 2.330186631944444}, {"type": "building", "probability": 9.92770724826389}, {"type": "bench", "probability": 0.577121310763889}, {"type": "mountain", "probability": 6.194390190972222}, {"type": "earth", "probability": 11.933051215277777}, {"type": "runway", "probability": 0.014004177517361112}, {"type": "sea", "probability": 10.29391818576389}, {"type": "road", "probability": 13.725450303819445}, {"type": "flag", "probability": 1.093207465277778}, {"type": "tree", "probability": 2.509901258680556}, {"type": "sand", "probability": 3.4912109375}, {"type": "chair", "probability": 0.08138020833333334}, {"type": "car", "probability": 22.23442925347222}, {"type": "ceiling", "probability": 0.010389539930555556}], "peopleInDanger": 0, "vehiclesInDanger": 0, "riverOvertop": false, "area": "parking_lot", "areaProb": 0.4286461538461539, "outdoor": true, "emergencyType": "none", "emergencyProb": 0.9999145782271097, "category": "Flood Forecasts", "subcategory": "Flood Results From Model", "coordinate": [45.55054180487325, 11.548604965209961], "animalsInDanger": 17, "infraInDanger": ["room", "tourist office", "ceiling", "office", "office", "office", "stadium"], "objectsInDanger": ["Book", "Pillow", "Bed", "Blanket", "Knife", "Cup", "Washing machine", "Computer", "Trousers", "Fork", "Glue", "Blanket", "Notebook", "Blouse", "Sink", "Clock", "Key", "Book", "Fork", "Sweater", "Pencil", "Paper", "Stove", "Pen", "Glue", "Blanket", "Blouse", "Desk", "Window", "Helmet", "Whiteboard", "Bookcase", "Shoe", "Car", "Coin", "Coin", "Pot", "Glue", "Helmet", "Coin", "Toothbrush", "Blouse", "Table", "Wallet", "Knife"]}]}