{"_id": {"$oid": "62434aa1692f7f5379d3d2ff"}, "header": {"timestamp": "2022-03-29 18:09:51.052135", "sender": "Visual Analysis", "entity": "video", "simmoid": "372d0e9b-b361-452b-af05-34ee99bced76", "project_id": "82"}, "shotInfo": [

{"shotIdx": 26, "startFrame": "12990", "endFrame": "13317", "objectsFound": [{"type": "ceiling", "probability": 49.40321180555556}, {"type": "person", "probability": 27.04128689236111}, {"type": "car", "probability": 5.251736111111112}, {"type": "wall", "probability": 18.598768446180554}, {"type": "pole", "probability": 2.113172743055556}, {"type": "building", "probability": 5.846489800347222}, {"type": "table", "probability": 2.215576171875}, {"type": "door", "probability": 3.729248046875}], "peopleInDanger": 0, "vehiclesInDanger": 0, "riverOvertop": false, "area": "cafeteria", "areaProb": 0.34641538461538457, "outdoor": true, "emergencyType": "none", "emergencyProb": 0.9931995701044798, "category": "Accommodation", "subcategory": "Apartments", "coordinate": [45.55054180487325, 11.548604965209961], "animalsInDanger": 7, "infraInDanger": ["kindergraden", "company", "tourist office"], "objectsInDanger": ["Stool"]}]}