{"_id": {"$oid": "6284c298bf84728271056fd0"}, "header": {"timestamp": "2022-05-18 12:55:19.868106", "sender": "Visual Analysis", "entity": "twitter_post", "simmoid": "1420364592774094858", "project_id": "154"}, "shotInfo": [{"shotIdx": 0, "startFrame": 0, "endFrame": 0, "objectsFound": [{"type": "building", "probability": 0.5047409654329609}, {"type": "sky", "probability": 0.14617340258379888}, {"type": "door", "probability": 0.13283432262569833}, {"type": "signboard", "probability": 0.10869849860335196}, {"type": "road", "probability": 0.09390275837988826}, {"type": "sidewalk", "probability": 0.007910701815642457}, {"type": "wall", "probability": 0.001920391061452514}, {"type": "trade", "probability": 0.0018822014664804472}, {"type": "earth", "probability": 0.00178945530726257}, {"type": "awning", "probability": 0.00013639141061452513}, {"type": "fence", "probability": 1.091131284916201e-05}], "peopleInDanger": 0, "vehiclesInDanger": 0, "riverOvertop": false, "area": "motel", "areaProb": 0.1568, "outdoor": true, "emergencyType": "none", "emergencyProb": 0.9987427592277527, "category": "Commerce", "subcategory": "Electronics", "coordinate": [35.53375, 24.0650185], "animalsInDanger": 4, "infraInDanger": [], "objectsInDanger": ["Stool", "Computer", "Shoe", "Toothbrush", "Shoe", "Spoon", "Stool", "Sweater", "Stool", "Book", "Ruler", "Chair", "Fork", "Backpack", "Blanket", "Shoe", "Toothbrush", "Paper", "Notebook", "Dish", "Chair", "Cup", "Bookcase", "Pencil", "Window", "Computer", "Cup", "Wallet", "Shoe", "Coffee maker", "Backpack", "Pencil", "Fork", "Stool", "Car", "Whiteboard", "Spoon", "Window", "Bed", "Dish", "Key", "Chair"]}]}