{"_id": {"$oid": "620110dd1622298797a5e7a3"}, "header": {"timestamp": "2022-02-07 10:59:00.211339", "sender": "Visual Analysis", "entity": "video", "simmoid": "9d113b6c-3991-417e-8056-68d684289cc4", "project_id": "test"}, "shotInfo": [

	{"shotIdx": 0, "startFrame": "0", "endFrame": "86", "objectsFound": [{"type": "wall", "probability": 76.21205647786459}, {"type": "road", "probability": 12.487284342447918}, {"type": "water", "probability": 6.412251790364583}, {"type": "door", "probability": 1.1174519856770835}], "peopleInDanger": 0, "vehiclesInDanger": 0, "riverOvertop": false, "area": "hotel_outdoor", "areaProb": 0.09344736842105263, "outdoor": true, "emergencyType": "none", "emergencyProb": 0.9999831914901733, "category": "Commerce", "subcategory": "Other Shops", "coordinate": [45.55054180487325,11.548604965209961], "animalsInDanger": 8, "infraInDanger": ["company", "road", "stadium", "university", "tourist office", "company", "office", "nurseries", "university", "university", "kindergraden"], "objectsInDanger": ["Fridge"]}]}