{"_id": {"$oid": "6216016f600a435c38d2a295"}, "header": {"timestamp": "2022-02-23 10:39:45.180299", "sender": "Visual Analysis", "entity": "video", "simmoid": "60aeb4e9-f9a5-4470-8a8d-de0694182f7c", "project_id": "1"}, "shotInfo": [

{"shotIdx": 23, "startFrame": "2514", "endFrame": "2577", "objectsFound": [{"type": "building", "probability": 59.993489583333336}, {"type": "wall", "probability": 24.986436631944446}, {"type": "sky", "probability": 33.099365234375}, {"type": "ceiling", "probability": 0.011447482638888888}], "peopleInDanger": 0, "vehiclesInDanger": 0, "riverOvertop": false, "area": "indoor", "areaProb": 0.06396666666666666, "outdoor": true, "emergencyType": "none", "emergencyProb": 0.9999997615814209, "category": "Infrastructure", "subcategory": "Antennas", "coordinate": [48.13009, 11.6053], "animalsInDanger": 10, "infraInDanger": ["office", "stadium", "nurseries", "road", "parking", "tourist office", "road", "nurseries", "parking"], "objectsInDanger": ["Stove", "Pen", "Clock", "Shoe", "Desk", "Helmet", "Knife", "Door", "Knife", "Spoon", "Dish", "Backpack", "Bag", "Pillow", "Pillow", "Whiteboard", "Table", "Coin", "Pillow", "Key", "Book"]}]}