{"_id": {"$oid": "627a4aa5db37fb3b560a1b87"}, "header": {"timestamp": "2022-05-10 14:21:00.702704", "sender": "Visual Analysis", "entity": "citizen_report", "project_id": null}, "shotInfo": [

{"shotIdx": -1, "startFrame": 0, "endFrame": 0, "objectsFound": [{"type": "plant", "probability": 0.2213134765625}, {"type": "building", "probability": 0.1951751708984375}, {"type": "tree", "probability": 0.1705474853515625}, {"type": "sky", "probability": 0.1453704833984375}, {"type": "palm", "probability": 0.129150390625}, {"type": "sidewalk", "probability": 0.07941182454427083}, {"type": "signboard", "probability": 0.0304107666015625}, {"type": "fence", "probability": 0.0078277587890625}, {"type": "grass", "probability": 0.00762939453125}, {"type": "road", "probability": 0.007227579752604168}, {"type": "path", "probability": 0.002787272135416666}, {"type": "earth", "probability": 0.0022023518880208335}, {"type": "wall", "probability": 0.0006357828776041665}, {"type": "floor", "probability": 0.00030517578125}, {"type": "pot", "probability": 5.086263020833332e-06}], "peopleInDanger": 0, "vehiclesInDanger": 0, "riverOvertop": false, "area": "courtyard", "areaProb": 0.2929, "outdoor": true, "emergencyType": "none", "emergencyProb": 0.9999469518661499, "category": "Education", "subcategory": "Nurseries", "coordinate": [48.142446, 11.568903], "animalsInDanger": 2, "infraInDanger": ["tourist office", "room", "office", "kindergraden", "ceiling", "stadium", "tourist office", "university", "house"], "objectsInDanger": ["Blouse", "Cup", "Desk", "Pen", "Coffee maker", "Spoon", "Stove", "Coffee maker", "Coin", "Trousers", "Whiteboard", "Table", "Desk", "Washing machine", "Bookcase", "Coffee maker", "Pillow", "Washing machine", "Shoe", "Computer", "Glass", "Chair", "Bed", "Blanket", "Table", "Desk", "Washing machine", "Desk", "Stool", "Banknote", "Stove", "Bag", "Shoe", "Cupboard", "Sweater", "Blanket", "Bed", "Whiteboard", "Clock", "Paper", "Computer", "Pillow", "Fork", "Coffee maker", "Whiteboard", "Pot", "Stove", "Washing machine", "Bookcase"]}]}