{"_id": {"$oid": "62b434a3a8d96e104c0de317"}, "header": {"timestamp": "2022-06-23 12:35:35.261091", "sender": "Visual Analysis", "entity": "twitter_post", "simmoid": "1420491281487351809", "project_id": "154"}, "shotInfo": [{"shotIdx": 1, "startFrame": "190", "endFrame": "688", "objectsFound": [{"type": "wall", "probability": 89.5436356707317}, {"type": "person", "probability": 23.566800958188153}], "peopleInDanger": 0, "vehiclesInDanger": 0, "riverOvertop": false, "area": "bar", "areaProb": 0.1646244897959183, "outdoor": true, "emergencyType": "none", "emergencyProb": 0.9958291199742532, "category": "Transportation", "subcategory": "Air Travel", "coordinate": [48.13009, 11.6053], "animalsInDanger": 16, "infraInDanger": ["road", "school", "stadium", "university", "tower", "school", "nurseries", "tourist office", "room", "nurseries", "ceiling", "kindergraden", "office", "school", "stadium"], "objectsInDanger": ["Book", "Pot", "Helmet", "Bookcase", "Sink", "Spoon", "Pencil", "Pillow", "Whiteboard", "Pen", "Blanket", "Wallet", "Glue", "Backpack", "Car", "Washing machine", "Pen", "Coin", "Dish", "Spoon", "Stool", "Desk", "Computer", "Trousers", "Bed", "Pen", "Shoe", "Trousers"]}]}