{"_id": {"$oid": "62418d3d32716b72191da410"}, "header": {"timestamp": "2022-03-28 12:44:26.401075", "sender": "Visual Analysis", "entity": "video", "simmoid": "cf798436-e82a-4af5-8de0-c6faeb8069cb", "project_id": "83"}, "shotInfo": [

{"shotIdx": 11, "startFrame": "1692", "endFrame": "1884", "objectsFound": [{"type": "building", "probability": 67.54692925347221}, {"type": "sky", "probability": 35.24034288194444}, {"type": "wall", "probability": 46.94417317708333}, {"type": "ceiling", "probability": 6.233045789930555}], "peopleInDanger": 0, "vehiclesInDanger": 0, "riverOvertop": false, "area": "wind_farm", "areaProb": 0.1450090909090909, "outdoor": true, "emergencyType": "none", "emergencyProb": 0.9999946983237016, "category": "Transportation", "subcategory": "Bike Rentals", "coordinate": [45.559496, 11.5306666], "animalsInDanger": 19, "infraInDanger": ["office", "tourist office", "stadium", "parking", "ceiling", "house", "office", "company", "office", "office", "house", "university", "parking", "parking"], "objectsInDanger": ["Blanket", "Backpack", "Helmet", "Window", "Bed", "Bicycle", "Bicycle", "Sofa", "Banknote", "Book", "Paper", "Desk", "Key", "Shirt", "Whiteboard", "Backpack", "Stool", "Fridge", "Stove", "Fridge", "Key", "Washing machine", "Pen", "Cupboard", "Pen"]}]}