{"_id": {"$oid": "6241aec2a8da5dc100eff0ea"}, "header": {"timestamp": "2022-03-28 15:10:29.620942", "sender": "Visual Analysis", "entity": "video", "simmoid": "cf798436-e82a-4af5-8de0-c6faeb8069cb", "project_id": "85"}, "shotInfo": [

{"shotIdx": 23, "startFrame": "3091", "endFrame": "3229", "objectsFound": [{"type": "building", "probability": 70.465087890625}, {"type": "sky", "probability": 30.01166449652778}, {"type": "wall", "probability": 2.090115017361111}, {"type": "earth", "probability": 1.6682942708333333}, {"type": "road", "probability": 5.293104383680555}, {"type": "car", "probability": 1.1827256944444444}, {"type": "van", "probability": 0.07954237196180555}], "peopleInDanger": 0, "vehiclesInDanger": 0, "riverOvertop": false, "area": "castle", "areaProb": 0.0336, "outdoor": true, "emergencyType": "none", "emergencyProb": 0.9999959927338821, "category": "Education", "subcategory": "Nurseries", "coordinate": [45.55054180487325,11.548604965209961], "animalsInDanger": 6, "infraInDanger": ["office", "room", "stadium", "kindergraden", "university", "road", "house", "ceiling", "parking", "university"], "objectsInDanger": ["Table", "Book", "Ruler", "Key", "Clock", "Window", "Pen", "Pot", "Glass", "Bicycle", "Coin", "Chair", "Fridge"]}]}