{"_id": {"$oid": "6213ca0942fde02430089b1b"}, "header": {"timestamp": "2022-02-21 16:39:09.725780", "sender": "Visual Analysis", "entity": "video", "simmoid": "60aeb4e9-f9a5-4470-8a8d-de0694182f7c", "project_id": "1"}, "shotInfo": [

{"shotIdx": 2, "startFrame": "686", "endFrame": "739", "objectsFound": [{"type": "building", "probability": 48.089599609375}, {"type": "road", "probability": 33.30349392361111}, {"type": "sculpture", "probability": 7.861328125}, {"type": "plant", "probability": 7.127549913194445}, {"type": "tree", "probability": 5.653211805555555}, {"type": "fountain", "probability": 3.2511393229166665}], "peopleInDanger": 0, "vehiclesInDanger": 0, "riverOvertop": false, "area": "courtyard", "areaProb": 0.06817000000000001, "outdoor": true, "emergencyType": "none", "emergencyProb": 0.9999356486580588, "category": "Transportation", "subcategory": "Taxi", "coordinate": [45.55054180487325,11.548604965209961], "animalsInDanger": 6, "infraInDanger": ["house", "ceiling", "room", "tourist office", "parking", "kindergraden", "office", "office", "school"], "objectsInDanger": ["Glass", "Ruler", "Wallet", "Coffee maker", "Washing machine", "Key", "Trousers", "Bookcase", "Washing machine", "Ruler", "Paper", "Shirt", "Washing machine", "Window", "Shirt", "Bicycle", "Glue", "Backpack", "Pen", "Cup", "Book", "Shoe", "Sweater", "Spoon", "Bag", "Helmet", "Fork", "Paper", "Washing machine", "Computer", "Bed", "Chair", "Wallet", "Shoe", "Stove", "Notebook"]}]}