{"_id": {"$oid": "623c9aaf7d9e4cd180c9a6f8"}, "header": {"timestamp": "2022-03-24 17:42:23.152261", "sender": "Visual Analysis", "entity": "video", "simmoid": "cf798436-e82a-4af5-8de0-c6faeb8069cb", "project_id": "20"}, "shotInfo": [

{"shotIdx": 14, "startFrame": "2109", "endFrame": "2208", "objectsFound": [{"type": "wall", "probability": 48.50735134548611}, {"type": "fountain", "probability": 2.0087348090277777}, {"type": "stage", "probability": 0.753445095486111}, {"type": "person", "probability": 1.3529459635416665}], "peopleInDanger": 0, "vehiclesInDanger": 0, "riverOvertop": false, "area": "bar", "areaProb": 0.43434285714285714, "outdoor": true, "emergencyType": "none", "emergencyProb": 0.9990170333120558, "category": "Natural Elements", "subcategory": "Natura 2000 Sites", "coordinate": [45.55054180487325,11.548604965209961], "animalsInDanger": 7, "infraInDanger": ["house", "room", "house", "room", "nurseries", "office", "tourist office", "office"], "objectsInDanger": ["Fork", "Clock", "Door", "Paper", "Desk", "Sweater", "Spoon", "Fridge", "Cup", "Coin", "Knife", "Shoe", "Washing machine", "Sofa", "Helmet", "Sofa", "Car", "Washing machine", "Bicycle", "Sink", "Spoon", "Bag", "Coffee maker", "Shoe", "Pencil", "Stool", "Chair", "Spoon", "Blouse", "Banknote", "Clock", "Window", "Glue", "Clock", "Cupboard", "Notebook", "Coin"]}]}