{"_id": {"$oid": "62434aa1692f7f5379d3d2ff"}, "header": {"timestamp": "2022-03-29 18:09:51.052135", "sender": "Visual Analysis", "entity": "video", "simmoid": "372d0e9b-b361-452b-af05-34ee99bced76", "project_id": "82"}, "shotInfo": [

{"shotIdx": 4, "startFrame": "2252", "endFrame": "2511", "objectsFound": [{"type": "sky", "probability": 26.7822265625}, {"type": "building", "probability": 27.88357204861111}, {"type": "tree", "probability": 23.073323567708336}, {"type": "earth", "probability": 10.101318359375}, {"type": "wall", "probability": 12.376573350694445}, {"type": "grass", "probability": 5.197482638888888}, {"type": "water", "probability": 9.20138888888889}, {"type": "boat", "probability": 2.517361111111111}, {"type": "mountain", "probability": 3.4525553385416665}], "peopleInDanger": 0, "vehiclesInDanger": 0, "riverOvertop": false, "area": "bridge", "areaProb": 0.08814444444444444, "outdoor": true, "emergencyType": "none", "emergencyProb": 0.9998368144035339, "category": "Production Planning", "subcategory": "Restricted Areas", "coordinate": [45.55054180487325, 11.548604965209961], "animalsInDanger": 8, "infraInDanger": ["stadium", "company", "school"], "objectsInDanger": ["Stove", "Pen", "Paper", "Helmet", "Sweater", "Shirt", "Spoon", "Computer"]}]}