{"_id": {"$oid": "62417d11f159509743f07ea3"}, "header": {"timestamp": "2022-03-28 12:16:55.696514", "sender": "Visual Analysis", "entity": "twitter_post", "simmoid": "1408305907054743556", "project_id": "82"}, "shotInfo": [{"shotIdx": 0, "startFrame": 0, "endFrame": 0, "objectsFound": [{"type": "sky", "probability": 0.40727146192528735}, {"type": "mountain", "probability": 0.2889502514367816}, {"type": "building", "probability": 0.17722925646551724}, {"type": "tree", "probability": 0.04769441451149426}, {"type": "airplane", "probability": 0.04138604525862069}, {"type": "bridge", "probability": 0.026602909482758622}, {"type": "swimming", "probability": 0.006588990660919541}, {"type": "ship", "probability": 0.0028062140804597704}, {"type": "sea", "probability": 0.0013806573275862068}, {"type": "water", "probability": 8.979885057471264e-05}], "peopleInDanger": 0, "vehiclesInDanger": 0, "riverOvertop": false, "area": "heliport", "areaProb": 0.4139, "outdoor": true, "emergencyType": "none", "emergencyProb": 0.9998886585235596, "category": "Transportation", "subcategory": "Bike Rentals", "coordinate": [45.544775, 11.564912], "animalsInDanger": 4, "infraInDanger": ["nurseries", "ceiling", "company", "office", "university", "company", "room", "road", "tower", "stadium", "office", "tourist office", "tower", "nurseries", "room"], "objectsInDanger": ["Car", "Backpack", "Stool", "Chair", "Toothbrush", "Stool", "Pillow", "Coin", "Fork", "Trousers", "Pillow", "Chair", "Coffee maker", "Book", "Spoon", "Toothbrush"]}]}