{"_id": {"$oid": "62b56c2d584b330fea0eceed"}, "header": {"timestamp": "2022-06-24 10:47:30.702273", "sender": "Visual Analysis", "entity": "twitter_post", "simmoid": "1420431915103014914", "project_id": "154"}, "shotInfo": [{"shotIdx": 0, "startFrame": 0, "endFrame": 0, "objectsFound": [{"type": "grass", "probability": 0.26556375217770034}, {"type": "person", "probability": 0.2550291267421603}, {"type": "grandstand", "probability": 0.17911585365853658}, {"type": "fence", "probability": 0.16413055313588848}, {"type": "tree", "probability": 0.04743303571428571}, {"type": "field", "probability": 0.03609538327526132}, {"type": "wall", "probability": 0.018054496951219513}, {"type": "column", "probability": 0.012344838850174216}, {"type": "pole", "probability": 0.009976589721254356}, {"type": "ball", "probability": 0.007737641550522648}, {"type": "hill", "probability": 0.002701709494773519}, {"type": "path", "probability": 0.0018170187282229965}], "peopleInDanger": 0, "vehiclesInDanger": 0, "riverOvertop": false, "area": "athletic_field_outdoor", "areaProb": 1, "outdoor": true, "emergencyType": "none", "emergencyProb": 0.9933701753616333, "category": "Medical", "subcategory": "Doctors", "coordinate": [35.52925763063966,24.07529354095459], "animalsInDanger": 8, "infraInDanger": ["road", "school", "school", "room", "school", "school", "company", "tower"], "objectsInDanger": ["Pot", "Window", "Blouse", "Glue", "Knife", "Sweater", "Banknote", "Toothbrush", "Whiteboard", "Glue", "Stove", "Fork", "Car", "Spoon", "Fork", "Chair", "Shoe", "Door", "Sweater", "Helmet", "Chair", "Paper", "Washing machine", "Fork", "Notebook", "Shirt", "Ruler", "Helmet", "Key", "Pillow", "Shirt", "Bed", "Pencil", "Blouse", "Fork", "Computer", "Glue"]}]}