{"_id": {"$oid": "62820c5a6611e02826986a59"}, "header": {"timestamp": "2022-05-16 11:28:11.387201", "sender": "Visual Analysis", "entity": "video", "simmoid": "60aeb4e9-f9a5-4470-8a8d-de0694182f7c", "project_id": "143"}, "shotInfo": [

{"shotIdx": 2, "startFrame": "686", "endFrame": "739", "objectsFound": [{"type": "building", "probability": 46.804905270034844}, {"type": "road", "probability": 31.4453125}, {"type": "sculpture", "probability": 9.886759581881535}, {"type": "plant", "probability": 5.626633275261324}, {"type": "tree", "probability": 5.966898954703833}, {"type": "wall", "probability": 3.2243575783972127}, {"type": "fountain", "probability": 1.282121080139373}], "peopleInDanger": 0, "vehiclesInDanger": 0, "riverOvertop": false, "area": "alley", "areaProb": 0.06826666666666667, "outdoor": true, "emergencyType": "none", "emergencyProb": 0.9999293565750123, "category": "Infrastructure", "subcategory": "Aqueducts", "coordinate": [45.55054180487325, 11.548604965209961], "animalsInDanger": 8, "infraInDanger": ["tower", "kindergraden", "tower", "tourist office", "stadium", "tower", "stadium", "house", "stadium", "tourist office"], "objectsInDanger": ["Door", "Toothbrush", "Notebook", "Sofa", "Glass", "Glue", "Bed", "Glue", "Pen", "Pillow", "Computer", "Toothbrush", "Knife", "Trousers", "Shirt", "Paper", "Spoon", "Fork", "Notebook", "Coffee maker", "Notebook", "Bed", "Sofa", "Pillow", "Bed", "Shirt", "Blouse", "Spoon", "Sink", "Backpack", "Bed"]}]}