{"_id": {"$oid": "623c9aaf7d9e4cd180c9a6f8"}, "header": {"timestamp": "2022-03-24 17:42:23.152261", "sender": "Visual Analysis", "entity": "video", "simmoid": "cf798436-e82a-4af5-8de0-c6faeb8069cb", "project_id": "20"}, "shotInfo": [

{"shotIdx": 12, "startFrame": "1885", "endFrame": "1981", "objectsFound": [{"type": "building", "probability": 86.60210503472221}, {"type": "sky", "probability": 4.482014973958334}, {"type": "earth", "probability": 0.014377170138888888}, {"type": "road", "probability": 6.721327039930555}], "peopleInDanger": 0, "vehiclesInDanger": 0, "riverOvertop": false, "area": "alley", "areaProb": 0.48867142857142865, "outdoor": true, "emergencyType": "none", "emergencyProb": 0.9997362362013923, "category": "Public Services", "subcategory": "Tourist Offices", "coordinate": [45.55054180487325,11.548604965209961], "animalsInDanger": 6, "infraInDanger": ["tourist office", "nurseries", "parking", "company", "ceiling", "tower", "kindergraden", "office", "parking", "university", "room", "company"], "objectsInDanger": ["Stove", "Door", "Helmet", "Table", "Fridge"]}]}