{"_id": {"$oid": "62434aa1692f7f5379d3d2ff"}, "header": {"timestamp": "2022-03-29 18:09:51.052135", "sender": "Visual Analysis", "entity": "video", "simmoid": "372d0e9b-b361-452b-af05-34ee99bced76", "project_id": "82"}, "shotInfo": [

{"shotIdx": 28, "startFrame": "14340", "endFrame": "14789", "objectsFound": [{"type": "building", "probability": 96.30262586805556}, {"type": "sky", "probability": 6.685384114583333}, {"type": "wall", "probability": 0.4706488715277778}, {"type": "bicycle", "probability": 1.0165744357638888}], "peopleInDanger": 0, "vehiclesInDanger": 0, "riverOvertop": false, "area": "alley", "areaProb": 0.39062, "outdoor": true, "emergencyType": "none", "emergencyProb": 0.9999827905134722, "category": "Education", "subcategory": "Universities", "coordinate": [50.930927, 6.951447], "animalsInDanger": 19, "infraInDanger": ["ceiling", "school", "road", "tower", "stadium", "room", "nurseries", "university", "kindergraden", "house", "road", "ceiling", "room"], "objectsInDanger": ["Whiteboard", "Blouse", "Blouse", "Window", "Toothbrush", "Blouse", "Knife", "Glass", "Sofa", "Blanket", "Blanket", "Banknote", "Banknote", "Blanket", "Ruler", "Glue", "Blouse", "Coffee maker", "Bicycle", "Blouse", "Fork", "Pen"]}]}