{"_id": {"$oid": "62820c5a6611e02826986a59"}, "header": {"timestamp": "2022-05-16 11:28:11.387201", "sender": "Visual Analysis", "entity": "video", "simmoid": "60aeb4e9-f9a5-4470-8a8d-de0694182f7c", "project_id": "143"}, "shotInfo": [

{"shotIdx": 29, "startFrame": "3276", "endFrame": "3398", "objectsFound": [{"type": "water", "probability": 41.96632730836237}, {"type": "wall", "probability": 49.03228440766551}, {"type": "sky", "probability": 13.629682055749129}, {"type": "skyscraper", "probability": 4.559560104529617}, {"type": "road", "probability": 4.69022212543554}, {"type": "plant", "probability": 3.569386977351916}, {"type": "ceiling", "probability": 10.046684451219512}, {"type": "tree", "probability": 2.4179279181184667}, {"type": "building", "probability": 1.9245426829268293}, {"type": "sea", "probability": 4.688180531358885}, {"type": "earth", "probability": 5.242133057491289}, {"type": "door", "probability": 13.43981380662021}], "peopleInDanger": 0, "vehiclesInDanger": 0, "riverOvertop": false, "area": "bar", "areaProb": 0.08451666666666666, "outdoor": true, "emergencyType": "none", "emergencyProb": 0.9986286213000616, "category": "Medical", "subcategory": "Doctors", "coordinate": [35.53375, 24.06505], "animalsInDanger": 15, "infraInDanger": ["kindergraden", "ceiling", "stadium"], "objectsInDanger": ["Car", "Glass", "Notebook", "Door", "Cupboard", "Cupboard", "Clock", "Sofa", "Bag", "Table", "Banknote", "Stool", "Bed", "Shirt", "Glass", "Toothbrush", "Paper", "Key", "Pen", "Sweater", "Glass", "Ruler", "Glass", "Bicycle", "Pen", "Window", "Dish", "Shirt", "Book", "Ruler", "Pen", "Bed", "Pencil", "Desk", "Sweater", "Computer", "Dish", "Chair", "Blanket", "Sink", "Desk", "Washing machine", "Shoe", "Desk", "Paper", "Key", "Ruler"]}]}