{"_id": {"$oid": "627e40d3a8c5a2dccee39dbd"}, "header": {"timestamp": "2022-05-13 14:28:11.363827", "sender": "Visual Analysis", "entity": "citizen_report", "simmoid": "8cd442e4-8b92-46d9-a735-97d618038fe1", "project_id": 0}, "shotInfo": [{"shotIdx": 0, "startFrame": 0, "endFrame": 0, "objectsFound": [{"type": "sky", "probability": 0.999755859375}, {"type": "tree", "probability": 0.000244140625}], "peopleInDanger": 0, "vehiclesInDanger": 0, "riverOvertop": false, "area": "forest_broadleaf", "areaProb": 0.10949999999999999, "outdoor": true, "emergencyType": "none", "emergencyProb": 0.9999469518661499, "category": "Transportation", "subcategory": "Air Travel", "coordinate": [37.980401, 23.757333], "animalsInDanger": 11, "infraInDanger": ["house"], "objectsInDanger": ["Blouse", "Glass", "Bicycle", "Book", "Banknote", "Bed", "Blanket", "Backpack"]}]}