{"_id": {"$oid": "6284de29d6f125094fd96368"}, "header": {"timestamp": "2022-05-18 14:52:59.897883", "sender": "Visual Analysis", "entity": "video", "simmoid": "a4937fe2-9fb8-44ff-ba53-b60977b33428", "project_id": "citizen"}, "shotInfo": [{"shotIdx": 0, "startFrame": 0, "endFrame": 0, "objectsFound": [{"type": "building", "probability": 0.35639444986979174}, {"type": "tree", "probability": 0.29681396484375}, {"type": "water", "probability": 0.2542622884114583}, {"type": "car", "probability": 0.05330403645833334}, {"type": "sky", "probability": 0.022979736328125}, {"type": "earth", "probability": 0.013671875}, {"type": "boat", "probability": 0.001917521158854167}, {"type": "river", "probability": 0.0006561279296875}], "peopleInDanger": 0, "vehiclesInDanger": 0, "riverOvertop": false, "area": "canal_urban", "areaProb": 0.055099999999999996, "outdoor": true, "emergencyType": "none", "emergencyProb": 0.7814401984214783, "category": "Transportation", "subcategory": "Air Travel", "coordinate": [48.13009, 11.6053], "animalsInDanger": 13, "infraInDanger": ["nurseries", "tower", "tower", "tourist office", "house", "ceiling", "road", "house", "tourist office", "school", "parking", "company", "road", "kindergraden"], "objectsInDanger": ["Book", "Pot", "Car", "Glue", "Pillow", "Glue", "Door", "Cup", "Backpack", "Dish", "Pot", "Bag", "Chair", "Bed", "Shirt", "Chair", "Blouse", "Sweater", "Sofa", "Wallet", "Desk", "Knife", "Bed", "Bookcase", "Backpack", "Coffee maker", "Bookcase", "Bicycle", "Sofa", "Notebook", "Sink", "Chair"]}]}