{"_id": {"$oid": "6213ca0942fde02430089b1b"}, "header": {"timestamp": "2022-02-21 16:39:09.725780", "sender": "Visual Analysis", "entity": "video", "simmoid": "60aeb4e9-f9a5-4470-8a8d-de0694182f7c", "project_id": "1"}, "shotInfo": [

{"shotIdx": 37, "startFrame": "4433", "endFrame": "4534", "objectsFound": [{"type": "sky", "probability": 38.27582465277778}, {"type": "tree", "probability": 40.54497612847222}, {"type": "field", "probability": 11.249457465277777}, {"type": "grass", "probability": 7.637532552083333}, {"type": "plant", "probability": 14.07470703125}, {"type": "building", "probability": 3.8431803385416665}, {"type": "wall", "probability": 6.664360894097222}, {"type": "earth", "probability": 24.074300130208336}, {"type": "house", "probability": 3.714328342013889}, {"type": "road", "probability": 4.430474175347222}], "peopleInDanger": 0, "vehiclesInDanger": 0, "riverOvertop": false, "area": "mansion", "areaProb": 0.15882105263157895, "outdoor": true, "emergencyType": "none", "emergencyProb": 0.9999499942945398, "category": "Commerce", "subcategory": "Other Shops", "coordinate": [45.544777, 11.564912], "animalsInDanger": 14, "infraInDanger": ["nurseries", "parking", "office", "school", "company", "ceiling", "house", "stadium", "nurseries"], "objectsInDanger": ["Door", "Paper", "Clock", "Toothbrush", "Glue", "Fridge", "Ruler", "Paper", "Sofa", "Trousers", "Toothbrush", "Glass", "Coffee maker", "Pencil"]}]}