{"_id": {"$oid": "62c43d55f3550fdf4325472c"}, "header": {"timestamp": "2022-07-05 16:31:44.509020", "sender": "Visual Analysis", "entity": "video", "simmoid": "0010ee34-e2e3-4eaa-a9bb-51b01fa137dc", "project_id": "citizen"}, "shotInfo": [{"shotIdx": 0, "startFrame": 0, "endFrame": 0, "objectsFound": [{"type": "wall", "probability": 0.5149586995442709}, {"type": "sky", "probability": 0.1697845458984375}, {"type": "building", "probability": 0.11416117350260419}, {"type": "table", "probability": 0.0904388427734375}, {"type": "ceiling", "probability": 0.06551106770833333}, {"type": "floor", "probability": 0.019022623697916668}, {"type": "boat", "probability": 0.013193766276041664}, {"type": "signboard", "probability": 0.005671183268229168}, {"type": "glass", "probability": 0.0025634765625}, {"type": "crt", "probability": 0.001825968424479167}, {"type": "chair", "probability": 0.00103759765625}, {"type": "plate", "probability": 0.0008595784505208335}, {"type": "road", "probability": 0.00040690104166666674}, {"type": "car", "probability": 0.00035603841145833326}, {"type": "sidewalk", "probability": 0.0001983642578125}, {"type": "person", "probability": 1.0172526041666664e-05}], "peopleInDanger": 0, "vehiclesInDanger": 0, "riverOvertop": false, "area": "courtyard", "areaProb": 0.0385, "outdoor": true, "emergencyType": "none", "emergencyProb": 1, "category": "Production Planning", "subcategory": "Sources of Pollution", "coordinate": [35.52925763063966,24.07529354095459], "animalsInDanger": 10, "infraInDanger": ["tourist office", "stadium", "kindergraden", "road", "company", "nurseries", "room"], "objectsInDanger": ["Trousers", "Fork", "Car", "Coffee maker", "Bicycle", "Key", "Cup", "Window", "Book", "Helmet", "Shirt", "Chair", "Fridge", "Table", "Pot", "Bag", "Coin", "Pot", "Pillow", "Sofa", "Shoe", "Blouse", "Stove", "Blouse", "Cupboard", "Door", "Blouse", "Notebook", "Book", "Door"]}]}