{"_id": {"$oid": "6213ca0942fde02430089b1b"}, "header": {"timestamp": "2022-02-21 16:39:09.725780", "sender": "Visual Analysis", "entity": "video", "simmoid": "60aeb4e9-f9a5-4470-8a8d-de0694182f7c", "project_id": "1"}, "shotInfo": [

{"shotIdx": 33, "startFrame": "3779", "endFrame": "3922", "objectsFound": [{"type": "building", "probability": 63.45350477430556}, {"type": "wall", "probability": 20.067003038194446}, {"type": "road", "probability": 8.257378472222223}, {"type": "ceiling", "probability": 1.158989800347222}], "peopleInDanger": 0, "vehiclesInDanger": 0, "riverOvertop": false, "area": "bar", "areaProb": 0.2046625, "outdoor": true, "emergencyType": "none", "emergencyProb": 0.9999738405732548, "category": "Infrastructure", "subcategory": "Antennas", "coordinate": [45.544777, 11.564912], "animalsInDanger": 13, "infraInDanger": ["kindergraden", "parking", "stadium", "tourist office", "company", "office", "school", "university", "parking", "room", "tower", "office", "tourist office", "stadium"], "objectsInDanger": ["Coffee maker", "Sink", "Fork", "Trousers", "Knife", "Pencil", "Pot", "Pen", "Book", "Sofa", "Notebook", "Dish", "Glue", "Door", "Chair", "Trousers", "Notebook", "Pillow", "Glass", "Door"]}]}