{"_id": {"$oid": "6241aec2a8da5dc100eff0ea"}, "header": {"timestamp": "2022-03-28 15:10:29.620942", "sender": "Visual Analysis", "entity": "video", "simmoid": "cf798436-e82a-4af5-8de0-c6faeb8069cb", "project_id": "85"}, "shotInfo": [

{"shotIdx": 6, "startFrame": "1118", "endFrame": "1256", "objectsFound": [{"type": "wall", "probability": 51.553683810763886}, {"type": "earth", "probability": 22.09201388888889}, {"type": "water", "probability": 14.07809787326389}, {"type": "sky", "probability": 8.611382378472223}, {"type": "tree", "probability": 5.196126302083334}, {"type": "building", "probability": 3.738064236111111}, {"type": "boat", "probability": 2.6007758246527777}, {"type": "grass", "probability": 1.7137315538194444}], "peopleInDanger": 0, "vehiclesInDanger": 0, "riverOvertop": false, "area": "canal_urban", "areaProb": 0.0969846153846154, "outdoor": true, "emergencyType": "none", "emergencyProb": 0.9639439536974981, "category": "Education", "subcategory": "Kindergartens", "coordinate": [35.524678, 24.08434], "animalsInDanger": 19, "infraInDanger": ["house", "kindergraden", "kindergraden", "school", "stadium", "ceiling", "stadium", "road", "kindergraden"], "objectsInDanger": ["Glass", "Bed", "Wallet", "Cup", "Helmet", "Stove"]}]}