{"_id": {"$oid": "6213ca0942fde02430089b1b"}, "header": {"timestamp": "2022-02-21 16:39:09.725780", "sender": "Visual Analysis", "entity": "video", "simmoid": "60aeb4e9-f9a5-4470-8a8d-de0694182f7c", "project_id": "1"}, "shotInfo": [

{"shotIdx": 22, "startFrame": "2390", "endFrame": "2513", "objectsFound": [{"type": "building", "probability": 73.87898763020834}, {"type": "road", "probability": 19.328477647569446}, {"type": "sculpture", "probability": 4.301622178819445}], "peopleInDanger": 0, "vehiclesInDanger": 0, "riverOvertop": false, "area": "courtyard", "areaProb": 0.09631538461538464, "outdoor": true, "emergencyType": "none", "emergencyProb": 0.9999980844300369, "category": "Commerce", "subcategory": "Other Shops", "coordinate": [45.544777, 11.564912], "animalsInDanger": 9, "infraInDanger": ["office", "office", "room", "company", "company", "office"], "objectsInDanger": ["Window", "Sweater", "Shoe", "Desk", "Stove", "Toothbrush", "Glue", "Blanket", "Blouse", "Book", "Glue", "Bag", "Trousers", "Blanket", "Bag", "Coin", "Pencil", "Trousers", "Notebook", "Pillow", "Backpack", "Book", "Washing machine", "Glue", "Helmet", "Stove", "Whiteboard", "Toothbrush", "Dish", "Bookcase", "Blouse", "Coin"]}]}