{"_id": {"$oid": "627cb724d32319b204f069a2"}, "header": {"timestamp": "2022-05-12 10:25:20.443635", "sender": "Visual Analysis", "entity": "video", "simmoid": "cf798436-e82a-4af5-8de0-c6faeb8069cb", "project_id": "118"}, "shotInfo": [

{"shotIdx": 5, "startFrame": "1044", "endFrame": "1116", "objectsFound": [{"type": "sky", "probability": 24.702607796167246}, {"type": "sea", "probability": 33.82717225609756}, {"type": "wall", "probability": 19.455030487804876}, {"type": "building", "probability": 14.743031358885016}, {"type": "water", "probability": 5.803571428571429}, {"type": "mountain", "probability": 7.464067944250871}], "peopleInDanger": 0, "vehiclesInDanger": 0, "riverOvertop": false, "area": "canal_urban", "areaProb": 0.12268571428571429, "outdoor": true, "emergencyType": "none", "emergencyProb": 0.9999220882143293, "category": "Disaster Management", "subcategory": "Civil Protection Distribution Places", "coordinate": [45.55054180487325, 11.548604965209961], "animalsInDanger": 2, "infraInDanger": ["room", "university", "parking", "office", "office", "parking", "office", "parking", "tourist office", "house", "office"], "objectsInDanger": ["Washing machine", "Glue", "Door", "Toothbrush", "Bicycle", "Key", "Cupboard", "Knife"]}]}