{"_id": {"$oid": "62434aa1692f7f5379d3d2ff"}, "header": {"timestamp": "2022-03-29 18:09:51.052135", "sender": "Visual Analysis", "entity": "video", "simmoid": "372d0e9b-b361-452b-af05-34ee99bced76", "project_id": "82"}, "shotInfo": [

{"shotIdx": 5, "startFrame": "2512", "endFrame": "2691", "objectsFound": [{"type": "sky", "probability": 29.39724392361111}, {"type": "tree", "probability": 22.496202256944446}, {"type": "building", "probability": 19.110107421875}, {"type": "road", "probability": 6.404622395833333}, {"type": "grass", "probability": 7.790798611111111}, {"type": "wall", "probability": 4.073079427083334}, {"type": "car", "probability": 4.832628038194445}, {"type": "earth", "probability": 5.26123046875}, {"type": "tower", "probability": 3.8838704427083335}, {"type": "mountain", "probability": 3.28369140625}, {"type": "ship", "probability": 3.3060709635416665}, {"type": "boat", "probability": 3.3521864149305554}, {"type": "river", "probability": 1.134575737847222}, {"type": "sea", "probability": 1.1264377170138888}, {"type": "van", "probability": 1.3536241319444444}], "peopleInDanger": 0, "vehiclesInDanger": 0, "riverOvertop": false, "area": "canal_urban", "areaProb": 0.11924166666666666, "outdoor": true, "emergencyType": "none", "emergencyProb": 0.9996184531380149, "category": "Education", "subcategory": "Kindergartens", "coordinate": [45.55054180487325, 11.548604965209961], "animalsInDanger": 11, "infraInDanger": [], "objectsInDanger": ["Clock", "Car", "Key", "Fork", "Pen", "Cup", "Sweater", "Shoe", "Clock", "Sweater", "Paper", "Helmet", "Desk", "Backpack", "Window", "Stove", "Blanket", "Door", "Backpack", "Stove", "Notebook", "Backpack", "Whiteboard", "Blanket", "Shirt", "Clock", "Pillow", "Coin", "Shoe", "Shoe", "Pot", "Bed", "Cup", "Shirt", "Car"]}]}