{"_id": {"$oid": "6213ca0942fde02430089b1b"}, "header": {"timestamp": "2022-02-21 16:39:09.725780", "sender": "Visual Analysis", "entity": "video", "simmoid": "60aeb4e9-f9a5-4470-8a8d-de0694182f7c", "project_id": "1"}, "shotInfo": [

{"shotIdx": 13, "startFrame": "1506", "endFrame": "1756", "objectsFound": [{"type": "building", "probability": 27.19048394097222}, {"type": "wall", "probability": 89.52365451388889}, {"type": "ceiling", "probability": 20.52951388888889}, {"type": "door", "probability": 0.31331380208333337}, {"type": "earth", "probability": 0.03323025173611111}], "peopleInDanger": 0, "vehiclesInDanger": 0, "riverOvertop": false, "area": "doorway_outdoor", "areaProb": 0.07066315789473684, "outdoor": true, "emergencyType": "none", "emergencyProb": 0.9999592373768489, "category": "Disaster Management", "subcategory": "Civil Protection", "coordinate": [45.55054180487325,11.548604965209961], "animalsInDanger": 3, "infraInDanger": ["ceiling", "nurseries", "nurseries", "room", "office", "office", "road", "parking"], "objectsInDanger": ["Chair", "Clock", "Knife", "Bed", "Glue", "Table", "Bicycle", "Key", "Coin", "Shirt", "Table", "Pot", "Banknote", "Bag", "Spoon", "Door", "Dish", "Blouse", "Spoon", "Whiteboard", "Bag"]}]}