{"_id": {"$oid": "62820c5a6611e02826986a59"}, "header": {"timestamp": "2022-05-16 11:28:11.387201", "sender": "Visual Analysis", "entity": "video", "simmoid": "60aeb4e9-f9a5-4470-8a8d-de0694182f7c", "project_id": "143"}, "shotInfo": [

{"shotIdx": 8, "startFrame": "1127", "endFrame": "1158", "objectsFound": [{"type": "building", "probability": 68.69079377177701}, {"type": "road", "probability": 23.629409843205575}, {"type": "sky", "probability": 2.4716898954703836}], "peopleInDanger": 0, "vehiclesInDanger": 0, "riverOvertop": false, "area": "alley", "areaProb": 0.30626666666666663, "outdoor": true, "emergencyType": "none", "emergencyProb": 0.9999837875366211, "category": "Commerce", "subcategory": "Electronics", "coordinate": [35.53375, 24.06505], "animalsInDanger": 16, "infraInDanger": ["stadium", "parking", "university", "office", "road", "kindergraden"], "objectsInDanger": ["Sofa", "Window", "Cup", "Chair", "Toothbrush", "Shirt"]}]}