{"_id": {"$oid": "62434aa1692f7f5379d3d2ff"}, "header": {"timestamp": "2022-03-29 18:09:51.052135", "sender": "Visual Analysis", "entity": "video", "simmoid": "372d0e9b-b361-452b-af05-34ee99bced76", "project_id": "82"}, "shotInfo": [

{"shotIdx": 18, "startFrame": "9626", "endFrame": "9825", "objectsFound": [{"type": "sky", "probability": 32.01972113715278}, {"type": "sea", "probability": 24.178059895833336}, {"type": "mountain", "probability": 23.73725043402778}, {"type": "tree", "probability": 13.99807400173611}, {"type": "wall", "probability": 4.342990451388888}, {"type": "building", "probability": 3.7957085503472223}, {"type": "earth", "probability": 1.9022623697916667}, {"type": "road", "probability": 2.4237738715277777}, {"type": "water", "probability": 0.01081000434027778}], "peopleInDanger": 0, "vehiclesInDanger": 0, "riverOvertop": false, "area": "village", "areaProb": 0.19632352941176467, "outdoor": true, "emergencyType": "none", "emergencyProb": 0.9941482794912238, "category": "Disaster Management", "subcategory": "Civil Protection Distribution Places", "coordinate": [45.55054180487325, 11.548604965209961], "animalsInDanger": 15, "infraInDanger": [], "objectsInDanger": ["Sofa", "Car", "Car", "Pen", "Shirt", "Door", "Toothbrush", "Chair", "Notebook", "Wallet", "Bag", "Sofa", "Spoon", "Sweater", "Pot", "Pillow", "Pot", "Door", "Pillow", "Sofa", "Knife", "Whiteboard", "Pen", "Sink", "Shirt", "Knife", "Fork", "Glass", "Blanket", "Bag", "Bed", "Coin", "Table", "Cupboard", "Wallet", "Table", "Fridge", "Pot", "Cupboard", "Bed", "Spoon", "Knife", "Bookcase", "Fridge"]}]}