{"_id": {"$oid": "627cb724d32319b204f069a2"}, "header": {"timestamp": "2022-05-12 10:25:20.443635", "sender": "Visual Analysis", "entity": "video", "simmoid": "cf798436-e82a-4af5-8de0-c6faeb8069cb", "project_id": "118"}, "shotInfo": [

{"shotIdx": 3, "startFrame": "875", "endFrame": "975", "objectsFound": [{"type": "sky", "probability": 53.55441528745645}, {"type": "building", "probability": 24.2868031358885}, {"type": "mountain", "probability": 17.50734973867596}, {"type": "tree", "probability": 9.768347125435541}, {"type": "earth", "probability": 1.9551665940766552}, {"type": "hill", "probability": 0.14563371080139373}], "peopleInDanger": 0, "vehiclesInDanger": 0, "riverOvertop": false, "area": "hotel_outdoor", "areaProb": 0.08545714285714286, "outdoor": true, "emergencyType": "none", "emergencyProb": 0.9999982648425632, "category": "Disaster Management", "subcategory": "Civil Protection Distribution Places", "coordinate": [45.55054180487325, 11.548604965209961], "animalsInDanger": 9, "infraInDanger": ["tower", "ceiling", "tourist office", "company", "school", "stadium", "nurseries", "office", "kindergraden", "ceiling", "ceiling", "ceiling", "ceiling"], "objectsInDanger": ["Pen", "Bag", "Stool", "Pencil"]}]}