{"_id": {"$oid": "62430bc8e6d3068eca396a4a"}, "header": {"timestamp": "2022-03-29 16:02:36.107553", "sender": "Visual Analysis", "entity": "video", "simmoid": "cf798436-e82a-4af5-8de0-c6faeb8069cb", "project_id": "82"}, "shotInfo": [

{"shotIdx": 12, "startFrame": "1885", "endFrame": "1981", "objectsFound": [{"type": "building", "probability": 86.60210503472221}, {"type": "sky", "probability": 4.482014973958334}, {"type": "earth", "probability": 0.014377170138888888}, {"type": "road", "probability": 6.721327039930555}], "peopleInDanger": 0, "vehiclesInDanger": 0, "riverOvertop": false, "area": "alley", "areaProb": 0.48867142857142865, "outdoor": true, "emergencyType": "none", "emergencyProb": 0.9997362362013923, "category": "Education", "subcategory": "Kindergartens", "coordinate": [45.55054180487325,11.548604965209961], "animalsInDanger": 9, "infraInDanger": ["office", "office", "university", "tourist office", "parking", "company", "road", "nurseries", "house", "company", "office", "university"], "objectsInDanger": ["Fridge", "Notebook", "Glass", "Door", "Desk", "Pot", "Computer", "Stool", "Trousers", "Banknote", "Clock", "Fork", "Sweater", "Bookcase", "Whiteboard", "Whiteboard", "Bookcase", "Backpack", "Stool", "Coin", "Chair", "Cup", "Pot", "Shirt", "Bookcase", "Bookcase", "Sofa", "Pen", "Window", "Computer", "Pillow", "Trousers", "Banknote", "Coin", "Window", "Sink", "Bookcase", "Blanket", "Pen"]}]}