{"_id": {"$oid": "6214e0fa0e54a551b7172a31"}, "header": {"timestamp": "2022-02-22 13:33:36.981597", "sender": "Visual Analysis", "entity": "video", "simmoid": "cf798436-e82a-4af5-8de0-c6faeb8069cb", "project_id": "1"}, "shotInfo": [

{"shotIdx": 5, "startFrame": "1044", "endFrame": "1116", "objectsFound": [{"type": "sea", "probability": 33.96267361111111}, {"type": "wall", "probability": 25.33230251736111}, {"type": "sky", "probability": 24.629041883680554}, {"type": "building", "probability": 11.482069227430555}, {"type": "mountain", "probability": 9.734429253472223}, {"type": "boat", "probability": 1.7042371961805556}], "peopleInDanger": 0, "vehiclesInDanger": 0, "riverOvertop": false, "area": "canal_urban", "areaProb": 0.17820666666666668, "outdoor": true, "emergencyType": "none", "emergencyProb": 0.9999298602342606, "category": "Commerce", "subcategory": "Other Shops", "coordinate": [35.52925763063966,24.07529354095459], "animalsInDanger": 11, "infraInDanger": ["company", "house", "road", "stadium", "nurseries"], "objectsInDanger": ["Ruler", "Stove", "Stool", "Computer", "Toothbrush", "Wallet", "Fridge", "Washing machine", "Stool", "Knife", "Stool", "Bed", "Fork", "Blanket", "Dish", "Sofa", "Fridge", "Glue", "Blanket", "Shoe", "Pen", "Bicycle", "Shoe", "Pencil", "Cupboard", "Stool", "Coin", "Sink", "Spoon", "Stove", "Chair", "Table", "Blouse", "Washing machine", "Key", "Blanket", "Sweater", "Table", "Helmet", "Wallet", "Pillow", "Shirt", "Glass", "Book", "Wallet"]}]}