{"_id": {"$oid": "6214e0fa0e54a551b7172a31"}, "header": {"timestamp": "2022-02-22 13:33:36.981597", "sender": "Visual Analysis", "entity": "video", "simmoid": "cf798436-e82a-4af5-8de0-c6faeb8069cb", "project_id": "1"}, "shotInfo": [

{"shotIdx": 23, "startFrame": "3091", "endFrame": "3229", "objectsFound": [{"type": "building", "probability": 71.48708767361111}, {"type": "sky", "probability": 30.57183159722222}, {"type": "wall", "probability": 3.585476345486111}, {"type": "earth", "probability": 2.5390625}, {"type": "road", "probability": 5.293104383680555}, {"type": "car", "probability": 4.042561848958334}, {"type": "van", "probability": 0.07954237196180555}], "peopleInDanger": 0, "vehiclesInDanger": 0, "riverOvertop": false, "area": "building_facade", "areaProb": 0.04971999999999999, "outdoor": true, "emergencyType": "none", "emergencyProb": 0.99999163672328, "category": "Production Planning", "subcategory": "Snapshots", "coordinate": [45.55054180487325,11.548604965209961], "animalsInDanger": 1, "infraInDanger": ["kindergraden", "company", "road", "parking", "office", "parking"], "objectsInDanger": ["Trousers", "Wallet", "Paper", "Glass", "Car", "Sink", "Backpack", "Stool", "Key", "Knife", "Trousers", "Desk", "Clock", "Key", "Sofa", "Trousers", "Bookcase", "Spoon", "Book", "Toothbrush", "Stool", "Fork", "Bag", "Bicycle", "Bag", "Desk", "Table", "Door", "Cup", "Computer"]}]}