{"_id": {"$oid": "6213ca0942fde02430089b1b"}, "header": {"timestamp": "2022-02-21 16:39:09.725780", "sender": "Visual Analysis", "entity": "video", "simmoid": "60aeb4e9-f9a5-4470-8a8d-de0694182f7c", "project_id": "1"}, "shotInfo": [

{"shotIdx": 30, "startFrame": "3399", "endFrame": "3526", "objectsFound": [{"type": "building", "probability": 46.05305989583333}, {"type": "tree", "probability": 26.67575412326389}, {"type": "sky", "probability": 17.76394314236111}, {"type": "road", "probability": 12.523735894097221}, {"type": "earth", "probability": 0.9263780381944444}], "peopleInDanger": 0, "vehiclesInDanger": 0, "riverOvertop": false, "area": "palace", "areaProb": 0.0792107142857143, "outdoor": true, "emergencyType": "none", "emergencyProb": 0.999999217192332, "category": "Natural Elements", "subcategory": "Natura 2000 Sites", "coordinate": [45.544777, 11.564912], "animalsInDanger": 5, "infraInDanger": ["parking", "road", "company", "parking", "ceiling", "nurseries"], "objectsInDanger": ["Shoe", "Ruler", "Cup", "Fridge", "Clock", "Blouse", "Pillow", "Whiteboard", "Coffee maker", "Shirt", "Paper", "Pencil", "Pot", "Car"]}]}