{"_id": {"$oid": "627cb724d32319b204f069a2"}, "header": {"timestamp": "2022-05-12 10:25:20.443635", "sender": "Visual Analysis", "entity": "video", "simmoid": "cf798436-e82a-4af5-8de0-c6faeb8069cb", "project_id": "118"}, "shotInfo": [

{"shotIdx": 4, "startFrame": "977", "endFrame": "1042", "objectsFound": [{"type": "water", "probability": 23.148954703832754}, {"type": "tree", "probability": 19.056919642857142}, {"type": "sky", "probability": 22.041049651567945}, {"type": "building", "probability": 14.0352787456446}, {"type": "boat", "probability": 5.338768510452962}, {"type": "sea", "probability": 32.02376415505226}, {"type": "ceiling", "probability": 0.027575130662020907}, {"type": "mountain", "probability": 9.661503702090592}, {"type": "house", "probability": 0.9275642421602788}], "peopleInDanger": 0, "vehiclesInDanger": 0, "riverOvertop": false, "area": "canal_urban", "areaProb": 0.075825, "outdoor": true, "emergencyType": "none", "emergencyProb": 0.998745987812678, "category": "Education", "subcategory": "Universities", "coordinate": [35.533753, 24.065016], "animalsInDanger": 8, "infraInDanger": ["university", "office", "stadium", "road", "parking", "company", "stadium", "stadium", "kindergraden", "university", "room", "house", "house"], "objectsInDanger": ["Dish"]}]}