{"_id": {"$oid": "6216016f600a435c38d2a295"}, "header": {"timestamp": "2022-02-23 10:39:45.180299", "sender": "Visual Analysis", "entity": "video", "simmoid": "60aeb4e9-f9a5-4470-8a8d-de0694182f7c", "project_id": "1"}, "shotInfo": [

{"shotIdx": 9, "startFrame": "1159", "endFrame": "1251", "objectsFound": [{"type": "building", "probability": 74.57139756944444}, {"type": "road", "probability": 18.66183810763889}, {"type": "sky", "probability": 7.862006293402778}], "peopleInDanger": 0, "vehiclesInDanger": 0, "riverOvertop": false, "area": "courtyard", "areaProb": 0.17412222222222223, "outdoor": true, "emergencyType": "none", "emergencyProb": 0.9999993244806925, "category": "Disaster Management", "subcategory": "Civil Protection", "coordinate": [48.13009, 11.6053], "animalsInDanger": 1, "infraInDanger": ["office", "house", "ceiling"], "objectsInDanger": ["Washing machine", "Ruler", "Backpack", "Wallet", "Fridge", "Fork", "Computer", "Shoe", "Cupboard", "Bicycle", "Stool", "Cup", "Book", "Dish", "Helmet", "Bag"]}]}