{"_id": {"$oid": "6213ca0942fde02430089b1b"}, "header": {"timestamp": "2022-02-21 16:39:09.725780", "sender": "Visual Analysis", "entity": "video", "simmoid": "60aeb4e9-f9a5-4470-8a8d-de0694182f7c", "project_id": "1"}, "shotInfo": [

{"shotIdx": 21, "startFrame": "2327", "endFrame": "2389", "objectsFound": [{"type": "building", "probability": 68.93107096354166}, {"type": "sky", "probability": 18.64895290798611}, {"type": "fountain", "probability": 3.8811577690972223}, {"type": "road", "probability": 6.508382161458333}], "peopleInDanger": 0, "vehiclesInDanger": 0, "riverOvertop": false, "area": "canal_urban", "areaProb": 0.1266111111111111, "outdoor": true, "emergencyType": "none", "emergencyProb": 0.9993507403593797, "category": "Transportation", "subcategory": "Bike Rentals", "coordinate": [45.544777, 11.564912], "animalsInDanger": 16, "infraInDanger": [], "objectsInDanger": ["Table", "Key", "Blouse", "Chair", "Knife", "Bag"]}]}