{"_id": {"$oid": "62434aa1692f7f5379d3d2ff"}, "header": {"timestamp": "2022-03-29 18:09:51.052135", "sender": "Visual Analysis", "entity": "video", "simmoid": "372d0e9b-b361-452b-af05-34ee99bced76", "project_id": "82"}, "shotInfo": [

{"shotIdx": 2, "startFrame": "1358", "endFrame": "2001", "objectsFound": [{"type": "tree", "probability": 43.98939344618056}, {"type": "sky", "probability": 39.50330946180556}, {"type": "sculpture", "probability": 11.722819010416668}, {"type": "building", "probability": 22.57961697048611}, {"type": "wall", "probability": 30.560302734375}, {"type": "fountain", "probability": 6.973605685763889}, {"type": "plant", "probability": 3.1663682725694446}, {"type": "road", "probability": 4.680718315972222}, {"type": "mountain", "probability": 1.1562771267361112}, {"type": "pole", "probability": 1.4424641927083335}, {"type": "earth", "probability": 6.067572699652778}], "peopleInDanger": 0, "vehiclesInDanger": 0, "riverOvertop": false, "area": "palace", "areaProb": 0.11065925925925929, "outdoor": true, "emergencyType": "none", "emergencyProb": 0.9999713292345405, "category": "Transportation", "subcategory": "Taxi", "coordinate": [45.55054180487325, 11.548604965209961], "animalsInDanger": 13, "infraInDanger": ["room", "office", "office", "office", "office", "university", "school", "room"], "objectsInDanger": ["Pot", "Trousers", "Blouse", "Shirt", "Fork", "Sweater"]}]}