{"_id": {"$oid": "620110dd1622298797a5e7a3"}, "header": {"timestamp": "2022-02-07 10:59:00.211339", "sender": "Visual Analysis", "entity": "video", "simmoid": "9d113b6c-3991-417e-8056-68d684289cc4", "project_id": "test"}, "shotInfo": [{"shotIdx": 1, "startFrame": "87", "endFrame": "4559", "objectsFound": [{"type": "wall", "probability": 89.73236083984375}, {"type": "ceiling", "probability": 35.67352294921875}, {"type": "building", "probability": 99.61598714192709}, {"type": "earth", "probability": 34.76003011067708}, {"type": "stage", "probability": 18.072001139322914}, {"type": "water", "probability": 7.935078938802083}, {"type": "sky", "probability": 25.916035970052082}, {"type": "ship", "probability": 3.2389322916666665}, {"type": "table", "probability": 4.109700520833334}, {"type": "plant", "probability": 10.017903645833332}, {"type": "boat", "probability": 2.903238932291667}, {"type": "grass", "probability": 30.971781412760418}, {"type": "bench", "probability": 0.9633382161458334}, {"type": "person", "probability": 0.7593790690104167}, {"type": "tree", "probability": 2.23846435546875}, {"type": "road", "probability": 24.585978190104164}, {"type": "bicycle", "probability": 0.7771809895833333}, {"type": "sand", "probability": 0.0518798828125}, {"type": "mountain", "probability": 1.5569051106770835}, {"type": "chair", "probability": 0.35909016927083337}, {"type": "skyscraper", "probability": 0.8092244466145834}, {"type": "door", "probability": 4.8126220703125}], "peopleInDanger": 0, "vehiclesInDanger": 0, "riverOvertop": false, "area": "hotel_outdoor", "areaProb": 0.15539292035398244, "outdoor": true, "emergencyType": "none", "emergencyProb": 0.999721654961186, "category": "Disaster Management", "subcategory": "Civil Protection", "coordinate": [35.524678, 24.08434], "animalsInDanger": 13, "infraInDanger": ["parking", "ceiling", "tower", "office", "company", "tourist office", "tower", "room", "parking", "stadium"], "objectsInDanger": ["Banknote", "Helmet", "Cup", "Blouse", "Chair", "Door", "Blanket", "Clock", "Shirt", "Backpack", "Washing machine", "Toothbrush", "Chair", "Sweater", "Pot", "Stove", "Bicycle", "Glass", "Stool", "Trousers", "Table", "Washing machine", "Backpack", "Cupboard", "Blanket", "Coffee maker", "Wallet", "Notebook", "Sink", "Pillow", "Notebook", "Stool", "Window", "Coffee maker", "Shirt", "Sink", "Wallet", "Sofa", "Car"]}]}