{"_id": {"$oid": "6284e659627a32f6ade9bc64"}, "header": {"timestamp": "2022-05-18 15:27:55.325204", "sender": "Visual Analysis", "entity": "video", "simmoid": "e7578262-d400-4ff1-b4ac-ed00ed34a3c4", "project_id": "citizen"}, "shotInfo": [{"shotIdx": 0, "startFrame": 0, "endFrame": 0, "objectsFound": [{"type": "wall", "probability": 0.496307373046875}, {"type": "ceiling", "probability": 0.40146891276041674}, {"type": "stairway", "probability": 0.06170654296875}, {"type": "sky", "probability": 0.018768310546875}, {"type": "railing", "probability": 0.009760538736979166}, {"type": "escalator", "probability": 0.008219401041666666}, {"type": "floor", "probability": 0.00311279296875}, {"type": "windowpane", "probability": 0.0002797444661458333}, {"type": "light", "probability": 0.00019327799479166663}, {"type": "book", "probability": 8.138020833333332e-05}, {"type": "shelf", "probability": 8.138020833333332e-05}, {"type": "stairs", "probability": 1.0172526041666664e-05}, {"type": "seat", "probability": 1.0172526041666664e-05}], "peopleInDanger": 0, "vehiclesInDanger": 0, "riverOvertop": false, "area": "museum_outdoor", "areaProb": 0.1606, "outdoor": true, "emergencyType": "none", "emergencyProb": 0.9999974966049194, "category": "Flood Forecasts", "subcategory": "Flood Results From Model", "coordinate": [35.524678, 24.084345], "animalsInDanger": 20, "infraInDanger": ["office", "tourist office", "stadium", "office", "tower", "office", "company", "office", "tourist office", "house", "university", "house", "school", "parking"], "objectsInDanger": ["Pot", "Chair", "Toothbrush", "Fridge", "Fork", "Pencil", "Wallet", "Bicycle", "Sink"]}]}