{"_id": {"$oid": "6214e0fa0e54a551b7172a31"}, "header": {"timestamp": "2022-02-22 13:33:36.981597", "sender": "Visual Analysis", "entity": "video", "simmoid": "cf798436-e82a-4af5-8de0-c6faeb8069cb", "project_id": "1"}, "shotInfo": [

{"shotIdx": 14, "startFrame": "2109", "endFrame": "2208", "objectsFound": [{"type": "wall", "probability": 55.70000542534722}, {"type": "fountain", "probability": 3.530544704861111}, {"type": "stage", "probability": 4.122585720486112}, {"type": "person", "probability": 1.4139811197916665}], "peopleInDanger": 0, "vehiclesInDanger": 0, "riverOvertop": false, "area": "bar", "areaProb": 0.4135666666666667, "outdoor": true, "emergencyType": "none", "emergencyProb": 0.9992278425589852, "category": "Accommodation", "subcategory": "Campsites", "coordinate": [45.55054180487325,11.548604965209961], "animalsInDanger": 16, "infraInDanger": ["house", "nurseries", "room", "kindergraden", "house", "office", "room", "stadium", "tower", "company", "tourist office", "road", "road"], "objectsInDanger": ["Trousers", "Door", "Bookcase", "Bag", "Bag", "Notebook", "Stove", "Sink", "Window", "Table", "Pen", "Backpack", "Stool", "Door", "Sweater", "Computer", "Sweater", "Pen", "Spoon", "Bicycle"]}]}