{"_id": {"$oid": "6214e0fa0e54a551b7172a31"}, "header": {"timestamp": "2022-02-22 13:33:36.981597", "sender": "Visual Analysis", "entity": "video", "simmoid": "cf798436-e82a-4af5-8de0-c6faeb8069cb", "project_id": "1"}, "shotInfo": [

{"shotIdx": 10, "startFrame": "1576", "endFrame": "1691", "objectsFound": [{"type": "building", "probability": 88.30837673611111}, {"type": "sky", "probability": 29.090711805555557}, {"type": "earth", "probability": 3.6505805121527777}, {"type": "ship", "probability": 0.011705186631944444}], "peopleInDanger": 0, "vehiclesInDanger": 0, "riverOvertop": false, "area": "fire_escape", "areaProb": 0.13098095238095234, "outdoor": true, "emergencyType": "none", "emergencyProb": 0.9998041280993709, "category": "Flood Forecasts", "subcategory": "Flood Results From Model", "coordinate": [45.55054180487325,11.548604965209961], "animalsInDanger": 12, "infraInDanger": [], "objectsInDanger": ["Car", "Bicycle", "Pillow", "Shirt", "Backpack", "Pillow", "Computer", "Glass", "Table", "Book", "Blanket", "Clock", "Pot", "Cupboard", "Banknote", "Glue", "Notebook", "Window", "Pillow", "Stool", "Chair", "Glass", "Ruler", "Stool", "Blanket", "Window", "Paper", "Shoe", "Dish", "Desk", "Stove", "Toothbrush", "Pencil", "Computer", "Blanket", "Pen"]}]}