{"_id": {"$oid": "62418d3d32716b72191da410"}, "header": {"timestamp": "2022-03-28 12:44:26.401075", "sender": "Visual Analysis", "entity": "video", "simmoid": "cf798436-e82a-4af5-8de0-c6faeb8069cb", "project_id": "83"}, "shotInfo": [

{"shotIdx": 9, "startFrame": "1481", "endFrame": "1575", "objectsFound": [{"type": "sky", "probability": 35.36512586805556}, {"type": "earth", "probability": 13.392469618055555}, {"type": "sea", "probability": 10.09250217013889}, {"type": "sand", "probability": 27.264404296875}, {"type": "building", "probability": 3.8099500868055554}, {"type": "tree", "probability": 5.378553602430555}, {"type": "boat", "probability": 5.638970269097222}, {"type": "car", "probability": 3.8743760850694446}, {"type": "water", "probability": 1.6879611545138888}], "peopleInDanger": 0, "vehiclesInDanger": 0, "riverOvertop": false, "area": "parking_lot", "areaProb": 0.11101428571428572, "outdoor": true, "emergencyType": "none", "emergencyProb": 0.6135002493858337, "category": "Education", "subcategory": "Kindergartens", "coordinate": [45.559496, 11.5306666], "animalsInDanger": 15, "infraInDanger": ["office", "company", "ceiling", "office", "road", "university", "university", "school", "room", "school"], "objectsInDanger": ["Dish", "Key", "Key", "Notebook", "Chair", "Bed", "Car", "Car", "Pen", "Table", "Sweater", "Backpack", "Coffee maker", "Blanket", "Coffee maker", "Coffee maker", "Washing machine", "Window", "Coin", "Window", "Washing machine", "Wallet", "Desk", "Bed", "Dish"]}]}