{"_id": {"$oid": "62820c5a6611e02826986a59"}, "header": {"timestamp": "2022-05-16 11:28:11.387201", "sender": "Visual Analysis", "entity": "video", "simmoid": "60aeb4e9-f9a5-4470-8a8d-de0694182f7c", "project_id": "143"}, "shotInfo": [

{"shotIdx": 13, "startFrame": "1506", "endFrame": "1756", "objectsFound": [{"type": "wall", "probability": 91.27967116724739}, {"type": "building", "probability": 6.096880444250871}, {"type": "ceiling", "probability": 16.935022865853657}, {"type": "person", "probability": 1.7550903745644597}, {"type": "bar", "probability": 0.2143673780487805}], "peopleInDanger": 0, "vehiclesInDanger": 0, "riverOvertop": false, "area": "doorway_outdoor", "areaProb": 0.07300000000000001, "outdoor": true, "emergencyType": "none", "emergencyProb": 0.999854197104772, "category": "Disaster Management", "subcategory": "Civil Protection", "coordinate": [35.53375, 24.06505], "animalsInDanger": 7, "infraInDanger": ["tower", "office", "parking", "house", "company", "university", "ceiling", "nurseries", "office", "ceiling", "company", "tourist office", "tourist office", "parking"], "objectsInDanger": ["Bicycle", "Bed", "Shirt", "Pot", "Window", "Bicycle", "Car", "Pencil", "Bicycle", "Toothbrush", "Toothbrush", "Cupboard", "Computer", "Bookcase", "Sofa"]}]}