{"_id": {"$oid": "62820c5a6611e02826986a59"}, "header": {"timestamp": "2022-05-16 11:28:11.387201", "sender": "Visual Analysis", "entity": "video", "simmoid": "60aeb4e9-f9a5-4470-8a8d-de0694182f7c", "project_id": "143"}, "shotInfo": [

{"shotIdx": 10, "startFrame": "1252", "endFrame": "1316", "objectsFound": [{"type": "sky", "probability": 49.18064024390244}, {"type": "earth", "probability": 12.223023736933799}, {"type": "sea", "probability": 15.053353658536587}, {"type": "tree", "probability": 12.582344294425088}, {"type": "building", "probability": 16.70023954703833}, {"type": "hill", "probability": 1.8054496951219512}, {"type": "road", "probability": 1.9667356271777003}, {"type": "tower", "probability": 1.3773954703832751}, {"type": "field", "probability": 0.018054496951219513}], "peopleInDanger": 0, "vehiclesInDanger": 0, "riverOvertop": false, "area": "formal_garden", "areaProb": 0.1732, "outdoor": true, "emergencyType": "none", "emergencyProb": 0.999965230623881, "category": "Commerce", "subcategory": "Electronics", "coordinate": [35.53375, 24.06505], "animalsInDanger": 20, "infraInDanger": ["university", "nurseries", "parking", "tower", "ceiling", "office", "parking", "nurseries", "tourist office", "room", "stadium", "road", "office", "ceiling", "office"], "objectsInDanger": ["Toothbrush", "Bookcase", "Window", "Clock", "Helmet", "Bicycle", "Computer"]}]}