{"_id": {"$oid": "6241aec2a8da5dc100eff0ea"}, "header": {"timestamp": "2022-03-28 15:10:29.620942", "sender": "Visual Analysis", "entity": "video", "simmoid": "cf798436-e82a-4af5-8de0-c6faeb8069cb", "project_id": "85"}, "shotInfo": [

{"shotIdx": 0, "startFrame": "0", "endFrame": "259", "objectsFound": [{"type": "sky", "probability": 94.74148220486111}, {"type": "sea", "probability": 3.9530436197916665}, {"type": "mountain", "probability": 5.694580078125}, {"type": "hill", "probability": 2.7594672309027777}], "peopleInDanger": 0, "vehiclesInDanger": 0, "riverOvertop": false, "area": "grotto", "areaProb": 0.24658333333333335, "outdoor": true, "emergencyType": "none", "emergencyProb": 0.9999457502365112, "category": "Accommodation", "subcategory": "Apartments", "coordinate": [45.544775, 11.564912], "animalsInDanger": 9, "infraInDanger": ["ceiling", "parking", "tower", "office", "company", "office", "school", "ceiling", "nurseries", "ceiling", "parking", "nurseries", "room", "parking", "tower"], "objectsInDanger": ["Spoon", "Coin", "Shoe", "Book", "Bicycle", "Cupboard", "Blouse", "Paper", "Whiteboard", "Clock", "Banknote", "Dish", "Clock", "Shoe", "Chair", "Bookcase", "Sweater", "Ruler", "Glass", "Cup", "Sink", "Sink", "Door", "Bed", "Knife", "Paper", "Spoon", "Bicycle", "Shoe", "Pillow", "Blanket", "Notebook", "Window", "Wallet", "Notebook", "Table", "Bed", "Stove", "Blouse", "Paper", "Pillow", "Shoe"]}]}