{"_id": {"$oid": "6216016f600a435c38d2a295"}, "header": {"timestamp": "2022-02-23 10:39:45.180299", "sender": "Visual Analysis", "entity": "video", "simmoid": "60aeb4e9-f9a5-4470-8a8d-de0694182f7c", "project_id": "1"}, "shotInfo": [

{"shotIdx": 38, "startFrame": "4535", "endFrame": "4661", "objectsFound": [{"type": "building", "probability": 80.06591796875}, {"type": "sky", "probability": 1.568603515625}, {"type": "road", "probability": 6.753200954861111}], "peopleInDanger": 0, "vehiclesInDanger": 0, "riverOvertop": false, "area": "alley", "areaProb": 0.2632916666666667, "outdoor": true, "emergencyType": "none", "emergencyProb": 0.9999999205271403, "category": "Production Planning", "subcategory": "Snapshots", "coordinate": [35.52925763063966,24.07529354095459], "animalsInDanger": 19, "infraInDanger": ["company", "tower", "ceiling", "office"], "objectsInDanger": ["Coffee maker", "Ruler", "Banknote", "Sofa", "Desk", "Clock", "Trousers", "Pillow", "Paper", "Pot", "Pot", "Sofa", "Table", "Bag", "Glue", "Book", "Blanket", "Notebook", "Pillow", "Toothbrush", "Coffee maker", "Glue", "Fork", "Sofa", "Notebook", "Spoon", "Cupboard", "Bag", "Sofa", "Banknote", "Blouse", "Bicycle", "Stove", "Key", "Trousers", "Pot", "Bookcase", "Computer", "Pen", "Book", "Pencil"]}]}