{"_id": {"$oid": "62434aa1692f7f5379d3d2ff"}, "header": {"timestamp": "2022-03-29 18:09:51.052135", "sender": "Visual Analysis", "entity": "video", "simmoid": "372d0e9b-b361-452b-af05-34ee99bced76", "project_id": "82"}, "shotInfo": [

{"shotIdx": 14, "startFrame": "5710", "endFrame": "6315", "objectsFound": [{"type": "sky", "probability": 32.13026258680556}, {"type": "earth", "probability": 31.4453125}, {"type": "building", "probability": 25.90399848090278}, {"type": "tree", "probability": 16.866048177083336}, {"type": "wall", "probability": 23.975965711805554}, {"type": "person", "probability": 3.1663682725694446}, {"type": "sea", "probability": 19.19216579861111}, {"type": "mountain", "probability": 15.973578559027779}, {"type": "water", "probability": 2.137586805555556}, {"type": "hill", "probability": 0.3221299913194445}], "peopleInDanger": 0, "vehiclesInDanger": 0, "riverOvertop": false, "area": "cliff", "areaProb": 0.16363214285714286, "outdoor": true, "emergencyType": "none", "emergencyProb": 0.9127649250677077, "category": "Accommodation", "subcategory": "Apartments", "coordinate": [45.55054180487325, 11.548604965209961], "animalsInDanger": 4, "infraInDanger": ["nurseries", "office", "house"], "objectsInDanger": ["Book", "Glass", "Cupboard", "Whiteboard"]}]}