{"_id": {"$oid": "6216016f600a435c38d2a295"}, "header": {"timestamp": "2022-02-23 10:39:45.180299", "sender": "Visual Analysis", "entity": "video", "simmoid": "60aeb4e9-f9a5-4470-8a8d-de0694182f7c", "project_id": "1"}, "shotInfo": [

{"shotIdx": 12, "startFrame": "1380", "endFrame": "1505", "objectsFound": [{"type": "building", "probability": 38.84480794270833}, {"type": "sky", "probability": 22.187635633680554}, {"type": "grass", "probability": 8.197699652777777}, {"type": "river", "probability": 5.322265625}, {"type": "tree", "probability": 13.738335503472221}, {"type": "earth", "probability": 6.978352864583333}, {"type": "wall", "probability": 4.914686414930555}, {"type": "water", "probability": 21.470811631944446}, {"type": "road", "probability": 0.701904296875}], "peopleInDanger": 0, "vehiclesInDanger": 0, "riverOvertop": false, "area": "canal_urban", "areaProb": 0.8179333333333334, "outdoor": true, "emergencyType": "none", "emergencyProb": 0.9830632905165354, "category": "Medical", "subcategory": "Doctors", "coordinate": [48.13009, 11.6053], "animalsInDanger": 10, "infraInDanger": ["room", "house", "tourist office"], "objectsInDanger": ["Pen", "Table", "Sink", "Toothbrush", "Fork", "Computer", "Pot", "Ruler", "Table", "Fork", "Sofa", "Blanket", "Sweater", "Bed", "Stool", "Pillow", "Table", "Helmet", "Pot"]}]}