{"_id": {"$oid": "6241aec2a8da5dc100eff0ea"}, "header": {"timestamp": "2022-03-28 15:10:29.620942", "sender": "Visual Analysis", "entity": "video", "simmoid": "cf798436-e82a-4af5-8de0-c6faeb8069cb", "project_id": "85"}, "shotInfo": [

{"shotIdx": 12, "startFrame": "1885", "endFrame": "1981", "objectsFound": [{"type": "building", "probability": 86.60210503472221}, {"type": "sky", "probability": 4.482014973958334}, {"type": "earth", "probability": 0.014377170138888888}, {"type": "road", "probability": 6.721327039930555}], "peopleInDanger": 0, "vehiclesInDanger": 0, "riverOvertop": false, "area": "alley", "areaProb": 0.48867142857142865, "outdoor": true, "emergencyType": "none", "emergencyProb": 0.9997362362013923, "category": "Infrastructure", "subcategory": "Aqueducts", "coordinate": [45.544775, 11.564912], "animalsInDanger": 18, "infraInDanger": ["house", "house", "office", "room", "school", "school", "office", "school", "school", "university", "nurseries", "road", "road", "tower", "road"], "objectsInDanger": ["Book", "Pencil", "Pot", "Sofa", "Computer", "Chair", "Dish", "Glass", "Glass"]}]}