
{"_id": {"$oid": "61e6d89fca35937de3162dce"}, 
"header": {"timestamp": "2022-01-18 16:19:05.660883", "sender": "Visual Analysis", "entity": "video", "simmoid": "1420406195626692620", "project_id": "test"}, 
"shotInfo": [{"shotIdx": 4, "startFrame": "1329", "endFrame": "1338", "objectsFound": [{"type": "sky", "probability": 92.65174865722656}, {"type": "wall", "probability": 92.76504516601562}, {"type": "road", "probability": 16.73126220703125}], "peopleInDanger": 0, "vehiclesInDanger": 0, "riverOvertop": false, "area": "none", "areaProb": 0.12725217391304347, "outdoor": true, "emergencyType": "none", "category": "Education", "subcategory": "Nurseries", "coordinate": [35.53375, 24.065016], "animalsInDanger": 12, "infraInDanger": ["kindergraden", "road", "road"], "objectsInDanger": ["Window", "Notebook", "Book", "Cupboard", "Toothbrush", "Book", "Stool", "Shoe", "Stool", "Glue", "Sink", "Shirt", "Shirt", "Desk", "Stool", "Pen", "Key", "Pencil", "Fridge", "Knife", "Sweater", "Knife"]}]}