{"_id": {"$oid": "623c9aaf7d9e4cd180c9a6f8"}, "header": {"timestamp": "2022-03-24 17:42:23.152261", "sender": "Visual Analysis", "entity": "video", "simmoid": "cf798436-e82a-4af5-8de0-c6faeb8069cb", "project_id": "20"}, "shotInfo": [

{"shotIdx": 24, "startFrame": "3231", "endFrame": "3316", "objectsFound": [{"type": "wall", "probability": 55.118136935763886}, {"type": "building", "probability": 4.794650607638888}, {"type": "ceiling", "probability": 6.927490234375}, {"type": "tree", "probability": 5.628797743055555}, {"type": "door", "probability": 1.1576334635416665}], "peopleInDanger": 0, "vehiclesInDanger": 0, "riverOvertop": false, "area": "train_station_platform", "areaProb": 0.053380000000000004, "outdoor": true, "emergencyType": "none", "emergencyProb": 0.9976044446229935, "category": "Education", "subcategory": "Secondary Schools", "coordinate": [45.559496, 11.5306666], "animalsInDanger": 19, "infraInDanger": ["kindergraden"], "objectsInDanger": ["Bicycle", "Glue", "Sink", "Banknote", "Knife", "Ruler", "Coin", "Cup", "Notebook", "Banknote", "Clock", "Fridge", "Table", "Washing machine", "Toothbrush", "Trousers", "Helmet", "Fridge", "Bag", "Sink", "Window", "Coffee maker", "Paper", "Car", "Ruler", "Book", "Stool", "Dish", "Bicycle", "Ruler", "Coffee maker", "Pillow", "Blouse", "Wallet", "Bed", "Helmet", "Shoe", "Bicycle", "Backpack", "Glass"]}]}