{"_id": {"$oid": "623c9aaf7d9e4cd180c9a6f8"}, "header": {"timestamp": "2022-03-24 17:42:23.152261", "sender": "Visual Analysis", "entity": "video", "simmoid": "cf798436-e82a-4af5-8de0-c6faeb8069cb", "project_id": "20"}, "shotInfo": [

{"shotIdx": 19, "startFrame": "2630", "endFrame": "2772", "objectsFound": [{"type": "building", "probability": 82.9345703125}, {"type": "sky", "probability": 23.26321072048611}], "peopleInDanger": 0, "vehiclesInDanger": 0, "riverOvertop": false, "area": "railroad_track", "areaProb": 0.07854285714285715, "outdoor": true, "emergencyType": "none", "emergencyProb": 0.99984353354999, "category": "Education", "subcategory": "Kindergartens", "coordinate": [48.130088, 11.60539], "animalsInDanger": 5, "infraInDanger": ["university", "company", "tourist office", "office", "tourist office", "office", "kindergraden", "kindergraden"], "objectsInDanger": ["Key", "Dish", "Bookcase", "Car", "Banknote", "Bookcase", "Toothbrush", "Chair", "Sink", "Desk", "Coin", "Fork", "Pencil", "Bed", "Sofa", "Car", "Glue", "Car", "Bag", "Table", "Blanket", "Stove", "Bag", "Car", "Pen", "Pot", "Coin", "Bag", "Computer", "Bookcase", "Paper", "Washing machine", "Sweater", "Ruler", "Door", "Key", "Computer", "Coin", "Stove", "Sofa", "Shoe", "Coffee maker", "Blouse", "Bed", "Washing machine", "Coin", "Knife"]}]}