{"_id": {"$oid": "6213ca0942fde02430089b1b"}, "header": {"timestamp": "2022-02-21 16:39:09.725780", "sender": "Visual Analysis", "entity": "video", "simmoid": "60aeb4e9-f9a5-4470-8a8d-de0694182f7c", "project_id": "1"}, "shotInfo": [

{"shotIdx": 25, "startFrame": "2640", "endFrame": "2891", "objectsFound": [{"type": "building", "probability": 83.331298828125}, {"type": "mountain", "probability": 14.568413628472221}, {"type": "tree", "probability": 9.480794270833332}, {"type": "road", "probability": 5.725775824652778}, {"type": "sky", "probability": 7.863362630208333}, {"type": "wall", "probability": 6.178114149305555}, {"type": "ship", "probability": 4.693603515625}, {"type": "ceiling", "probability": 10.70285373263889}, {"type": "boat", "probability": 9.344482421875}, {"type": "grass", "probability": 1.1494954427083335}, {"type": "table", "probability": 0.2495659722222222}, {"type": "sea", "probability": 1.0762532552083335}], "peopleInDanger": 0, "vehiclesInDanger": 0, "riverOvertop": false, "area": "bar", "areaProb": 0.057712500000000014, "outdoor": true, "emergencyType": "none", "emergencyProb": 0.9997628243243109, "category": "Infrastructure", "subcategory": "Antennas", "coordinate": [45.544777, 11.564912], "animalsInDanger": 12, "infraInDanger": ["tourist office", "tourist office", "road", "school", "ceiling", "house", "stadium", "office", "office", "university"], "objectsInDanger": []}]}