{"_id": {"$oid": "62820ee76611e02826986a5c"}, "header": {"timestamp": "2022-05-16 11:44:09.582015", "sender": "Visual Analysis", "entity": "twitter_post", "simmoid": "1420639967718510593", "project_id": "144"}, "shotInfo": [{"shotIdx": 0, "startFrame": 0, "endFrame": 0, "objectsFound": [{"type": "person", "probability": 0.5845795580621301}, {"type": "wall", "probability": 0.2853180473372781}, {"type": "table", "probability": 0.08645756286982248}, {"type": "ceiling", "probability": 0.02514215051775148}, {"type": "flower", "probability": 0.015318740754437869}, {"type": "bed", "probability": 0.0022131564349112424}, {"type": "shelf", "probability": 0.0005200628698224853}, {"type": "box", "probability": 0.0004102718195266272}, {"type": "basket", "probability": 4.044933431952664e-05}], "peopleInDanger": 0, "vehiclesInDanger": 0, "riverOvertop": false, "area": "youth_hostel", "areaProb": 0.1467, "outdoor": true, "emergencyType": "none", "emergencyProb": 0.9986795783042908, "category": "Education", "subcategory": "Universities", "coordinate": [48.130089, 11.6053], "animalsInDanger": 10, "infraInDanger": ["house", "ceiling", "office", "stadium", "university", "room", "office", "ceiling", "university", "school", "parking", "office", "stadium"], "objectsInDanger": ["Sink", "Bicycle", "Trousers", "Pen", "Whiteboard", "Glass", "Key", "Book", "Key", "Backpack", "Bicycle", "Table", "Ruler", "Pot", "Pot", "Glue", "Backpack", "Door", "Shirt", "Shoe", "Pencil", "Sofa", "Pillow", "Knife", "Pen", "Bookcase", "Blanket", "Fridge", "Blanket", "Pillow"]}]}