{"_id": {"$oid": "6241aec2a8da5dc100eff0ea"}, "header": {"timestamp": "2022-03-28 15:10:29.620942", "sender": "Visual Analysis", "entity": "video", "simmoid": "cf798436-e82a-4af5-8de0-c6faeb8069cb", "project_id": "85"}, "shotInfo": [

{"shotIdx": 1, "startFrame": "260", "endFrame": "347", "objectsFound": [{"type": "sky", "probability": 56.87188042534722}, {"type": "water", "probability": 54.878743489583336}, {"type": "sand", "probability": 3.631591796875}, {"type": "sea", "probability": 2.5275336371527777}, {"type": "earth", "probability": 1.6811794704861112}], "peopleInDanger": 0, "vehiclesInDanger": 0, "riverOvertop": false, "area": "creek", "areaProb": 0.19524285714285713, "outdoor": true, "emergencyType": "none", "emergencyProb": 0.9966091960668564, "category": "Production Planning", "subcategory": "Sources of Pollution", "coordinate": [35.533753, 24.065016], "animalsInDanger": 14, "infraInDanger": ["office", "kindergraden", "stadium", "house", "office", "tourist office", "kindergraden", "parking", "office"], "objectsInDanger": []}]}