{"_id": {"$oid": "627e4e2ea8c5a2dccee39dbf"}, "header": {"timestamp": "2022-05-13 15:25:05.884244", "sender": "Visual Analysis", "entity": "citizen_report", "simmoid": "1974761c-a2d4-4534-93cb-814c7eed245c", "project_id": 0}, "shotInfo": [{"shotIdx": 0, "startFrame": 0, "endFrame": 0, "objectsFound": [{"type": "crt", "probability": 0.5287322998046875}, {"type": "floor", "probability": 0.1802215576171875}, {"type": "monitor", "probability": 0.09627787272135419}, {"type": "desk", "probability": 0.09406026204427081}, {"type": "wall", "probability": 0.06580098470052083}, {"type": "table", "probability": 0.0243682861328125}, {"type": "computer", "probability": 0.005655924479166668}, {"type": "coffee", "probability": 0.002756754557291666}, {"type": "book", "probability": 0.0010782877604166667}, {"type": "pool", "probability": 0.00067138671875}, {"type": "ceiling", "probability": 0.00037638346354166674}], "peopleInDanger": 0, "vehiclesInDanger": 0, "riverOvertop": false, "area": "airport_terminal", "areaProb": 0.2046, "outdoor": true, "emergencyType": "none", "emergencyProb": 0.968017041683197, "category": "Disaster Management", "subcategory": "Flooded Reports", "coordinate": [48.130089, 11.6053], "animalsInDanger": 15, "infraInDanger": ["room", "kindergraden", "office", "company", "road", "ceiling", "office", "company"], "objectsInDanger": ["Desk", "Banknote", "Pen", "Sofa", "Cup", "Table", "Washing machine", "Pot", "Bed", "Pot"]}]}