{"_id": {"$oid": "6213ca0942fde02430089b1b"}, "header": {"timestamp": "2022-02-21 16:39:09.725780", "sender": "Visual Analysis", "entity": "video", "simmoid": "60aeb4e9-f9a5-4470-8a8d-de0694182f7c", "project_id": "1"}, "shotInfo": [

{"shotIdx": 20, "startFrame": "2261", "endFrame": "2326", "objectsFound": [{"type": "building", "probability": 64.630126953125}, {"type": "sky", "probability": 17.249891493055554}, {"type": "earth", "probability": 2.471923828125}], "peopleInDanger": 0, "vehiclesInDanger": 0, "riverOvertop": false, "area": "hotel_outdoor", "areaProb": 0.10215714285714286, "outdoor": true, "emergencyType": "none", "emergencyProb": 0.9999963470867702, "category": "Education", "subcategory": "Universities", "coordinate": [45.544777, 11.564912], "animalsInDanger": 7, "infraInDanger": ["university", "office", "parking"], "objectsInDanger": ["Pot", "Window", "Sink", "Bookcase", "Spoon", "Glass", "Washing machine", "Dish", "Backpack", "Pot", "Table", "Stool", "Clock", "Window", "Clock", "Pencil", "Cup", "Banknote", "Pen", "Bag", "Wallet"]}]}