{"_id": {"$oid": "62430bc8e6d3068eca396a4a"}, "header": {"timestamp": "2022-03-29 16:02:36.107553", "sender": "Visual Analysis", "entity": "video", "simmoid": "cf798436-e82a-4af5-8de0-c6faeb8069cb", "project_id": "82"}, "shotInfo": [

{"shotIdx": 10, "startFrame": "1576", "endFrame": "1691", "objectsFound": [{"type": "building", "probability": 87.10666232638889}, {"type": "sky", "probability": 28.41864691840278}, {"type": "earth", "probability": 2.391221788194444}, {"type": "ship", "probability": 0.011705186631944444}], "peopleInDanger": 0, "vehiclesInDanger": 0, "riverOvertop": false, "area": "fire_escape", "areaProb": 0.12614, "outdoor": true, "emergencyType": "none", "emergencyProb": 0.9998624975031073, "category": "Finance", "subcategory": "Exchange Offices", "coordinate": [37.980401, 23.757333], "animalsInDanger": 4, "infraInDanger": ["road", "house", "tourist office", "tourist office", "ceiling", "road", "nurseries", "ceiling", "parking"], "objectsInDanger": ["Helmet", "Coin", "Sink", "Backpack", "Sofa", "Table", "Ruler", "Sofa", "Door", "Chair", "Shirt", "Dish", "Key", "Notebook", "Blouse", "Glue", "Sofa", "Sink", "Bookcase", "Dish", "Blanket", "Knife", "Stove", "Stove", "Paper"]}]}