{"_id": {"$oid": "6214e0fa0e54a551b7172a31"}, "header": {"timestamp": "2022-02-22 13:33:36.981597", "sender": "Visual Analysis", "entity": "video", "simmoid": "cf798436-e82a-4af5-8de0-c6faeb8069cb", "project_id": "1"}, "shotInfo": [

{"shotIdx": 9, "startFrame": "1481", "endFrame": "1575", "objectsFound": [{"type": "sky", "probability": 35.38547092013889}, {"type": "earth", "probability": 15.730116102430555}, {"type": "sea", "probability": 10.474310980902777}, {"type": "sand", "probability": 27.264404296875}, {"type": "building", "probability": 4.245334201388888}, {"type": "tree", "probability": 5.555555555555555}, {"type": "boat", "probability": 5.906846788194445}, {"type": "car", "probability": 3.9652506510416665}, {"type": "water", "probability": 2.3688422309027777}], "peopleInDanger": 0, "vehiclesInDanger": 2, "riverOvertop": false, "area": "parking_lot", "areaProb": 0.10133636363636363, "outdoor": true, "emergencyType": "flood", "emergencyProb": 0.6070531823418357, "category": "Public Services", "subcategory": "Tourist Offices", "coordinate": [35.52925763063966,24.07529354095459], "animalsInDanger": 5, "infraInDanger": ["company", "parking", "university", "house", "office", "tourist office", "tower"], "objectsInDanger": ["Glass", "Trousers", "Key", "Shoe", "Coffee maker", "Sink", "Paper", "Washing machine", "Glass", "Bookcase", "Blouse", "Bag", "Desk", "Bed", "Window", "Helmet", "Stool", "Door", "Paper", "Shoe", "Fridge", "Stool", "Coin", "Blouse", "Paper", "Shoe", "Banknote", "Bed", "Fork", "Backpack", "Blanket", "Glue", "Dish"]}]}