{"_id": {"$oid": "62418d3d32716b72191da410"}, "header": {"timestamp": "2022-03-28 12:44:26.401075", "sender": "Visual Analysis", "entity": "video", "simmoid": "cf798436-e82a-4af5-8de0-c6faeb8069cb", "project_id": "83"}, "shotInfo": [

{"shotIdx": 23, "startFrame": "3091", "endFrame": "3229", "objectsFound": [{"type": "building", "probability": 70.465087890625}, {"type": "sky", "probability": 30.01166449652778}, {"type": "wall", "probability": 2.090115017361111}, {"type": "earth", "probability": 1.6682942708333333}, {"type": "road", "probability": 5.293104383680555}, {"type": "car", "probability": 1.1827256944444444}, {"type": "van", "probability": 0.07954237196180555}], "peopleInDanger": 0, "vehiclesInDanger": 0, "riverOvertop": false, "area": "castle", "areaProb": 0.0336, "outdoor": true, "emergencyType": "none", "emergencyProb": 0.9999959927338821, "category": "Education", "subcategory": "Secondary Schools", "coordinate": [45.544775, 11.564912], "animalsInDanger": 11, "infraInDanger": ["university"], "objectsInDanger": ["Washing machine", "Pencil", "Ruler", "Clock", "Helmet", "Pot", "Dish", "Blouse", "Ruler", "Fridge", "Fork", "Blouse", "Glue", "Bicycle", "Sofa", "Pillow", "Window", "Dish", "Trousers", "Bed", "Clock", "Ruler", "Spoon", "Bookcase", "Shoe", "Coffee maker", "Knife", "Toothbrush", "Window", "Coin", "Coffee maker", "Sweater", "Sweater"]}]}