{"_id": {"$oid": "6213ca0942fde02430089b1b"}, "header": {"timestamp": "2022-02-21 16:39:09.725780", "sender": "Visual Analysis", "entity": "video", "simmoid": "60aeb4e9-f9a5-4470-8a8d-de0694182f7c", "project_id": "1"}, "shotInfo": [

{"shotIdx": 17, "startFrame": "2009", "endFrame": "2072", "objectsFound": [{"type": "building", "probability": 65.39238823784721}, {"type": "sky", "probability": 26.416015625}, {"type": "earth", "probability": 9.569634331597223}, {"type": "runway", "probability": 1.5157063802083335}], "peopleInDanger": 0, "vehiclesInDanger": 0, "riverOvertop": false, "area": "skyscraper", "areaProb": 0.2392428571428571, "outdoor": true, "emergencyType": "none", "emergencyProb": 0.9999276569911412, "category": "Transportation", "subcategory": "Taxi", "coordinate": [45.544777, 11.564912], "animalsInDanger": 15, "infraInDanger": ["road", "stadium", "ceiling", "house", "university", "kindergraden", "university", "tower"], "objectsInDanger": ["Wallet", "Glue", "Pillow", "Toothbrush", "Window", "Coin", "Stool", "Knife", "Bookcase", "Cupboard", "Wallet", "Bookcase", "Washing machine", "Door", "Sofa", "Pencil", "Sweater", "Key", "Table", "Clock", "Backpack", "Door", "Pillow", "Fork", "Blanket", "Shirt", "Bicycle", "Shirt", "Fridge", "Pencil", "Trousers", "Bookcase"]}]}