{"_id": {"$oid": "62434aa1692f7f5379d3d2ff"}, "header": {"timestamp": "2022-03-29 18:09:51.052135", "sender": "Visual Analysis", "entity": "video", "simmoid": "372d0e9b-b361-452b-af05-34ee99bced76", "project_id": "82"}, "shotInfo": [

{"shotIdx": 23, "startFrame": "10932", "endFrame": "11885", "objectsFound": [{"type": "sea", "probability": 50.92230902777778}, {"type": "sky", "probability": 37.03748914930556}, {"type": "mountain", "probability": 11.50241427951389}, {"type": "tree", "probability": 11.693657769097223}, {"type": "plant", "probability": 2.757432725694444}, {"type": "boat", "probability": 1.9795735677083333}, {"type": "earth", "probability": 14.552137586805555}, {"type": "building", "probability": 65.76673719618056}, {"type": "wall", "probability": 33.68598090277778}, {"type": "road", "probability": 0.5750868055555556}, {"type": "water", "probability": 6.646050347222222}, {"type": "grass", "probability": 1.4133029513888888}, {"type": "river", "probability": 1.953125}], "peopleInDanger": 0, "vehiclesInDanger": 0, "riverOvertop": false, "area": "canal_urban", "areaProb": 0.09407575757575758, "outdoor": true, "emergencyType": "flood", "emergencyProb": 0.9125547794734731, "category": "Production Planning", "subcategory": "Restricted Areas", "coordinate": [45.55054180487325, 11.548604965209961], "animalsInDanger": 19, "infraInDanger": ["company", "office", "tourist office", "tourist office", "school", "office", "ceiling", "school"], "objectsInDanger": ["Trousers", "Whiteboard", "Bicycle", "Shoe", "Cupboard", "Pillow", "Shoe", "Bag", "Cupboard", "Key", "Toothbrush", "Spoon", "Key", "Blouse", "Cup", "Table", "Fork", "Whiteboard", "Shoe", "Dish", "Wallet", "Book", "Cupboard", "Bicycle", "Helmet", "Sweater", "Spoon", "Fork", "Bookcase", "Pen", "Helmet", "Bicycle", "Glue", "Desk", "Wallet", "Pot", "Whiteboard", "Fridge", "Bed", "Pencil", "Washing machine", "Key", "Window", "Banknote", "Washing machine"]}]}