{"_id": {"$oid": "62434aa1692f7f5379d3d2ff"}, "header": {"timestamp": "2022-03-29 18:09:51.052135", "sender": "Visual Analysis", "entity": "video", "simmoid": "372d0e9b-b361-452b-af05-34ee99bced76", "project_id": "82"}, "shotInfo": [

{"shotIdx": 1, "startFrame": "868", "endFrame": "1357", "objectsFound": [{"type": "sky", "probability": 46.15749782986111}, {"type": "sea", "probability": 18.418375651041664}, {"type": "building", "probability": 14.08352322048611}, {"type": "earth", "probability": 13.65085177951389}, {"type": "mountain", "probability": 7.352023654513889}, {"type": "water", "probability": 14.77389865451389}, {"type": "sand", "probability": 5.356174045138888}, {"type": "wall", "probability": 13.471815321180555}, {"type": "boat", "probability": 1.6737196180555556}, {"type": "hill", "probability": 1.3902452256944444}, {"type": "tree", "probability": 7.677544487847222}, {"type": "house", "probability": 0.3913031684027778}], "peopleInDanger": 0, "vehiclesInDanger": 0, "riverOvertop": false, "area": "harbor", "areaProb": 0.12324799999999998, "outdoor": true, "emergencyType": "none", "emergencyProb": 0.9944071148832639, "category": "Education", "subcategory": "Kindergartens", "coordinate": [45.55054180487325, 11.548604965209961], "animalsInDanger": 5, "infraInDanger": ["road", "company"], "objectsInDanger": ["Backpack", "Fridge", "Bicycle", "Toothbrush", "Glass", "Chair", "Banknote", "Pot", "Helmet", "Pencil", "Notebook", "Bicycle", "Sink", "Paper", "Stove", "Shoe", "Table", "Coffee maker"]}]}