{"_id": {"$oid": "627a51c2362a8ac0694874dd"}, "header": {"timestamp": "2022-05-10 14:51:16.811726", "sender": "Visual Analysis", "entity": "citizen_report", "project_id": null}, "shotInfo": [

{"shotIdx": -1, "startFrame": 0, "endFrame": 0, "objectsFound": [{"type": "floor", "probability": 0.39154561360677076}, {"type": "wall", "probability": 0.38230387369791674}, {"type": "table", "probability": 0.10396830240885419}, {"type": "bottle", "probability": 0.09383646647135419}, {"type": "bed", "probability": 0.014078776041666664}, {"type": "glass", "probability": 0.005193074544270832}, {"type": "desk", "probability": 0.003697713216145834}, {"type": "lamp", "probability": 0.0021107991536458335}, {"type": "clock", "probability": 0.0019734700520833335}, {"type": "ball", "probability": 0.0006917317708333335}, {"type": "signboard", "probability": 0.0003000895182291667}, {"type": "painting", "probability": 0.00016276041666666663}, {"type": "ceiling", "probability": 0.00013224283854166666}, {"type": "bicycle", "probability": 5.086263020833332e-06}], "peopleInDanger": 0, "vehiclesInDanger": 0, "riverOvertop": false, "area": "patio", "areaProb": 0.16670000000000001, "outdoor": true, "emergencyType": "none", "emergencyProb": 0.9999529123306274, "category": "Education", "subcategory": "Universities", "coordinate": [45.55054180487325,11.548604965209961], "animalsInDanger": 6, "infraInDanger": ["school", "room"], "objectsInDanger": ["Cup", "Pot"]}]}
