{"_id": {"$oid": "62820c5a6611e02826986a59"}, "header": {"timestamp": "2022-05-16 11:28:11.387201", "sender": "Visual Analysis", "entity": "video", "simmoid": "60aeb4e9-f9a5-4470-8a8d-de0694182f7c", "project_id": "143"}, "shotInfo": [

{"shotIdx": 4, "startFrame": "804", "endFrame": "897", "objectsFound": [{"type": "building", "probability": 53.70209059233449}, {"type": "sky", "probability": 26.239247604529613}, {"type": "road", "probability": 17.698579050522646}, {"type": "tree", "probability": 3.9552482578397212}, {"type": "mountain", "probability": 1.6033318815331008}], "peopleInDanger": 0, "vehiclesInDanger": 0, "riverOvertop": false, "area": "hotel_outdoor", "areaProb": 0.08108333333333334, "outdoor": true, "emergencyType": "none", "emergencyProb": 0.9998976720703973, "category": "Education", "subcategory": "Secondary Schools", "coordinate": [45.55054180487325, 11.548604965209961], "animalsInDanger": 3, "infraInDanger": ["company", "stadium", "office", "kindergraden", "nurseries"], "objectsInDanger": ["Whiteboard", "Whiteboard", "Sweater", "Glue", "Wallet", "Glue", "Sweater", "Pen", "Sweater", "Whiteboard", "Clock", "Computer", "Door", "Knife", "Spoon", "Ruler", "Chair", "Door", "Sink", "Shirt", "Clock", "Coin", "Trousers", "Sweater", "Bookcase", "Notebook", "Blouse", "Computer", "Window", "Wallet", "Glue", "Desk", "Chair", "Car", "Bed", "Table", "Helmet", "Sofa", "Wallet", "Toothbrush", "Dish", "Pillow", "Knife", "Desk", "Sweater", "Backpack", "Bed", "Sofa", "Car"]}]}