{"_id": {"$oid": "6216016f600a435c38d2a295"}, "header": {"timestamp": "2022-02-23 10:39:45.180299", "sender": "Visual Analysis", "entity": "video", "simmoid": "60aeb4e9-f9a5-4470-8a8d-de0694182f7c", "project_id": "1"}, "shotInfo": [{"shotIdx": 29, "startFrame": "3276", "endFrame": "3398", "objectsFound": [{"type": "water", "probability": 39.07538519965278}, {"type": "wall", "probability": 67.08170572916666}, {"type": "building", "probability": 10.58688693576389}, {"type": "road", "probability": 14.166937934027779}, {"type": "tree", "probability": 3.1867133246527777}, {"type": "earth", "probability": 6.714545355902778}, {"type": "sky", "probability": 0.9541829427083334}, {"type": "mountain", "probability": 0.8131239149305556}, {"type": "plant", "probability": 5.333116319444445}, {"type": "grass", "probability": 2.03857421875}, {"type": "door", "probability": 6.26220703125}, {"type": "ceiling", "probability": 9.330240885416668}], "peopleInDanger": 0, "vehiclesInDanger": 0, "riverOvertop": false, "area": "bar", "areaProb": 0.1714166666666667, "outdoor": true, "emergencyType": "none", "emergencyProb": 0.9991329610347748, "category": "Accommodation", "subcategory": "Apartments", "coordinate": [35.52925763063966,24.07529354095459], "animalsInDanger": 9, "infraInDanger": ["tourist office", "house", "road", "office", "house", "company", "tower", "kindergraden", "room", "company", "ceiling", "company"], "objectsInDanger": ["Sink", "Glass", "Coffee maker", "Bed", "Helmet", "Bed", "Table", "Glass", "Sofa", "Trousers", "Cup", "Stove", "Blanket", "Washing machine", "Dish", "Chair", "Cup", "Spoon", "Bed", "Banknote", "Stool", "Book", "Fork", "Door", "Dish", "Coffee maker", "Notebook", "Trousers", "Car", "Sink", "Knife", "Paper", "Cupboard", "Bed", "Desk", "Coffee maker", "Whiteboard", "Spoon", "Banknote", "Pillow"]}]}