{"_id": {"$oid": "623c9aaf7d9e4cd180c9a6f8"}, "header": {"timestamp": "2022-03-24 17:42:23.152261", "sender": "Visual Analysis", "entity": "video", "simmoid": "cf798436-e82a-4af5-8de0-c6faeb8069cb", "project_id": "20"}, "shotInfo": [

{"shotIdx": 1, "startFrame": "260", "endFrame": "347", "objectsFound": [{"type": "sky", "probability": 56.87188042534722}, {"type": "water", "probability": 54.878743489583336}, {"type": "sand", "probability": 3.631591796875}, {"type": "sea", "probability": 2.5275336371527777}, {"type": "earth", "probability": 1.6811794704861112}], "peopleInDanger": 0, "vehiclesInDanger": 0, "riverOvertop": false, "area": "creek", "areaProb": 0.19524285714285713, "outdoor": true, "emergencyType": "none", "emergencyProb": 0.9966091960668564, "category": "Production Planning", "subcategory": "Restricted Areas", "coordinate": [45.55054180487325,11.548604965209961], "animalsInDanger": 15, "infraInDanger": ["company", "ceiling", "office", "office", "office", "company", "parking", "house"], "objectsInDanger": ["Desk", "Shirt", "Wallet", "Stool", "Cup", "Table", "Blouse", "Bed", "Bed", "Dish", "Trousers", "Fridge", "Stool", "Whiteboard", "Paper", "Banknote", "Toothbrush", "Knife", "Fork", "Pot", "Pencil", "Shoe", "Bookcase", "Sink", "Banknote", "Stove", "Coin", "Desk"]}]}