{"_id": {"$oid": "61e6ac3cdbb500f241d75bdc"}, "header": {"timestamp": "2022-01-18 13:17:23.240082", "sender": "Visual Analysis", "entity": "video", "simmoid": "1420406195626692620", "project_id": "test"}, "shotInfo": 
[{"shotIdx": 5, "startFrame": "1339", "endFrame": "1474", "objectsFound": [{"type": "sky", "probability": 92.65174865722656}, {"type": "wall", "probability": 92.76504516601562}, {"type": "road", "probability": 16.73126220703125}], "peopleInDanger": 0, "vehiclesInDanger": 0, "riverOvertop": false, "area": "field_cultivated", "areaProb": 0.12725217391304347, "outdoor": true, "emergencyType": "none", "emergencyProb": 0.9999610390514135, "category": "Production Planning", "subcategory": "Snapshots", "coordinate": [45.559496, 11.5306666], "animalsInDanger": 14, "infraInDanger": ["tower", "nurseries", "room", "office", "stadium", "nurseries", "tower", "tower", "school", "university", "school", "room", "house"], "objectsInDanger": ["Pot", "Pencil", "Bookcase", "Door", "Key", "Coin", "Washing machine", "Clock", "Helmet", "Fridge", "Helmet", "Knife", "Wallet", "Cup", "Helmet", "Door", "Door", "Bicycle", "Bed", "Computer", "Paper", "Pot", "Coin", "Washing machine", "Fork", "Sofa", "Paper", "Blanket", "Sofa", "Key", "Backpack", "Pencil", "Backpack", "Bag", "Cupboard", "Sink", "Glue", "Glass", "Coffee maker", "Dish"]}]}