{"_id": {"$oid": "62b41ab0a8d96e104c0de312"}, "header": {"timestamp": "2022-06-23 10:47:49.274657", "sender": "Visual Analysis", "entity": "twitter_post", "simmoid": "1420639967718510593", "project_id": "154"}, "shotInfo": [{"shotIdx": 0, "startFrame": 0, "endFrame": 0, "objectsFound": [{"type": "person", "probability": 0.5845795580621301}, {"type": "wall", "probability": 0.2853180473372781}, {"type": "table", "probability": 0.08645756286982248}, {"type": "ceiling", "probability": 0.02514215051775148}, {"type": "flower", "probability": 0.015318740754437869}, {"type": "bed", "probability": 0.0022131564349112424}, {"type": "shelf", "probability": 0.0005200628698224853}, {"type": "box", "probability": 0.0004102718195266272}, {"type": "basket", "probability": 4.044933431952664e-05}], "peopleInDanger": 0, "vehiclesInDanger": 0, "riverOvertop": false, "area": "youth_hostel", "areaProb": 0.1467, "outdoor": true, "emergencyType": "none", "emergencyProb": 0.9986795783042908, "category": "Transportation", "subcategory": "Bike Rentals", "coordinate": [48.13009, 11.6053], "animalsInDanger": 15, "infraInDanger": ["kindergraden", "tower", "tourist office", "university"], "objectsInDanger": ["Pen", "Washing machine", "Coin", "Computer", "Glass", "Bookcase", "Glue", "Spoon", "Sink", "Notebook", "Knife", "Window", "Table", "Ruler", "Sink", "Paper", "Bicycle", "Window", "Window", "Bag", "Toothbrush", "Cupboard", "Blouse", "Bicycle", "Toothbrush", "Computer", "Pen", "Washing machine", "Bed", "Dish", "Window", "Whiteboard", "Bed", "Cup", "Blouse", "Door", "Banknote", "Notebook", "Key", "Pillow", "Fridge", "Sofa", "Cupboard", "Table", "Fridge", "Paper", "Paper", "Coin"]}]}