{"_id": {"$oid": "62820c5a6611e02826986a59"}, "header": {"timestamp": "2022-05-16 11:28:11.387201", "sender": "Visual Analysis", "entity": "video", "simmoid": "60aeb4e9-f9a5-4470-8a8d-de0694182f7c", "project_id": "143"}, "shotInfo": [

{"shotIdx": 18, "startFrame": "2073", "endFrame": "2136", "objectsFound": [{"type": "building", "probability": 57.10746951219512}, {"type": "sky", "probability": 27.443788109756095}, {"type": "road", "probability": 3.866779181184669}], "peopleInDanger": 0, "vehiclesInDanger": 0, "riverOvertop": false, "area": "courtyard", "areaProb": 0.26320000000000005, "outdoor": true, "emergencyType": "none", "emergencyProb": 1, "category": "Medical", "subcategory": "Doctors", "coordinate": [35.53375, 24.06505], "animalsInDanger": 1, "infraInDanger": [], "objectsInDanger": ["Car", "Pencil", "Shirt"]}]}