{"_id": {"$oid": "62418d3d32716b72191da410"}, "header": {"timestamp": "2022-03-28 12:44:26.401075", "sender": "Visual Analysis", "entity": "video", "simmoid": "cf798436-e82a-4af5-8de0-c6faeb8069cb", "project_id": "83"}, "shotInfo": [

{"shotIdx": 1, "startFrame": "260", "endFrame": "347", "objectsFound": [{"type": "sky", "probability": 56.87188042534722}, {"type": "water", "probability": 54.878743489583336}, {"type": "sand", "probability": 3.631591796875}, {"type": "sea", "probability": 2.5275336371527777}, {"type": "earth", "probability": 1.6811794704861112}], "peopleInDanger": 0, "vehiclesInDanger": 0, "riverOvertop": false, "area": "creek", "areaProb": 0.19524285714285713, "outdoor": true, "emergencyType": "none", "emergencyProb": 0.9966091960668564, "category": "Disaster Management", "subcategory": "Civil Protection", "coordinate": [45.559496, 11.5306666], "animalsInDanger": 20, "infraInDanger": ["room", "room", "company", "kindergraden", "room", "office"], "objectsInDanger": ["Notebook", "Pencil", "Pot", "Ruler", "Glue", "Bed", "Dish", "Pot", "Fridge", "Wallet", "Coin", "Banknote", "Backpack", "Table", "Pillow", "Car", "Coin", "Trousers", "Fridge", "Coin", "Glass", "Dish", "Bicycle", "Notebook", "Fork", "Washing machine", "Cupboard"]}]}