{"_id": {"$oid": "6216016f600a435c38d2a295"}, "header": {"timestamp": "2022-02-23 10:39:45.180299", "sender": "Visual Analysis", "entity": "video", "simmoid": "60aeb4e9-f9a5-4470-8a8d-de0694182f7c", "project_id": "1"}, "shotInfo": [

{"shotIdx": 32, "startFrame": "3649", "endFrame": "3778", "objectsFound": [{"type": "road", "probability": 46.42401801215278}, {"type": "grass", "probability": 34.47943793402778}, {"type": "tree", "probability": 22.60674370659722}, {"type": "fountain", "probability": 1.9965277777777777}, {"type": "plant", "probability": 5.156114366319445}, {"type": "ceiling", "probability": 10.008409288194445}, {"type": "wall", "probability": 6.698947482638889}, {"type": "car", "probability": 12.663438585069445}, {"type": "water", "probability": 1.2315538194444444}, {"type": "earth", "probability": 13.214111328125}], "peopleInDanger": 0, "vehiclesInDanger": 0, "riverOvertop": false, "area": "railroad_track", "areaProb": 0.11223999999999998, "outdoor": true, "emergencyType": "none", "emergencyProb": 0.9998869448900223, "category": "Production Planning", "subcategory": "Restricted Areas", "coordinate": [35.52925763063966,24.07529354095459], "animalsInDanger": 17, "infraInDanger": [], "objectsInDanger": ["Chair", "Spoon", "Bed", "Window"]}]}