{"_id": {"$oid": "6213ca0942fde02430089b1b"}, "header": {"timestamp": "2022-02-21 16:39:09.725780", "sender": "Visual Analysis", "entity": "video", "simmoid": "60aeb4e9-f9a5-4470-8a8d-de0694182f7c", "project_id": "1"}, "shotInfo": [

{"shotIdx": 7, "startFrame": "1058", "endFrame": "1126", "objectsFound": [{"type": "building", "probability": 80.19476996527779}, {"type": "plant", "probability": 8.71921115451389}, {"type": "flag", "probability": 4.229736328125}, {"type": "tree", "probability": 4.585774739583334}], "peopleInDanger": 0, "vehiclesInDanger": 0, "riverOvertop": false, "area": "fire_escape", "areaProb": 0.056139999999999995, "outdoor": true, "emergencyType": "none", "emergencyProb": 0.988579289118449, "category": "Infrastructure", "subcategory": "Antennas", "coordinate": [45.55054180487325,11.548604965209961], "animalsInDanger": 9, "infraInDanger": ["school", "university", "office", "room", "company", "road", "stadium", "stadium", "school", "office", "nurseries", "parking", "university"], "objectsInDanger": ["Stove", "Cup", "Toothbrush", "Shirt", "Backpack", "Ruler", "Cupboard", "Wallet", "Dish", "Key", "Sweater", "Glue", "Computer", "Fridge", "Trousers", "Computer", "Wallet", "Window", "Sofa", "Cupboard", "Shoe", "Bookcase", "Toothbrush", "Backpack", "Ruler", "Wallet", "Spoon", "Door", "Pot", "Shirt", "Bicycle", "Glass", "Coffee maker", "Fork", "Stool", "Glass"]}]}