{"header": {"timestamp": "2022-01-18 10:18:22.609990", "sender": "Visual Analysis", "entity": "video", "simmoid": "1420383997222342656", "project_id": "test"}, "shotInfo": [{"shotIdx": 0, "startFrame": "0", "endFrame": "748", "objectsFound": [{"type": "sea", "probability": 46.92043728298611}, {"type": "sky", "probability": 47.37752278645833}, {"type": "boat", "probability": 42.58219401041667}, {"type": "water", "probability": 56.81220160590278}, {"type": "tree", "probability": 41.387939453125}, {"type": "building", "probability": 23.50531684027778}, {"type": "tower", "probability": 1.0640462239583335}, {"type": "wall", "probability": 11.084662543402777}, {"type": "road", "probability": 2.0263671875}, {"type": "car", "probability": 2.275254991319444}, {"type": "grass", "probability": 12.015787760416668}, {"type": "earth", "probability": 22.44194878472222}, {"type": "plant", "probability": 21.1669921875}, {"type": "bench", "probability": 2.554660373263889}, {"type": "path", "probability": 6.302897135416667}, {"type": "door", "probability": 2.079942491319444}, {"type": "ceiling", "probability": 0.13020833333333331}, {"type": "chair", "probability": 0.8829752604166666}, {"type": "table", "probability": 7.739935980902778}, {"type": "pole", "probability": 2.060275607638889}], "peopleInDanger": 0, "vehiclesInDanger": 0, "riverOvertop": false, "area": "harbor", "areaProb": 0.22282745098039217, "outdoor": true, "emergencyType": "none", "emergencyProb": 0.8330686796795238, "category": "Education", "subcategory": "Universities", "coordinate": [48.130089, 11.6053], "animalsInDanger": 12, "infraInDanger": ["office", "university", "company", "nurseries", "house", "stadium", "room", "company", "nurseries", "house"], "objectsInDanger": ["Stool", "Coin", "Chair", "Sweater", "Bag", "Shirt", "Paper", "Paper", "Glue", "Sweater", "Sofa", "Whiteboard", "Computer", "Fridge", "Blanket", "Bookcase", "Desk", "Fork"]}]}