{"_id": {"$oid": "62820c5a6611e02826986a59"}, "header": {"timestamp": "2022-05-16 11:28:11.387201", "sender": "Visual Analysis", "entity": "video", "simmoid": "60aeb4e9-f9a5-4470-8a8d-de0694182f7c", "project_id": "143"}, "shotInfo": [

{"shotIdx": 11, "startFrame": "1317", "endFrame": "1379", "objectsFound": [{"type": "building", "probability": 82.94860627177701}, {"type": "road", "probability": 10.275342987804878}, {"type": "sky", "probability": 3.8960420296167246}], "peopleInDanger": 0, "vehiclesInDanger": 0, "riverOvertop": false, "area": "alley", "areaProb": 0.115575, "outdoor": true, "emergencyType": "none", "emergencyProb": 0.9999824364980062, "category": "Infrastructure", "subcategory": "Antennas", "coordinate": [35.53375, 24.06505], "animalsInDanger": 10, "infraInDanger": ["university", "stadium", "stadium", "nurseries", "tower", "company", "road", "school"], "objectsInDanger": ["Ruler", "Coin", "Spoon", "Desk", "Window", "Notebook", "Ruler", "Fridge", "Pot", "Desk", "Chair", "Stool", "Computer", "Pillow", "Notebook", "Paper", "Dish", "Fork", "Coin", "Window", "Shoe", "Fridge", "Table", "Bag", "Pen", "Stove", "Trousers", "Pencil", "Stool", "Car", "Sink", "Shoe", "Wallet", "Helmet", "Desk", "Sweater", "Door", "Pot", "Trousers", "Cupboard", "Fork"]}]}