{"_id": {"$oid": "6284b018caaa54207e93abd6"}, "header": {"timestamp": "2022-05-18 11:36:22.526445", "sender": "Visual Analysis", "entity": "twitter_post", "simmoid": "1420240116509990912", "project_id": "154"}, "shotInfo": [{"shotIdx": 0, "startFrame": 0, "endFrame": 0, "objectsFound": [{"type": "sky", "probability": 0.44748327529325516}, {"type": "building", "probability": 0.31758041605571846}, {"type": "mountain", "probability": 0.14336281158357772}, {"type": "tree", "probability": 0.09110955828445748}, {"type": "earth", "probability": 0.0002806543255131965}, {"type": "crt", "probability": 0.00018328445747800586}], "peopleInDanger": 0, "vehiclesInDanger": 0, "riverOvertop": false, "area": "village", "areaProb": 0.46799999999999997, "outdoor": true, "emergencyType": "none", "emergencyProb": 0.9956977367401123, "category": "Commerce", "subcategory": "Other Shops", "coordinate": [35.53375, 24.0650185], "animalsInDanger": 10, "infraInDanger": ["road", "kindergraden", "school", "university", "nurseries", "ceiling"], "objectsInDanger": ["Backpack", "Coffee maker", "Pot", "Notebook", "Glue", "Computer", "Coin", "Notebook"]}]}