{"_id": {"$oid": "6241aec2a8da5dc100eff0ea"}, "header": {"timestamp": "2022-03-28 15:10:29.620942", "sender": "Visual Analysis", "entity": "video", "simmoid": "cf798436-e82a-4af5-8de0-c6faeb8069cb", "project_id": "85"}, "shotInfo": [

{"shotIdx": 16, "startFrame": "2313", "endFrame": "2422", "objectsFound": [{"type": "building", "probability": 97.28529188368056}, {"type": "sky", "probability": 3.4166124131944446}, {"type": "tree", "probability": 1.519775390625}, {"type": "wall", "probability": 0.885009765625}], "peopleInDanger": 0, "vehiclesInDanger": 0, "riverOvertop": false, "area": "staircase", "areaProb": 0.078, "outdoor": true, "emergencyType": "none", "emergencyProb": 0.9999686717987061, "category": "Finance", "subcategory": "Exchange Offices", "coordinate": [45.544775, 11.564912], "animalsInDanger": 6, "infraInDanger": ["company", "stadium", "company"], "objectsInDanger": ["Washing machine", "Door", "Book", "Whiteboard", "Stool", "Chair", "Sweater", "Coin", "Door", "Toothbrush", "Ruler", "Door", "Knife", "Bed", "Bed", "Key", "Cup", "Helmet", "Paper", "Blanket", "Stove", "Washing machine", "Stool", "Table", "Pencil", "Blanket", "Cupboard", "Table", "Pencil", "Coin", "Computer", "Notebook", "Chair", "Coffee maker", "Car", "Glass", "Spoon", "Table"]}]}