{"_id": {"$oid": "62820c5a6611e02826986a59"}, "header": {"timestamp": "2022-05-16 11:28:11.387201", "sender": "Visual Analysis", "entity": "video", "simmoid": "60aeb4e9-f9a5-4470-8a8d-de0694182f7c", "project_id": "143"}, "shotInfo": [

{"shotIdx": 32, "startFrame": "3649", "endFrame": "3778", "objectsFound": [{"type": "road", "probability": 51.75849303135889}, {"type": "tree", "probability": 22.126796602787458}, {"type": "ceiling", "probability": 12.674216027874566}, {"type": "grass", "probability": 17.227651350174217}, {"type": "fountain", "probability": 2.3607632839721253}, {"type": "sky", "probability": 7.1666757404181185}, {"type": "wall", "probability": 10.1698606271777}, {"type": "sculpture", "probability": 0.816637630662021}, {"type": "plant", "probability": 2.8201219512195124}, {"type": "car", "probability": 16.079594947735192}, {"type": "water", "probability": 1.0684342334494774}, {"type": "earth", "probability": 14.871651785714285}, {"type": "mountain", "probability": 0.025179660278745644}, {"type": "stage", "probability": 1.4018945993031358}], "peopleInDanger": 0, "vehiclesInDanger": 0, "riverOvertop": false, "area": "railroad_track", "areaProb": 0.10666, "outdoor": true, "emergencyType": "none", "emergencyProb": 0.9998109489679337, "category": "Disaster Management", "subcategory": "Civil Protection", "coordinate": [45.55054180487325, 11.548604965209961], "animalsInDanger": 4, "infraInDanger": ["office", "kindergraden", "tourist office", "road", "tourist office", "office", "room", "nurseries", "university"], "objectsInDanger": ["Pot", "Cupboard", "Trousers", "Coin", "Trousers", "Coffee maker", "Bookcase", "Sweater", "Desk", "Bag", "Glue", "Whiteboard", "Pen", "Shirt", "Car", "Pencil"]}]}