{"_id": {"$oid": "61ea90eb04d45a5f9f7df411"}, "header": {"timestamp": "2022-01-21 12:19:14.938730", "sender": "Visual Analysis", "entity": "video", "simmoid": "9a9275fa-a37c-4f21-ad45-e92145c601fb", "project_id": "test"}, "shotInfo": [{"shotIdx": 0, "startFrame": "0", "endFrame": "102", "objectsFound": [{"type": "mountain", "probability": 56.26356336805556}, {"type": "building", "probability": 23.030598958333336}, {"type": "earth", "probability": 38.5498046875}, {"type": "sky", "probability": 24.791124131944446}, {"type": "tree", "probability": 6.792534722222222}, {"type": "ceiling", "probability": 0.20751953125}, {"type": "wall", "probability": 0.439453125}, {"type": "field", "probability": 13.05881076388889}, {"type": "hill", "probability": 24.959309895833336}], "peopleInDanger": 0, "vehiclesInDanger": 0, "riverOvertop": false, "area": "amphitheater", "areaProb": 0.08725714285714287, "outdoor": true, "emergencyType": "none", "emergencyProb": 0.999999155168948, "category": "Commerce", "subcategory": "Other Shops", "coordinate": [45.55054180487325,11.548604965209961], "animalsInDanger": 4, "infraInDanger": ["parking", "room", "parking"], "objectsInDanger": ["Fork", "Pencil", "Knife", "Glass", "Washing machine", "Stool", "Door", "Paper", "Stool", "Coffee maker", "Stool", "Spoon", "Door", "Bookcase", "Whiteboard", "Chair", "Bed", "Cup", "Banknote", "Banknote", "Cup", "Helmet", "Paper", "Table", "Dish", "Car", "Banknote", "Pencil", "Sink", "Bookcase", "Pot", "Bicycle", "Coin", "Helmet", "Helmet", "Spoon", "Glue", "Ruler", "Notebook", "Washing machine", "Washing machine", "Ruler", "Car"]}]}