{"_id": {"$oid": "6216016f600a435c38d2a295"}, "header": {"timestamp": "2022-02-23 10:39:45.180299", "sender": "Visual Analysis", "entity": "video", "simmoid": "60aeb4e9-f9a5-4470-8a8d-de0694182f7c", "project_id": "1"}, "shotInfo": [

{"shotIdx": 31, "startFrame": "3527", "endFrame": "3648", "objectsFound": [{"type": "sky", "probability": 47.45144314236111}, {"type": "building", "probability": 43.74932183159722}, {"type": "road", "probability": 15.190972222222221}, {"type": "tree", "probability": 5.357530381944445}, {"type": "earth", "probability": 4.763454861111112}, {"type": "field", "probability": 14.861382378472221}], "peopleInDanger": 0, "vehiclesInDanger": 0, "riverOvertop": false, "area": "palace", "areaProb": 0.10619999999999999, "outdoor": true, "emergencyType": "none", "emergencyProb": 0.9994301398595175, "category": "Disaster Management", "subcategory": "Civil Protection", "coordinate": [35.52925763063966,24.07529354095459], "animalsInDanger": 10, "infraInDanger": ["tourist office", "road", "nurseries"], "objectsInDanger": ["Dish", "Bed", "Shoe", "Key", "Shoe", "Helmet", "Whiteboard"]}]}