{"_id": {"$oid": "623c9aaf7d9e4cd180c9a6f8"}, "header": {"timestamp": "2022-03-24 17:42:23.152261", "sender": "Visual Analysis", "entity": "video", "simmoid": "cf798436-e82a-4af5-8de0-c6faeb8069cb", "project_id": "20"}, "shotInfo": [

{"shotIdx": 3, "startFrame": "875", "endFrame": "975", "objectsFound": [{"type": "sky", "probability": 53.81334092881944}, {"type": "mountain", "probability": 17.53811306423611}, {"type": "building", "probability": 24.516465928819446}, {"type": "wall", "probability": 5.827501085069445}, {"type": "tree", "probability": 6.780327690972222}], "peopleInDanger": 0, "vehiclesInDanger": 0, "riverOvertop": false, "area": "hotel_outdoor", "areaProb": 0.08585714285714285, "outdoor": true, "emergencyType": "none", "emergencyProb": 0.9999983310699463, "category": "Natural Elements", "subcategory": "Natura 2000 Sites", "coordinate": [45.55054180487325,11.548604965209961], "animalsInDanger": 14, "infraInDanger": ["university", "tower", "ceiling", "school", "company", "house", "room", "road", "tower", "tower", "road", "stadium", "road"], "objectsInDanger": ["Key", "Pencil", "Bookcase", "Pillow", "Sink", "Fridge", "Desk", "Bag", "Pen", "Banknote", "Bed", "Coffee maker", "Cup", "Washing machine", "Dish", "Key", "Washing machine", "Backpack", "Knife", "Glass", "Computer", "Pillow", "Cupboard", "Fridge", "Stool", "Cupboard", "Whiteboard", "Stool", "Coin", "Computer", "Fork", "Table", "Sofa", "Trousers", "Cupboard", "Chair", "Glass", "Fridge", "Washing machine", "Key", "Car", "Computer", "Shirt", "Sofa", "Washing machine", "Pen"]}]}