{"_id": {"$oid": "61eac2f87d2bf8167cc41c5e"}, "header": {"timestamp": "2022-01-21 14:12:34.824049", "sender": "Visual Analysis", "entity": "video", "simmoid": "abbb259b-7867-4b8a-ae2f-10becb2a96b5", "project_id": "test"}, "shotInfo": [
{"shotIdx": 4, "startFrame": "1567", "endFrame": "1807", "objectsFound": [{"type": "mountain", "probability": 90.40459526909721}, {"type": "house", "probability": 10.060628255208332}, {"type": "earth", "probability": 22.27715386284722}, {"type": "wall", "probability": 3.591579861111111}, {"type": "building", "probability": 4.696994357638888}, {"type": "road", "probability": 1.5123155381944444}, {"type": "water", "probability": 17.296006944444446}], "peopleInDanger": 0, "vehiclesInDanger": 0, "riverOvertop": false, "area": "zen_garden", "areaProb": 0.09679999999999998, "outdoor": true, "emergencyType": "none", "emergencyProb": 0.9999886042085188, "category": "Production Planning", "subcategory": "Restricted Areas", "coordinate": [45.55054180487325,11.548604965209961], "animalsInDanger": 16, "infraInDanger": [], "objectsInDanger": ["Paper", "Ruler", "Glass", "Coffee maker", "Fridge", "Stove", "Spoon", "Sofa", "Notebook", "Bookcase", "Sweater", "Blouse", "Pillow", "Cup", "Coin"]}]}