{"_id": {"$oid": "62820c5a6611e02826986a59"}, "header": {"timestamp": "2022-05-16 11:28:11.387201", "sender": "Visual Analysis", "entity": "video", "simmoid": "60aeb4e9-f9a5-4470-8a8d-de0694182f7c", "project_id": "143"}, "shotInfo": [

{"shotIdx": 25, "startFrame": "2640", "endFrame": "2891", "objectsFound": [{"type": "building", "probability": 79.35608122822299}, {"type": "wall", "probability": 15.367759146341465}, {"type": "tree", "probability": 8.709440331010452}, {"type": "road", "probability": 3.0603495209059233}, {"type": "sky", "probability": 7.78936193379791}, {"type": "earth", "probability": 3.778310104529617}, {"type": "ceiling", "probability": 16.102733013937282}, {"type": "car", "probability": 0.14971689895470383}], "peopleInDanger": 0, "vehiclesInDanger": 0, "riverOvertop": false, "area": "bar", "areaProb": 0.07338461538461538, "outdoor": true, "emergencyType": "none", "emergencyProb": 0.9997121572494507, "category": "Accommodation", "subcategory": "Campsites", "coordinate": [35.53375, 24.06505], "animalsInDanger": 3, "infraInDanger": ["kindergraden", "university", "stadium", "road", "house", "ceiling", "office"], "objectsInDanger": ["Fridge", "Shirt", "Banknote", "Paper", "Sofa", "Coin", "Pillow", "Chair", "Wallet", "Desk", "Blouse", "Glass", "Cupboard", "Spoon", "Sofa", "Coffee maker", "Book", "Backpack", "Coin", "Blouse", "Pot", "Notebook", "Key", "Trousers", "Pen", "Window", "Paper", "Trousers", "Coin", "Clock", "Bookcase", "Backpack", "Blanket", "Bicycle"]}]}