{"_id": {"$oid": "62820c5a6611e02826986a59"}, "header": {"timestamp": "2022-05-16 11:28:11.387201", "sender": "Visual Analysis", "entity": "video", "simmoid": "60aeb4e9-f9a5-4470-8a8d-de0694182f7c", "project_id": "143"}, "shotInfo": [

{"shotIdx": 28, "startFrame": "3144", "endFrame": "3275", "objectsFound": [{"type": "wall", "probability": 62.579622168989545}, {"type": "ceiling", "probability": 34.52471689895471}, {"type": "sky", "probability": 16.279671167247386}], "peopleInDanger": 0, "vehiclesInDanger": 0, "riverOvertop": false, "area": "bar", "areaProb": 0.0828, "outdoor": true, "emergencyType": "none", "emergencyProb": 0.9999359295918391, "category": "Transportation", "subcategory": "Air Travel", "coordinate": [35.53375, 24.06505], "animalsInDanger": 4, "infraInDanger": ["office", "house", "parking", "university", "room", "company", "house", "road", "office", "house", "company", "parking", "tourist office"], "objectsInDanger": ["Washing machine", "Pen", "Coffee maker", "Banknote", "Pillow", "Stove", "Pencil", "Coffee maker", "Bag", "Pot", "Paper", "Spoon", "Bicycle", "Bed", "Cupboard", "Blouse", "Shirt", "Toothbrush", "Coin", "Glass", "Trousers", "Stool", "Blouse", "Computer", "Cup", "Cup", "Ruler", "Door", "Helmet", "Bag", "Trousers", "Bookcase"]}]}