{"_id": {"$oid": "62820c5a6611e02826986a59"}, "header": {"timestamp": "2022-05-16 11:28:11.387201", "sender": "Visual Analysis", "entity": "video", "simmoid": "60aeb4e9-f9a5-4470-8a8d-de0694182f7c", "project_id": "143"}, "shotInfo": [

{"shotIdx": 36, "startFrame": "4254", "endFrame": "4432", "objectsFound": [{"type": "sea", "probability": 38.86990962543554}, {"type": "mountain", "probability": 19.80414307491289}, {"type": "sky", "probability": 13.347261541811847}, {"type": "sand", "probability": 20.15393619337979}, {"type": "water", "probability": 9.870426829268293}, {"type": "wall", "probability": 12.229829050522648}, {"type": "grass", "probability": 10.640107796167248}, {"type": "ceiling", "probability": 0.3082807055749129}, {"type": "tree", "probability": 1.4263937282229966}], "peopleInDanger": 0, "vehiclesInDanger": 0, "riverOvertop": false, "area": "field_cultivated", "areaProb": 0.24979333333333334, "outdoor": true, "emergencyType": "none", "emergencyProb": 0.9997587274102604, "category": "Commerce", "subcategory": "Clothing", "coordinate": [45.55054180487325, 11.548604965209961], "animalsInDanger": 8, "infraInDanger": ["parking", "tower", "ceiling", "room", "office", "office", "kindergraden", "tourist office", "house", "tower", "office", "company", "tourist office"], "objectsInDanger": ["Car", "Car", "Shirt", "Stool", "Spoon", "Table", "Bed", "Whiteboard", "Toothbrush", "Stove", "Key", "Sweater", "Fork"]}]}