{"_id": {"$oid": "62820c5a6611e02826986a59"}, "header": {"timestamp": "2022-05-16 11:28:11.387201", "sender": "Visual Analysis", "entity": "video", "simmoid": "60aeb4e9-f9a5-4470-8a8d-de0694182f7c", "project_id": "143"}, "shotInfo": [

{"shotIdx": 23, "startFrame": "2514", "endFrame": "2577", "objectsFound": [{"type": "building", "probability": 65.05063153310104}, {"type": "sky", "probability": 35.74559015679443}, {"type": "wall", "probability": 24.5141006097561}, {"type": "ceiling", "probability": 1.6155814459930313}], "peopleInDanger": 0, "vehiclesInDanger": 0, "riverOvertop": false, "area": "bar", "areaProb": 0.0788, "outdoor": true, "emergencyType": "none", "emergencyProb": 0.9999997615814209, "category": "Production Planning", "subcategory": "Snapshots", "coordinate": [35.53375, 24.06505], "animalsInDanger": 14, "infraInDanger": ["office", "kindergraden", "ceiling", "parking", "road", "tourist office", "office"], "objectsInDanger": ["Sofa", "Shoe", "Book", "Bag", "Wallet", "Cupboard", "Helmet", "Pillow", "Wallet", "Bookcase", "Window", "Sweater", "Door", "Sweater", "Book", "Sweater", "Pillow", "Clock", "Fridge", "Key", "Fridge", "Coffee maker", "Ruler", "Table", "Bicycle", "Computer"]}]}