{"_id": {"$oid": "624193ddd27cbf06712c71ae"}, "header": {"timestamp": "2022-03-28 13:54:11.322201", "sender": "Visual Analysis", "entity": "twitter_post", "simmoid": "1408364108416684033", "project_id": "84"}, "shotInfo": [{"shotIdx": 0, "startFrame": 0, "endFrame": 0, "objectsFound": [{"type": "water", "probability": 0.8914756774902344}, {"type": "animal", "probability": 0.034282684326171875}, {"type": "waterfall", "probability": 0.033382415771484375}, {"type": "rock", "probability": 0.01738739013671875}, {"type": "wall", "probability": 0.0109100341796875}, {"type": "person", "probability": 0.007080078125}, {"type": "towel", "probability": 0.00450897216796875}, {"type": "signboard", "probability": 0.00092315673828125}, {"type": "sky", "probability": 4.9591064453125e-05}], "peopleInDanger": 0, "vehiclesInDanger": 0, "riverOvertop": false, "area": "water_tower", "areaProb": 0.4678, "outdoor": true, "emergencyType": "none", "emergencyProb": 0.5923884510993958, "category": "Accommodation", "subcategory": "Apartments", "coordinate": [45.544775, 11.564912], "animalsInDanger": 3, "infraInDanger": ["stadium", "house", "school", "house", "school"], "objectsInDanger": ["Book", "Shirt", "Fork", "Pencil", "Desk", "Fork", "Fridge", "Trousers", "Shoe", "Spoon", "Ruler", "Bed", "Paper", "Bookcase", "Pen", "Spoon", "Trousers", "Chair", "Door", "Cupboard", "Book", "Banknote", "Stove"]}]}