{"_id": {"$oid": "6213ca0942fde02430089b1b"}, "header": {"timestamp": "2022-02-21 16:39:09.725780", "sender": "Visual Analysis", "entity": "video", "simmoid": "60aeb4e9-f9a5-4470-8a8d-de0694182f7c", "project_id": "1"}, "shotInfo": [

{"shotIdx": 14, "startFrame": "1757", "endFrame": "1819", "objectsFound": [{"type": "sky", "probability": 57.696533203125}, {"type": "building", "probability": 43.46177842881944}, {"type": "road", "probability": 1.372612847222222}], "peopleInDanger": 0, "vehiclesInDanger": 0, "riverOvertop": false, "area": "fire_escape", "areaProb": 0.09268000000000001, "outdoor": true, "emergencyType": "none", "emergencyProb": 0.9999993397639348, "category": "Natural Elements", "subcategory": "Water Bodies", "coordinate": [45.55054180487325,11.548604965209961], "animalsInDanger": 15, "infraInDanger": ["office", "office", "road", "house", "ceiling", "house", "room", "school", "kindergraden", "nurseries", "road", "parking"], "objectsInDanger": ["Desk", "Ruler", "Notebook", "Cup", "Shirt", "Blanket", "Wallet", "Sweater", "Paper", "Bag", "Pot", "Bookcase", "Pot", "Blouse", "Knife", "Ruler", "Fork", "Key", "Table", "Toothbrush", "Notebook", "Wallet", "Coin", "Stool", "Stool", "Pencil", "Stool", "Sweater", "Sofa", "Wallet", "Shoe", "Paper", "Banknote", "Spoon", "Pencil", "Book", "Pot", "Stove", "Sweater", "Washing machine", "Backpack", "Chair", "Shirt", "Shoe", "Wallet", "Toothbrush", "Cupboard"]}]}