{"_id": {"$oid": "61e6d89fca35937de3162dce"}, 
"header": {"timestamp": "2022-01-18 16:19:05.660883", "sender": "Visual Analysis", "entity": "video", "simmoid": "1420406195626692620", "project_id": "test"}, 
"shotInfo": [{"shotIdx": 3, "startFrame": "436", "endFrame": "1328", "objectsFound": [{"type": "door", "probability": 43.57872009277344}, {"type": "earth", "probability": 40.83290100097656}, {"type": "wall", "probability": 57.23533630371094}, {"type": "building", "probability": 28.470993041992188}, {"type": "pole", "probability": 3.220367431640625}, {"type": "road", "probability": 31.463241577148438}, {"type": "tree", "probability": 20.343399047851562}, {"type": "water", "probability": 23.71978759765625}, {"type": "sky", "probability": 5.9215545654296875}, {"type": "hill", "probability": 4.825592041015625}, {"type": "grass", "probability": 2.3334503173828125}, {"type": "mountain", "probability": 10.359954833984375}, {"type": "plant", "probability": 3.83758544921875}, {"type": "person", "probability": 0.2681732177734375}, {"type": "ceiling", "probability": 4.4292449951171875}, {"type": "house", "probability": 11.290359497070312}, {"type": "car", "probability": 11.6668701171875}, {"type": "bench", "probability": 0.012058258056640625}], "peopleInDanger": 0.004524886877828055, "vehiclesInDanger": 0.8959276018099548, "riverOvertop": false, "area": "alley", "areaProb": 0.34412117647058826, "outdoor": true, "emergencyType": "flood", "emergencyProb": 0.8977155807690743, "category": "Disaster Management", "subcategory": "Civil Protection Distribution Places", "coordinate": [45.55054180487325,11.548604965209961], "animalsInDanger": 19, "infraInDanger": ["road", "parking", "company", "university", "university", "stadium", "kindergraden", "office", "university", "university", "tower", "nurseries", "house"], "objectsInDanger": ["Stove", "Glue", "Book", "Chair", "Coffee maker", "Banknote", "Sofa", "Backpack", "Helmet", "Key"]}]}