{"_id": {"$oid": "6241aec2a8da5dc100eff0ea"}, "header": {"timestamp": "2022-03-28 15:10:29.620942", "sender": "Visual Analysis", "entity": "video", "simmoid": "cf798436-e82a-4af5-8de0-c6faeb8069cb", "project_id": "85"}, "shotInfo": [

{"shotIdx": 20, "startFrame": "2773", "endFrame": "2874", "objectsFound": [{"type": "sky", "probability": 31.121826171875}, {"type": "wall", "probability": 10.83645290798611}, {"type": "building", "probability": 33.19363064236111}, {"type": "tree", "probability": 15.380181206597221}, {"type": "mountain", "probability": 4.895697699652778}, {"type": "earth", "probability": 0.4557291666666667}, {"type": "road", "probability": 6.098768446180555}], "peopleInDanger": 0, "vehiclesInDanger": 0, "riverOvertop": false, "area": "bar", "areaProb": 0.30849, "outdoor": true, "emergencyType": "none", "emergencyProb": 0.9995187997817994, "category": "Disaster Management", "subcategory": "Civil Protection Distribution Places", "coordinate": [45.55054180487325,11.548604965209961], "animalsInDanger": 8, "infraInDanger": ["parking", "stadium", "office", "school", "university", "company", "company", "nurseries", "road", "university", "house", "university", "company", "stadium", "ceiling"], "objectsInDanger": ["Desk"]}]}