{"_id": {"$oid": "6214e0fa0e54a551b7172a31"}, "header": {"timestamp": "2022-02-22 13:33:36.981597", "sender": "Visual Analysis", "entity": "video", "simmoid": "cf798436-e82a-4af5-8de0-c6faeb8069cb", "project_id": "1"}, "shotInfo": [

{"shotIdx": 4, "startFrame": "977", "endFrame": "1042", "objectsFound": [{"type": "sea", "probability": 35.58417426215278}, {"type": "tree", "probability": 25.20412868923611}, {"type": "sky", "probability": 21.428087022569446}, {"type": "building", "probability": 11.597357855902777}, {"type": "boat", "probability": 6.587727864583333}, {"type": "mountain", "probability": 5.827501085069445}, {"type": "wall", "probability": 1.8731011284722223}, {"type": "house", "probability": 4.262288411458334}, {"type": "plant", "probability": 7.489013671875}, {"type": "water", "probability": 0.9663899739583334}], "peopleInDanger": 0, "vehiclesInDanger": 0, "riverOvertop": false, "area": "canal_urban", "areaProb": 0.09015000000000002, "outdoor": true, "emergencyType": "none", "emergencyProb": 0.9984014970915658, "category": "Production Planning", "subcategory": "Restricted Areas", "coordinate": [35.52925763063966,24.07529354095459], "animalsInDanger": 18, "infraInDanger": ["office", "office", "parking", "kindergraden", "kindergraden"], "objectsInDanger": ["Key", "Bicycle", "Cupboard", "Pot", "Dish", "Chair", "Shoe", "Wallet", "Clock", "Bicycle", "Sofa", "Pencil", "Coffee maker", "Chair", "Table", "Wallet", "Fridge", "Blanket", "Stove", "Stool", "Washing machine", "Car", "Washing machine", "Clock", "Blanket", "Bicycle", "Door", "Spoon", "Car", "Wallet", "Sofa", "Dish", "Pencil"]}]}