{"_id": {"$oid": "62418d3d32716b72191da410"}, "header": {"timestamp": "2022-03-28 12:44:26.401075", "sender": "Visual Analysis", "entity": "video", "simmoid": "cf798436-e82a-4af5-8de0-c6faeb8069cb", "project_id": "83"}, "shotInfo": [

{"shotIdx": 5, "startFrame": "1044", "endFrame": "1116", "objectsFound": [{"type": "sea", "probability": 33.68394639756944}, {"type": "wall", "probability": 25.1220703125}, {"type": "sky", "probability": 24.48798285590278}, {"type": "building", "probability": 10.373942057291668}, {"type": "mountain", "probability": 8.24924045138889}, {"type": "boat", "probability": 1.4404296875}], "peopleInDanger": 0, "vehiclesInDanger": 0, "riverOvertop": false, "area": "canal_urban", "areaProb": 0.16088571428571427, "outdoor": true, "emergencyType": "none", "emergencyProb": 0.9999351671763829, "category": "Disaster Management", "subcategory": "Civil Protection Distribution Places", "coordinate": [45.559496, 11.5306666], "animalsInDanger": 20, "infraInDanger": ["road", "road", "school", "room", "stadium", "school"], "objectsInDanger": ["Banknote", "Sweater", "Pencil", "Pencil", "Glue", "Pillow", "Key", "Desk", "Cupboard", "Glue", "Fork", "Knife", "Knife", "Sofa", "Knife", "Fridge", "Stool", "Washing machine", "Shoe", "Paper", "Shoe", "Coffee maker", "Glass", "Blouse", "Computer", "Helmet", "Fork"]}]}