{"_id": {"$oid": "62b43e48bcf59a1cde9cb2ca"}, "header": {"timestamp": "2022-06-23 13:19:36.285537", "sender": "Visual Analysis", "entity": "twitter_post", "simmoid": "1420492650885652480", "project_id": "154"}, "shotInfo": [{"shotIdx": 0, "startFrame": 0, "endFrame": 0, "objectsFound": [{"type": "grandstand", "probability": 0.40399903775659823}, {"type": "person", "probability": 0.30438393511730205}, {"type": "grass", "probability": 0.1974546370967742}, {"type": "wall", "probability": 0.04700100806451613}, {"type": "animal", "probability": 0.01849454728739003}, {"type": "fence", "probability": 0.016449780058651026}, {"type": "ball", "probability": 0.008350898093841642}, {"type": "floor", "probability": 0.0023941532258064517}, {"type": "field", "probability": 0.0014720032991202344}], "peopleInDanger": 0, "vehiclesInDanger": 0, "riverOvertop": false, "area": "athletic_field_outdoor", "areaProb": 0.9995999999999999, "outdoor": true, "emergencyType": "none", "emergencyProb": 0.9998698234558105, "category": "Accommodation", "subcategory": "Campsites", "coordinate": [35.52925763063966,24.07529354095459], "animalsInDanger": 15, "infraInDanger": ["house"], "objectsInDanger": ["Bookcase", "Cupboard", "Ruler", "Door", "Notebook", "Paper", "Sofa", "Whiteboard", "Clock", "Coin"]}]}