{"_id": {"$oid": "6214e0fa0e54a551b7172a31"}, "header": {"timestamp": "2022-02-22 13:33:36.981597", "sender": "Visual Analysis", "entity": "video", "simmoid": "cf798436-e82a-4af5-8de0-c6faeb8069cb", "project_id": "1"}, "shotInfo": [

{"shotIdx": 19, "startFrame": "2630", "endFrame": "2772", "objectsFound": [{"type": "building", "probability": 83.09868706597221}, {"type": "sky", "probability": 23.33306206597222}], "peopleInDanger": 0, "vehiclesInDanger": 0, "riverOvertop": false, "area": "railroad_track", "areaProb": 0.08614375, "outdoor": true, "emergencyType": "none", "emergencyProb": 0.9998214624144814, "category": "Accommodation", "subcategory": "Campsites", "coordinate": [45.55054180487325,11.548604965209961], "animalsInDanger": 18, "infraInDanger": ["nurseries"], "objectsInDanger": ["Washing machine", "Door", "Glue", "Pencil", "Bed", "Sweater", "Computer", "Cupboard", "Wallet", "Glue", "Glue", "Sink", "Stove", "Bookcase", "Glue", "Desk", "Fork", "Helmet", "Door", "Helmet", "Cupboard", "Knife", "Washing machine", "Bed", "Door", "Stove", "Dish", "Pencil", "Knife", "Bag", "Table"]}]}