{"_id": {"$oid": "623459681a93e3a312a929b2"}, "header": {"timestamp": "2022-03-18 12:05:19.490347", "sender": "Visual Analysis", "entity": "twitter_post", "simmoid": "893736761570021376", "project_id": "14032022"}, "shotInfo": [{"shotIdx": 0, "startFrame": 0, "endFrame": 0, "objectsFound": [{"type": "road", "probability": 0.44600554435483875}, {"type": "building", "probability": 0.18418369684750732}, {"type": "bus", "probability": 0.12600233687683285}, {"type": "tree", "probability": 0.07650407807917889}, {"type": "person", "probability": 0.0593841642228739}, {"type": "house", "probability": 0.0354827254398827}, {"type": "sidewalk", "probability": 0.023975898093841642}, {"type": "sky", "probability": 0.01050449046920821}, {"type": "door", "probability": 0.010189470307917886}, {"type": "pole", "probability": 0.006500870601173021}, {"type": "car", "probability": 0.005509989002932552}, {"type": "fence", "probability": 0.0035683192815249266}, {"type": "truck", "probability": 0.0029039131231671554}, {"type": "wall", "probability": 0.0027320839442815255}, {"type": "bench", "probability": 0.0022223240469208213}, {"type": "path", "probability": 0.0018901209677419355}, {"type": "earth", "probability": 0.0007675036656891495}, {"type": "dirt", "probability": 0.0007675036656891495}, {"type": "traffic", "probability": 0.0006930443548387097}, {"type": "bag", "probability": 0.00015464626099706745}, {"type": "railing", "probability": 5.1548753665689144e-05}, {"type": "plaything", "probability": 5.727639296187683e-06}], "peopleInDanger": 0, "vehiclesInDanger": 0, "riverOvertop": false, "area": "fire_station", "areaProb": 0.5916, "outdoor": true, "emergencyType": "none", "emergencyProb": 0.5102887153625488, "category": "Transportation", "subcategory": "Taxi", "coordinate": [45.544775, 11.564912], "animalsInDanger": 19, "infraInDanger": ["stadium"], "objectsInDanger": ["Banknote", "Bicycle", "Clock", "Clock", "Bookcase", "Knife", "Wallet", "Fork", "Desk", "Banknote", "Coffee maker", "Cupboard", "Pillow", "Coffee maker", "Shirt", "Key", "Cupboard", "Pillow", "Window", "Chair", "Stove", "Blouse", "Blanket", "Desk", "Stool"]}]}