{"_id": {"$oid": "6216016f600a435c38d2a295"}, "header": {"timestamp": "2022-02-23 10:39:45.180299", "sender": "Visual Analysis", "entity": "video", "simmoid": "60aeb4e9-f9a5-4470-8a8d-de0694182f7c", "project_id": "1"}, "shotInfo": [

{"shotIdx": 5, "startFrame": "898", "endFrame": "992", "objectsFound": [{"type": "building", "probability": 96.83430989583334}, {"type": "road", "probability": 4.447428385416666}], "peopleInDanger": 0, "vehiclesInDanger": 0, "riverOvertop": false, "area": "building_facade", "areaProb": 0.07146666666666668, "outdoor": true, "emergencyType": "none", "emergencyProb": 0.9999628861745199, "category": "Transportation", "subcategory": "Air Travel", "coordinate": [48.13009, 11.6053], "animalsInDanger": 13, "infraInDanger": ["house", "nurseries", "tower", "office", "house", "nurseries", "office", "tower", "university", "tower", "tower"], "objectsInDanger": ["Knife", "Whiteboard", "Sofa", "Shirt", "Car", "Dish", "Bicycle", "Backpack", "Notebook", "Pot"]}]}