{"_id": {"$oid": "6214e0fa0e54a551b7172a31"}, "header": {"timestamp": "2022-02-22 13:33:36.981597", "sender": "Visual Analysis", "entity": "video", "simmoid": "cf798436-e82a-4af5-8de0-c6faeb8069cb", "project_id": "1"}, "shotInfo": [

{"shotIdx": 20, "startFrame": "2773", "endFrame": "2874", "objectsFound": [{"type": "sky", "probability": 31.056722005208332}, {"type": "wall", "probability": 11.113823784722223}, {"type": "building", "probability": 34.45366753472222}, {"type": "tree", "probability": 15.56396484375}, {"type": "mountain", "probability": 4.857720269097222}, {"type": "earth", "probability": 0.4557291666666667}, {"type": "road", "probability": 6.372748480902778}], "peopleInDanger": 0, "vehiclesInDanger": 0, "riverOvertop": false, "area": "bar", "areaProb": 0.2985956521739131, "outdoor": true, "emergencyType": "none", "emergencyProb": 0.9997677492058795, "category": "Flood Forecasts", "subcategory": "Flood Results From Model", "coordinate": [45.55054180487325,11.548604965209961], "animalsInDanger": 5, "infraInDanger": ["parking", "nurseries", "school", "company", "office", "university", "ceiling", "house", "stadium", "kindergraden", "stadium", "office", "office", "office", "parking"], "objectsInDanger": ["Cupboard", "Paper", "Pot", "Coffee maker", "Blanket", "Spoon", "Trousers", "Pencil", "Whiteboard", "Dish", "Clock", "Bed"]}]}