{"_id": {"$oid": "623c9aaf7d9e4cd180c9a6f8"}, "header": {"timestamp": "2022-03-24 17:42:23.152261", "sender": "Visual Analysis", "entity": "video", "simmoid": "cf798436-e82a-4af5-8de0-c6faeb8069cb", "project_id": "20"}, "shotInfo": [

{"shotIdx": 7, "startFrame": "1257", "endFrame": "1377", "objectsFound": [{"type": "water", "probability": 18.86257595486111}, {"type": "sea", "probability": 21.712239583333336}, {"type": "sky", "probability": 16.871473524305554}, {"type": "wall", "probability": 29.463026258680557}, {"type": "tower", "probability": 1.8961588541666667}, {"type": "tree", "probability": 7.712809244791667}, {"type": "earth", "probability": 6.236436631944445}, {"type": "ship", "probability": 15.300835503472221}, {"type": "boat", "probability": 5.960422092013888}, {"type": "mountain", "probability": 2.762858072916667}, {"type": "house", "probability": 1.8636067708333333}, {"type": "sand", "probability": 0.6903754340277778}], "peopleInDanger": 0, "vehiclesInDanger": 0, "riverOvertop": false, "area": "canal_urban", "areaProb": 0.058179999999999996, "outdoor": true, "emergencyType": "none", "emergencyProb": 0.9909887259656732, "category": "Production Planning", "subcategory": "Snapshots", "coordinate": [45.55054180487325,11.548604965209961], "animalsInDanger": 7, "infraInDanger": ["tourist office", "university", "parking", "nurseries", "university", "university", "ceiling", "school", "ceiling", "school", "road", "tourist office", "nurseries", "university"], "objectsInDanger": ["Glue", "Washing machine", "Dish", "Desk", "Banknote", "Bicycle", "Paper", "Fridge", "Bag", "Cup", "Ruler", "Blouse", "Bicycle", "Washing machine", "Washing machine"]}]}