
{"_id": {"$oid": "6216016f600a435c38d2a295"}, "header": {"timestamp": "2022-02-23 10:39:45.180299", "sender": "Visual Analysis", "entity": "video", "simmoid": "60aeb4e9-f9a5-4470-8a8d-de0694182f7c", "project_id": "1"}, "shotInfo": [

{"shotIdx": 18, "startFrame": "2073", "endFrame": "2136", "objectsFound": [{"type": "building", "probability": 60.51500108506944}, {"type": "sky", "probability": 24.452039930555554}, {"type": "road", "probability": 13.99875217013889}], "peopleInDanger": 0, "vehiclesInDanger": 0, "riverOvertop": false, "area": "courtyard", "areaProb": 0.2652, "outdoor": true, "emergencyType": "none", "emergencyProb": 1, "category": "Public Services", "subcategory": "Tourist Offices", "coordinate": [48.13009, 11.6053], "animalsInDanger": 7, "infraInDanger": ["tourist office"], "objectsInDanger": ["Pot", "Bicycle", "Pot", "Chair", "Bicycle", "Key", "Glass", "Sweater", "Spoon", "Blanket", "Wallet", "Bag", "Bicycle", "Bicycle", "Desk", "Blanket", "Washing machine", "Ruler", "Pot", "Shoe"]}]}