{"_id": {"$oid": "6213ca0942fde02430089b1b"}, "header": {"timestamp": "2022-02-21 16:39:09.725780", "sender": "Visual Analysis", "entity": "video", "simmoid": "60aeb4e9-f9a5-4470-8a8d-de0694182f7c", "project_id": "1"}, "shotInfo": [

{"shotIdx": 1, "startFrame": "478", "endFrame": "685", "objectsFound": [{"type": "sky", "probability": 100}, {"type": "mountain", "probability": 5.584716796875}, {"type": "sea", "probability": 7.474093967013889}, {"type": "wall", "probability": 18.653700086805554}, {"type": "earth", "probability": 6.707085503472222}, {"type": "building", "probability": 0.680881076388889}], "peopleInDanger": 0, "vehiclesInDanger": 0, "riverOvertop": false, "area": "railroad_track", "areaProb": 0.10882142857142858, "outdoor": true, "emergencyType": "none", "emergencyProb": 0.999984679222107, "category": "Education", "subcategory": "Kindergartens", "coordinate": [45.55054180487325,11.548604965209961], "animalsInDanger": 2, "infraInDanger": ["office", "kindergraden", "office", "university", "ceiling", "university"], "objectsInDanger": ["Sofa", "Sofa", "Pot", "Fridge", "Coffee maker", "Trousers", "Sofa", "Table", "Notebook", "Table", "Bed", "Pillow", "Fridge", "Notebook", "Door", "Fork", "Clock", "Cupboard", "Shoe", "Cup", "Computer", "Pen", "Shirt", "Sofa", "Paper", "Blanket", "Knife", "Key", "Whiteboard", "Toothbrush"]}]}