{"_id": {"$oid": "623459b743124478756c76ab"}, "header": {"timestamp": "2022-03-18 12:06:38.592533", "sender": "Visual Analysis", "entity": "twitter_post", "simmoid": "893736731853418497", "project_id": "14032022"}, "shotInfo": [{"shotIdx": 0, "startFrame": 0, "endFrame": 0, "objectsFound": [{"type": "earth", "probability": 0.396667659457478}, {"type": "tree", "probability": 0.14132949963343108}, {"type": "fence", "probability": 0.12631162939882698}, {"type": "sky", "probability": 0.09771352639296188}, {"type": "building", "probability": 0.0690524193548387}, {"type": "house", "probability": 0.04000756048387097}, {"type": "road", "probability": 0.03040803702346041}, {"type": "mountain", "probability": 0.024886592741935484}, {"type": "awning", "probability": 0.02052213159824047}, {"type": "car", "probability": 0.015413077346041056}, {"type": "bus", "probability": 0.008998121334310851}, {"type": "grass", "probability": 0.006014021260997068}, {"type": "pole", "probability": 0.005074688416422287}, {"type": "person", "probability": 0.004960135630498534}, {"type": "door", "probability": 0.0037573313782991204}, {"type": "signboard", "probability": 0.003396490102639296}, {"type": "stairs", "probability": 0.0033563966275659825}, {"type": "railing", "probability": 0.0005842192082111437}, {"type": "stairway", "probability": 0.0005555810117302053}, {"type": "truck", "probability": 0.0005040322580645161}, {"type": "rock", "probability": 0.0003551136363636364}, {"type": "path", "probability": 7.445931085043988e-05}, {"type": "van", "probability": 5.7276392961876836e-05}], "peopleInDanger": 0, "vehiclesInDanger": 0, "riverOvertop": false, "area": "excavation", "areaProb": 0.40020000000000006, "outdoor": true, "emergencyType": "none", "emergencyProb": 0.7796076536178589, "category": "Education", "subcategory": "Kindergartens", "coordinate": [45.544775, 11.564912], "animalsInDanger": 19, "infraInDanger": ["university", "room", "office"], "objectsInDanger": ["Stool", "Trousers", "Computer", "Bag", "Coin", "Spoon", "Wallet", "Glue", "Fork", "Table", "Book", "Toothbrush", "Bicycle", "Whiteboard", "Bicycle", "Fridge", "Door", "Knife", "Clock", "Fridge", "Notebook", "Sweater", "Pillow", "Coffee maker", "Bookcase", "Knife", "Cup", "Key", "Pencil", "Trousers", "Coin", "Stool", "Blouse", "Blouse", "Dish", "Trousers", "Fridge", "Stool", "Computer"]}]}