{"_id": {"$oid": "6213ca0942fde02430089b1b"}, "header": {"timestamp": "2022-02-21 16:39:09.725780", "sender": "Visual Analysis", "entity": "video", "simmoid": "60aeb4e9-f9a5-4470-8a8d-de0694182f7c", "project_id": "1"}, "shotInfo": [

{"shotIdx": 6, "startFrame": "993", "endFrame": "1057", "objectsFound": [{"type": "tree", "probability": 59.86328125}, {"type": "earth", "probability": 28.428819444444443}, {"type": "road", "probability": 15.376790364583334}, {"type": "path", "probability": 1.6011555989583333}, {"type": "building", "probability": 1.5279134114583335}], "peopleInDanger": 0, "vehiclesInDanger": 0, "riverOvertop": false, "area": "boardwalk", "areaProb": 0.12116363636363638, "outdoor": true, "emergencyType": "none", "emergencyProb": 0.9995137197630746, "category": "Disaster Management", "subcategory": "Civil Protection", "coordinate": [45.55054180487325,11.548604965209961], "animalsInDanger": 0, "infraInDanger": ["office", "room", "nurseries", "parking", "university", "university", "office", "kindergraden", "parking", "room", "ceiling", "ceiling"], "objectsInDanger": ["Pillow", "Table", "Glass", "Book", "Fridge", "Bag", "Bicycle", "Key", "Dish", "Spoon", "Coffee maker", "Ruler", "Sink", "Washing machine", "Dish", "Door", "Fork", "Sweater", "Stool", "Shirt", "Washing machine", "Computer", "Bag", "Glass", "Key", "Backpack", "Trousers", "Key", "Clock", "Washing machine", "Pencil", "Washing machine", "Stove", "Bed", "Sweater", "Coin", "Fork", "Stool", "Knife", "Shirt", "Dish", "Sink", "Bicycle"]}]}