{"_id": {"$oid": "62820c5a6611e02826986a59"}, "header": {"timestamp": "2022-05-16 11:28:11.387201", "sender": "Visual Analysis", "entity": "video", "simmoid": "60aeb4e9-f9a5-4470-8a8d-de0694182f7c", "project_id": "143"}, "shotInfo": [

{"shotIdx": 1, "startFrame": "478", "endFrame": "685", "objectsFound": [{"type": "sky", "probability": 100}, {"type": "mountain", "probability": 7.871025696864112}, {"type": "sea", "probability": 0.9296058362369339}, {"type": "wall", "probability": 28.90352787456446}], "peopleInDanger": 0, "vehiclesInDanger": 0, "riverOvertop": false, "area": "railroad_track", "areaProb": 0.07820909090909092, "outdoor": true, "emergencyType": "none", "emergencyProb": 0.999979168176651, "category": "Commerce", "subcategory": "Electronics", "coordinate": [45.55054180487325, 11.548604965209961], "animalsInDanger": 15, "infraInDanger": ["kindergraden", "company", "road", "office", "tourist office", "university", "office", "office", "road", "tower", "road", "tower"], "objectsInDanger": ["Stool", "Wallet", "Key", "Bed", "Bicycle", "Cup", "Washing machine", "Whiteboard", "Computer", "Blouse", "Glue", "Car", "Shirt", "Washing machine", "Coin", "Blouse"]}]}