{"_id": {"$oid": "6284d5b491bb498baba84ecf"}, "header": {"timestamp": "2022-05-18 14:16:59.669043", "sender": "Visual Analysis", "entity": "video", "simmoid": "b59afc72-caaf-498b-98f7-cb056de7c6b9", "project_id": "citizen"}, "shotInfo": [{"shotIdx": 0, "startFrame": 0, "endFrame": 0, "objectsFound": [{"type": "wall", "probability": 0.5977376302083334}, {"type": "floor", "probability": 0.13942464192708334}, {"type": "windowpane", "probability": 0.11356608072916669}, {"type": "painting", "probability": 0.050201416015625}, {"type": "stairs", "probability": 0.039189656575520836}, {"type": "step", "probability": 0.02350870768229167}, {"type": "signboard", "probability": 0.01483154296875}, {"type": "bulletin", "probability": 0.01251220703125}, {"type": "bannister", "probability": 0.007664998372395832}, {"type": "bench", "probability": 0.00036112467447916674}, {"type": "seat", "probability": 0.00030517578125}, {"type": "ceiling", "probability": 0.0002899169921875}, {"type": "mirror", "probability": 0.00015767415364583337}, {"type": "person", "probability": 0.00014750162760416666}, {"type": "stairway", "probability": 8.646647135416668e-05}, {"type": "door", "probability": 1.52587890625e-05}], "peopleInDanger": 0, "vehiclesInDanger": 0, "riverOvertop": false, "area": "doorway_outdoor", "areaProb": 0.3297, "outdoor": true, "emergencyType": "none", "emergencyProb": 0.9999912977218628, "category": "Education", "subcategory": "Nurseries", "coordinate": [48.13009, 11.6053], "animalsInDanger": 17, "infraInDanger": ["company"], "objectsInDanger": ["Coffee maker", "Pencil", "Bed", "Whiteboard", "Bookcase", "Paper", "Glass", "Trousers", "Sofa", "Pencil", "Fridge", "Desk", "Sweater", "Spoon", "Cupboard", "Coffee maker", "Shoe", "Trousers", "Coin", "Helmet", "Stool", "Knife", "Window", "Bicycle", "Wallet", "Sink", "Blanket"]}]}