{"_id": {"$oid": "62418d3d32716b72191da410"}, "header": {"timestamp": "2022-03-28 12:44:26.401075", "sender": "Visual Analysis", "entity": "video", "simmoid": "cf798436-e82a-4af5-8de0-c6faeb8069cb", "project_id": "83"}, "shotInfo": [

{"shotIdx": 17, "startFrame": "2423", "endFrame": "2517", "objectsFound": [{"type": "wall", "probability": 45.32877604166667}, {"type": "ceiling", "probability": 6.9091796875}, {"type": "sculpture", "probability": 16.75347222222222}, {"type": "chair", "probability": 4.044596354166666}, {"type": "table", "probability": 2.1674262152777777}], "peopleInDanger": 0, "vehiclesInDanger": 0, "riverOvertop": false, "area": "bar", "areaProb": 0.7921111111111112, "outdoor": true, "emergencyType": "none", "emergencyProb": 0.9973666005664401, "category": "Education", "subcategory": "Secondary Schools", "coordinate": [48.142446, 11.568903], "animalsInDanger": 7, "infraInDanger": ["office", "parking", "room", "parking", "nurseries", "room", "parking"], "objectsInDanger": []}]}