{"_id": {"$oid": "62430bc8e6d3068eca396a4a"}, "header": {"timestamp": "2022-03-29 16:02:36.107553", "sender": "Visual Analysis", "entity": "video", "simmoid": "cf798436-e82a-4af5-8de0-c6faeb8069cb", "project_id": "82"}, "shotInfo": [

{"shotIdx": 0, "startFrame": "0", "endFrame": "259", "objectsFound": [{"type": "sky", "probability": 94.74148220486111}, {"type": "sea", "probability": 3.9530436197916665}, {"type": "mountain", "probability": 5.694580078125}, {"type": "hill", "probability": 2.7594672309027777}], "peopleInDanger": 0, "vehiclesInDanger": 0, "riverOvertop": false, "area": "grotto", "areaProb": 0.24658333333333335, "outdoor": true, "emergencyType": "none", "emergencyProb": 0.9999457502365112, "category": "Education", "subcategory": "Kindergartens", "coordinate": [45.55054180487325,11.548604965209961], "animalsInDanger": 18, "infraInDanger": ["house", "tower", "tower", "office"], "objectsInDanger": ["Trousers", "Paper", "Trousers", "Spoon", "Sofa", "Clock", "Shoe", "Clock", "Ruler", "Coffee maker", "Pillow", "Sink", "Book", "Book", "Sweater", "Pillow", "Pen", "Bicycle", "Clock", "Coin", "Washing machine", "Sweater", "Chair", "Shoe", "Paper", "Blanket", "Pillow"]}]}