{"_id": {"$oid": "62430bc8e6d3068eca396a4a"}, "header": {"timestamp": "2022-03-29 16:02:36.107553", "sender": "Visual Analysis", "entity": "video", "simmoid": "cf798436-e82a-4af5-8de0-c6faeb8069cb", "project_id": "82"}, "shotInfo": [

{"shotIdx": 26, "startFrame": "3421", "endFrame": "3488", "objectsFound": [{"type": "sky", "probability": 62.704128689236114}, {"type": "building", "probability": 4.460991753472222}, {"type": "tree", "probability": 14.170328776041666}, {"type": "sand", "probability": 4.897054036458334}, {"type": "wall", "probability": 0.014980740017361112}], "peopleInDanger": 0, "vehiclesInDanger": 0, "riverOvertop": false, "area": "forest_broadleaf", "areaProb": 0.051775, "outdoor": true, "emergencyType": "none", "emergencyProb": 0.9579041401545206, "category": "Education", "subcategory": "Secondary Schools", "coordinate": [45.55054180487325, 11.548604965209961], "animalsInDanger": 4, "infraInDanger": ["university", "university", "university", "stadium", "office", "tourist office", "university", "office", "room", "stadium", "road", "ceiling"], "objectsInDanger": ["Car", "Blanket", "Pot", "Backpack", "Notebook", "Stool", "Table", "Shirt", "Wallet", "Glass", "Sofa", "Coffee maker", "Coffee maker", "Bookcase", "Glass", "Cupboard", "Bookcase", "Pen", "Whiteboard", "Clock", "Bag", "Key", "Trousers", "Blanket", "Book", "Sofa", "Stool", "Fork", "Fridge", "Whiteboard", "Computer", "Toothbrush", "Sink", "Glue", "Trousers", "Paper", "Whiteboard", "Knife", "Washing machine"]}]}