{"_id": {"$oid": "6284c123bf84728271056fce"}, "header": {"timestamp": "2022-05-18 12:49:15.620524", "sender": "Visual Analysis", "entity": "twitter_post", "simmoid": "1420463088181161992", "project_id": "154"}, "shotInfo": [{"shotIdx": 0, "startFrame": 0, "endFrame": 0, "objectsFound": [{"type": "sky", "probability": 0.6577351888020835}, {"type": "road", "probability": 0.19240824381510413}, {"type": "tree", "probability": 0.10074361165364581}, {"type": "grass", "probability": 0.013956705729166664}, {"type": "signboard", "probability": 0.012751261393229164}, {"type": "building", "probability": 0.009043375651041666}, {"type": "earth", "probability": 0.0087738037109375}, {"type": "plant", "probability": 0.003814697265625}, {"type": "fence", "probability": 0.00034586588541666674}, {"type": "sidewalk", "probability": 0.0002593994140625}, {"type": "wall", "probability": 0.00013224283854166666}, {"type": "railing", "probability": 3.5603841145833336e-05}], "peopleInDanger": 0, "vehiclesInDanger": 0, "riverOvertop": false, "area": "field_road", "areaProb": 0.2645, "outdoor": true, "emergencyType": "none", "emergencyProb": 1, "category": "Education", "subcategory": "Secondary Schools", "coordinate": [35.53375, 24.0650185], "animalsInDanger": 17, "infraInDanger": ["office", "tower", "house", "nurseries", "school", "office", "company", "tower", "nurseries", "road", "tower"], "objectsInDanger": ["Blanket", "Fork", "Blanket", "Glue", "Paper", "Paper", "Spoon", "Chair", "Blouse", "Washing machine", "Desk", "Helmet", "Table", "Paper", "Stove", "Fridge", "Bookcase", "Helmet", "Bed", "Notebook", "Cup", "Dish", "Pillow", "Window", "Washing machine", "Shoe", "Window", "Whiteboard", "Book", "Trousers", "Stove", "Pillow", "Cup", "Clock", "Blanket", "Whiteboard", "Washing machine", "Knife", "Fridge", "Window", "Clock", "Bookcase", "Banknote", "Door", "Blanket"]}]}