{"_id": {"$oid": "6216016f600a435c38d2a295"}, "header": {"timestamp": "2022-02-23 10:39:45.180299", "sender": "Visual Analysis", "entity": "video", "simmoid": "60aeb4e9-f9a5-4470-8a8d-de0694182f7c", "project_id": "1"}, "shotInfo": [

{"shotIdx": 39, "startFrame": "4662", "endFrame": "5168", "objectsFound": [{"type": "sky", "probability": 39.35275607638889}, {"type": "tree", "probability": 33.32722981770833}, {"type": "building", "probability": 23.16623263888889}, {"type": "mountain", "probability": 4.926893446180555}, {"type": "sea", "probability": 2.509901258680556}, {"type": "earth", "probability": 7.126871744791667}, {"type": "river", "probability": 0.3139919704861111}, {"type": "field", "probability": 3.741455078125}], "peopleInDanger": 0, "vehiclesInDanger": 0, "riverOvertop": false, "area": "village", "areaProb": 0.2836542857142857, "outdoor": true, "emergencyType": "none", "emergencyProb": 0.9999821329116821, "category": "Accommodation", "subcategory": "Campsites", "coordinate": [35.52925763063966,24.07529354095459], "animalsInDanger": 13, "infraInDanger": ["school", "kindergraden", "nurseries", "company", "stadium", "tourist office", "kindergraden", "kindergraden", "company", "room", "university", "tourist office", "kindergraden"], "objectsInDanger": ["Helmet", "Wallet", "Bicycle", "Glue", "Pencil", "Cupboard", "Clock", "Fork", "Door", "Backpack", "Desk", "Book", "Pen", "Door", "Window", "Sweater", "Bed", "Key", "Sweater", "Coffee maker", "Pen", "Coin", "Pillow", "Banknote", "Glass", "Table", "Cupboard", "Bed", "Table", "Computer", "Key", "Coin", "Window", "Bag", "Sofa", "Stool", "Stool", "Key", "Pencil"]}]}