{"_id": {"$oid": "6241aec2a8da5dc100eff0ea"}, "header": {"timestamp": "2022-03-28 15:10:29.620942", "sender": "Visual Analysis", "entity": "video", "simmoid": "cf798436-e82a-4af5-8de0-c6faeb8069cb", "project_id": "85"}, "shotInfo": [

{"shotIdx": 26, "startFrame": "3421", "endFrame": "3488", "objectsFound": [{"type": "sky", "probability": 62.704128689236114}, {"type": "building", "probability": 4.460991753472222}, {"type": "tree", "probability": 14.170328776041666}, {"type": "sand", "probability": 4.897054036458334}, {"type": "wall", "probability": 0.014980740017361112}], "peopleInDanger": 0, "vehiclesInDanger": 0, "riverOvertop": false, "area": "forest_broadleaf", "areaProb": 0.051775, "outdoor": true, "emergencyType": "none", "emergencyProb": 0.9579041401545206, "category": "Accommodation", "subcategory": "Apartments", "coordinate": [45.55054180487325,11.548604965209961], "animalsInDanger": 20, "infraInDanger": ["stadium", "nurseries", "parking", "office", "university"], "objectsInDanger": ["Banknote", "Shoe", "Clock", "Book", "Washing machine", "Coffee maker", "Banknote", "Bicycle", "Shoe", "Whiteboard", "Blanket", "Washing machine", "Book", "Bookcase", "Cup", "Pen", "Stove", "Whiteboard", "Bicycle", "Paper", "Bed", "Book", "Whiteboard", "Stool", "Spoon", "Washing machine", "Clock"]}]}