{"_id": {"$oid": "6284afa3caaa54207e93abd5"}, "header": {"timestamp": "2022-05-18 11:34:28.362579", "sender": "Visual Analysis", "entity": "twitter_post", "simmoid": "1420613987348230146", "project_id": "154"}, "shotInfo": [{"shotIdx": 0, "startFrame": 0, "endFrame": 0, "objectsFound": [{"type": "wall", "probability": 0.737945556640625}, {"type": "person", "probability": 0.16071573893229163}, {"type": "ceiling", "probability": 0.07349141438802083}, {"type": "tank", "probability": 0.012105305989583336}, {"type": "box", "probability": 0.010528564453125}, {"type": "floor", "probability": 0.004796346028645833}, {"type": "poster", "probability": 0.00018819173177083337}, {"type": "bulletin", "probability": 0.00013224283854166666}, {"type": "toilet", "probability": 9.663899739583332e-05}], "peopleInDanger": 0, "vehiclesInDanger": 0, "riverOvertop": false, "area": "indoor", "areaProb": 0.09720000000000001, "outdoor": false, "emergencyType": "none", "emergencyProb": 0.9997192025184631, "category": "Disaster Management", "subcategory": "Civil Protection Distribution Places", "coordinate": [35.53375, 24.0650185], "animalsInDanger": 3, "infraInDanger": ["room", "nurseries", "stadium", "house", "ceiling", "office", "school", "nurseries", "school", "tower", "kindergraden", "kindergraden", "ceiling", "house"], "objectsInDanger": ["Pot", "Whiteboard", "Table", "Stool", "Pillow", "Spoon", "Pillow", "Paper", "Toothbrush", "Wallet", "Chair", "Shoe", "Helmet", "Backpack", "Pillow"]}]}