{"_id": {"$oid": "62c437b2e8fea246c375dae4"}, "header": {"timestamp": "2022-07-05 16:03:23.987588", "sender": "Visual Analysis", "entity": "video", "simmoid": "60aeb4e9-f9a5-4470-8a8d-de0694182f7c", "project_id": "154"}, "shotInfo": [

{"shotIdx": 39, "startFrame": "4662", "endFrame": "5168", "objectsFound": [{"type": "sky", "probability": 42.8598649825784}, {"type": "building", "probability": 34.38180531358885}, {"type": "tree", "probability": 10.93341681184669}, {"type": "person", "probability": 13.64737587108014}, {"type": "mountain", "probability": 27.16885344076655}, {"type": "sea", "probability": 7.290532447735192}, {"type": "field", "probability": 4.315929878048781}], "peopleInDanger": 0, "vehiclesInDanger": 0, "riverOvertop": false, "area": "village", "areaProb": 0.5842580000000002, "outdoor": true, "emergencyType": "none", "emergencyProb": 0.999991512298584, "category": "Accommodation", "subcategory": "Apartments", "coordinate": [45.544775, 11.564912], "animalsInDanger": 19, "infraInDanger": ["company", "nurseries", "room", "university", "parking", "room", "nurseries", "office", "university", "kindergraden"], "objectsInDanger": ["Glass", "Pot", "Spoon", "Chair", "Knife", "Car", "Backpack", "Bag", "Shirt", "Car", "Pen", "Wallet"]}]}