{"_id": {"$oid": "6213ca0942fde02430089b1b"}, "header": {"timestamp": "2022-02-21 16:39:09.725780", "sender": "Visual Analysis", "entity": "video", "simmoid": "60aeb4e9-f9a5-4470-8a8d-de0694182f7c", "project_id": "1"}, "shotInfo": [

{"shotIdx": 19, "startFrame": "2137", "endFrame": "2260", "objectsFound": [{"type": "building", "probability": 69.01109483506944}, {"type": "sky", "probability": 24.29741753472222}, {"type": "road", "probability": 12.75973849826389}], "peopleInDanger": 0, "vehiclesInDanger": 0, "riverOvertop": false, "area": "palace", "areaProb": 0.08386315789473685, "outdoor": true, "emergencyType": "none", "emergencyProb": 0.9999999835573393, "category": "Finance", "subcategory": "Exchange Offices", "coordinate": [45.544777, 11.564912], "animalsInDanger": 10, "infraInDanger": ["kindergraden", "stadium", "tower"], "objectsInDanger": ["Fork", "Cupboard", "Bookcase", "Fork", "Cup", "Stove", "Blanket", "Shoe", "Clock", "Cupboard", "Shoe", "Helmet", "Whiteboard", "Table", "Spoon", "Clock", "Blouse", "Pen", "Blouse", "Shoe"]}]}