{"_id": {"$oid": "6283b9bb7b333fcf4644d5b1"}, "header": {"timestamp": "2022-05-17 18:05:18.107467", "sender": "Visual Analysis", "entity": "citizen_report", "simmoid": "01657a67-8444-4221-8678-5b68f0f1f096", "project_id": 0}, "shotInfo": [{"shotIdx": 0, "startFrame": 0, "endFrame": 0, "objectsFound": [{"type": "wall", "probability": 0.5511830647786459}, {"type": "windowpane", "probability": 0.2586873372395833}, {"type": "ceiling", "probability": 0.06562296549479167}, {"type": "cabinet", "probability": 0.032892862955729164}, {"type": "door", "probability": 0.031275431315104164}, {"type": "poster", "probability": 0.022064208984375}, {"type": "crt", "probability": 0.011388142903645836}, {"type": "case", "probability": 0.0079803466796875}, {"type": "lamp", "probability": 0.007044474283854168}, {"type": "sink", "probability": 0.0029754638671875}, {"type": "painting", "probability": 0.0022226969401041665}, {"type": "book", "probability": 0.0012105305989583333}, {"type": "curtain", "probability": 0.0011850992838541667}, {"type": "bottle", "probability": 0.000640869140625}, {"type": "mirror", "probability": 0.0006256103515625}, {"type": "counter", "probability": 0.0006256103515625}, {"type": "blind", "probability": 0.0005340576171875}, {"type": "towel", "probability": 0.0005340576171875}, {"type": "sculpture", "probability": 0.00046284993489583326}, {"type": "bar", "probability": 0.0004425048828125}, {"type": "desk", "probability": 0.0002644856770833333}, {"type": "tree", "probability": 0.00011189778645833332}, {"type": "sconce", "probability": 2.543131510416667e-05}], "peopleInDanger": 0, "vehiclesInDanger": 0, "riverOvertop": false, "area": "subway_station_platform", "areaProb": 0.1328, "outdoor": true, "emergencyType": "none", "emergencyProb": 0.9998121857643127, "category": "Finance", "subcategory": "Exchange Offices", "coordinate": [37.980401, 23.757333], "animalsInDanger": 17, "infraInDanger": ["ceiling", "parking", "kindergraden", "school"], "objectsInDanger": ["Banknote", "Banknote", "Fridge", "Pencil", "Chair", "Knife", "Blouse", "Knife", "Sweater", "Bed", "Desk", "Sweater", "Backpack"]}]}