{"_id": {"$oid": "627cb724d32319b204f069a2"}, "header": {"timestamp": "2022-05-12 10:25:20.443635", "sender": "Visual Analysis", "entity": "video", "simmoid": "cf798436-e82a-4af5-8de0-c6faeb8069cb", "project_id": "118"}, "shotInfo": [

{"shotIdx": 10, "startFrame": "1576", "endFrame": "1691", "objectsFound": [{"type": "building", "probability": 87.87973649825784}, {"type": "sky", "probability": 27.82556620209059}, {"type": "ship", "probability": 3.037891986062718}, {"type": "earth", "probability": 0.3579594947735192}, {"type": "runway", "probability": 2.1266604965156795}, {"type": "road", "probability": 0.6437826655052264}, {"type": "wall", "probability": 3.994038545296167}, {"type": "ceiling", "probability": 0.010793227351916377}], "peopleInDanger": 0, "vehiclesInDanger": 0, "riverOvertop": false, "area": "fire_escape", "areaProb": 0.12892, "outdoor": true, "emergencyType": "none", "emergencyProb": 0.9998657378283414, "category": "Infrastructure", "subcategory": "Antennas", "coordinate": [45.55054180487325, 11.548604965209961], "animalsInDanger": 13, "infraInDanger": ["company", "tourist office", "nurseries", "tower", "office", "parking", "office", "university", "ceiling", "company", "nurseries", "room", "room"], "objectsInDanger": ["Bicycle", "Coin", "Cupboard", "Dish", "Clock", "Bed", "Sofa", "Washing machine", "Book", "Bag", "Notebook", "Bookcase", "Fork"]}]}