{"_id": {"$oid": "6213ca0942fde02430089b1b"}, "header": {"timestamp": "2022-02-21 16:39:09.725780", "sender": "Visual Analysis", "entity": "video", "simmoid": "60aeb4e9-f9a5-4470-8a8d-de0694182f7c", "project_id": "1"}, "shotInfo": [

{"shotIdx": 39, "startFrame": "4662", "endFrame": "5168", "objectsFound": [{"type": "sky", "probability": 39.37920464409722}, {"type": "tree", "probability": 33.50965711805556}, {"type": "building", "probability": 24.40456814236111}, {"type": "mountain", "probability": 4.793294270833334}, {"type": "sea", "probability": 2.676730685763889}, {"type": "earth", "probability": 7.126871744791667}, {"type": "river", "probability": 2.03857421875}, {"type": "field", "probability": 4.589165581597222}], "peopleInDanger": 0, "vehiclesInDanger": 0, "riverOvertop": false, "area": "village", "areaProb": 0.2742235294117647, "outdoor": true, "emergencyType": "none", "emergencyProb": 0.9999821099542803, "category": "Education", "subcategory": "Secondary Schools", "coordinate": [48.13009, 11.6053], "animalsInDanger": 0, "infraInDanger": ["nurseries", "tower", "road", "ceiling", "stadium", "stadium", "road", "stadium", "stadium", "school", "office", "school"], "objectsInDanger": ["Helmet", "Washing machine", "Paper", "Computer", "Fork", "Wallet", "Desk", "Window", "Fridge", "Bag", "Spoon", "Spoon", "Cup", "Trousers", "Sweater", "Table", "Fork", "Glue", "Pillow", "Whiteboard", "Sofa", "Sweater", "Coin", "Paper", "Book", "Clock", "Stool", "Shirt", "Car", "Pillow", "Backpack", "Chair", "Trousers", "Door", "Toothbrush", "Glue", "Fork", "Trousers", "Computer", "Coin", "Coin", "Knife"]}]}