{"_id": {"$oid": "61ea90eb04d45a5f9f7df411"}, "header": {"timestamp": "2022-01-21 12:19:14.938730", "sender": "Visual Analysis", "entity": "video", "simmoid": "9a9275fa-a37c-4f21-ad45-e92145c601fb", "project_id": "test"}, "shotInfo": [
{"shotIdx": 1, "startFrame": "103", "endFrame": "316", "objectsFound": [{"type": "sky", "probability": 34.60964626736111}, {"type": "mountain", "probability": 30.137803819444443}, {"type": "water", "probability": 36.83336046006944}, {"type": "sand", "probability": 1.9158257378472223}, {"type": "sea", "probability": 31.6650390625}, {"type": "hill", "probability": 2.618408203125}, {"type": "building", "probability": 0.10782877604166667}, {"type": "earth", "probability": 1.111518012152778}], "peopleInDanger": 0, "vehiclesInDanger": 0, "riverOvertop": false, "area": "valley", "areaProb": 0.12813333333333335, "outdoor": true, "emergencyType": "none", "emergencyProb": 0.999994813227186, "category": "Flood Forecasts", "subcategory": "Flood Results From Model", "coordinate": [45.55054180487325,11.548604965209961], "animalsInDanger": 16, "infraInDanger": ["stadium", "stadium", "parking", "office", "tower"], "objectsInDanger": ["Banknote", "Knife", "Bookcase", "Banknote", "Bag", "Blouse", "Cupboard", "Blanket", "Pen", "Chair", "Key", "Stool", "Pen", "Glue", "Bicycle", "Cup", "Coin", "Backpack", "Whiteboard", "Paper", "Desk", "Bag", "Backpack", "Blanket", "Sweater", "Bookcase", "Notebook", "Helmet", "Chair", "Key", "Car"]}]}