{"_id": {"$oid": "6213ca0942fde02430089b1b"}, "header": {"timestamp": "2022-02-21 16:39:09.725780", "sender": "Visual Analysis", "entity": "video", "simmoid": "60aeb4e9-f9a5-4470-8a8d-de0694182f7c", "project_id": "1"}, "shotInfo": [

{"shotIdx": 29, "startFrame": "3276", "endFrame": "3398", "objectsFound": [{"type": "water", "probability": 39.07538519965278}, {"type": "wall", "probability": 65.02753363715279}, {"type": "building", "probability": 15.70705837673611}, {"type": "road", "probability": 15.718587239583334}, {"type": "tree", "probability": 4.72412109375}, {"type": "earth", "probability": 10.504150390625}, {"type": "sky", "probability": 1.5679253472222223}, {"type": "mountain", "probability": 2.199300130208333}, {"type": "plant", "probability": 6.051974826388888}, {"type": "door", "probability": 8.355034722222223}, {"type": "grass", "probability": 2.861192491319444}, {"type": "ceiling", "probability": 11.231825086805555}], "peopleInDanger": 0, "vehiclesInDanger": 0, "riverOvertop": false, "area": "bar", "areaProb": 0.13102941176470587, "outdoor": true, "emergencyType": "none", "emergencyProb": 0.9991397623504911, "category": "Transportation", "subcategory": "Air Travel", "coordinate": [45.544777, 11.564912], "animalsInDanger": 19, "infraInDanger": ["kindergraden", "university", "stadium", "stadium", "road", "office"], "objectsInDanger": ["Fridge", "Toothbrush", "Ruler", "Pencil", "Window", "Stool", "Sweater", "Bed", "Key", "Pot", "Coffee maker", "Coffee maker", "Toothbrush", "Bookcase", "Coin", "Pen", "Shirt", "Helmet", "Desk", "Stove", "Car", "Ruler", "Coffee maker", "Shirt", "Door", "Shoe", "Sweater", "Ruler", "Backpack", "Wallet", "Shirt", "Chair", "Shoe", "Clock", "Key", "Shirt", "Toothbrush", "Toothbrush"]}]}