{"_id": {"$oid": "62820c5a6611e02826986a59"}, "header": {"timestamp": "2022-05-16 11:28:11.387201", "sender": "Visual Analysis", "entity": "video", "simmoid": "60aeb4e9-f9a5-4470-8a8d-de0694182f7c", "project_id": "143"}, "shotInfo": [

{"shotIdx": 0, "startFrame": "0", "endFrame": "477", "objectsFound": [{"type": "sky", "probability": 100}, {"type": "wall", "probability": 57.744446864111495}, {"type": "road", "probability": 12.691909843205575}], "peopleInDanger": 0, "vehiclesInDanger": 0, "riverOvertop": false, "area": "field_cultivated", "areaProb": 0.1594973684210527, "outdoor": true, "emergencyType": "none", "emergencyProb": 0.9999937909714719, "category": "Transportation", "subcategory": "Bike Rentals", "coordinate": [45.55054180487325, 11.548604965209961], "animalsInDanger": 8, "infraInDanger": ["nurseries", "room", "company", "room", "kindergraden", "university", "parking", "parking", "kindergraden"], "objectsInDanger": ["Wallet", "Clock", "Paper", "Spoon", "Key", "Bicycle", "Computer", "Fridge", "Chair", "Stove", "Pot", "Shoe", "Coin", "Table", "Banknote", "Chair", "Stool"]}]}