{"_id": {"$oid": "61fd28901622298797a5e79f"}, "header": {"timestamp": "2022-02-04 12:44:01.926078", "sender": "Visual Analysis", "entity": "video", "simmoid": "899cde1f-0ce1-45c7-b6a9-6e15d1872391", "project_id": "test"}, "shotInfo": [
{"shotIdx": 0, "startFrame": "0", "endFrame": "85", "objectsFound": [{"type": "wall", "probability": 72.36378987630209}, {"type": "road", "probability": 15.645853678385416}, {"type": "water", "probability": 7.574971516927083}, {"type": "door", "probability": 1.09100341796875}], "peopleInDanger": 0, "vehiclesInDanger": 0, "riverOvertop": false, "area": "hotel_outdoor", "areaProb": 0.09341578947368422, "outdoor": true, "emergencyType": "none", "emergencyProb": 0.9999844651473196, "category": "Production Planning", "subcategory": "Restricted Areas", "coordinate": [45.55054180487325,11.548604965209961], "animalsInDanger": 3, "infraInDanger": ["room", "company", "office", "room", "stadium", "office", "tower", "room", "parking", "tourist office", "tourist office", "parking", "stadium"], "objectsInDanger": ["Stool", "Dish", "Glass", "Coffee maker", "Chair", "Desk", "Pen", "Paper", "Sofa", "Fork", "Glue", "Window", "Blouse", "Sweater", "Window", "Glass"]}]}