{"_id": {"$oid": "62c43aabf3550fdf43254726"}, "header": {"timestamp": "2022-07-05 16:20:33.975871", "sender": "Visual Analysis", "entity": "twitter_post", "simmoid": "1420639967718510593", "project_id": "154"}, "shotInfo": [{"shotIdx": 0, "startFrame": 0, "endFrame": 0, "objectsFound": [{"type": "person", "probability": 0.5845795580621301}, {"type": "wall", "probability": 0.2853180473372781}, {"type": "table", "probability": 0.08645756286982248}, {"type": "ceiling", "probability": 0.02514215051775148}, {"type": "flower", "probability": 0.015318740754437869}, {"type": "bed", "probability": 0.0022131564349112424}, {"type": "shelf", "probability": 0.0005200628698224853}, {"type": "box", "probability": 0.0004102718195266272}, {"type": "basket", "probability": 4.044933431952664e-05}], "peopleInDanger": 0, "vehiclesInDanger": 0, "riverOvertop": false, "area": "youth_hostel", "areaProb": 0.1466, "outdoor": true, "emergencyType": "none", "emergencyProb": 0.9986782670021057, "category": "Natural Elements", "subcategory": "Water Bodies", "coordinate": [35.52925763063966,24.07529354095459], "animalsInDanger": 1, "infraInDanger": ["office", "university", "office", "ceiling"], "objectsInDanger": ["Sink", "Stool", "Bicycle", "Stool", "Banknote"]}]}