{"_id": {"$oid": "61ea90eb04d45a5f9f7df411"}, "header": {"timestamp": "2022-01-21 12:19:14.938730", "sender": "Visual Analysis", "entity": "video", "simmoid": "9a9275fa-a37c-4f21-ad45-e92145c601fb", "project_id": "test"}, "shotInfo": [
{"shotIdx": 3, "startFrame": "534", "endFrame": "661", "objectsFound": [{"type": "sky", "probability": 25.78396267361111}, {"type": "hill", "probability": 20.18703884548611}, {"type": "mountain", "probability": 35.12708875868056}, {"type": "sea", "probability": 11.669243706597223}, {"type": "building", "probability": 19.853379991319446}, {"type": "sand", "probability": 9.79342990451389}, {"type": "wall", "probability": 7.346598307291667}, {"type": "water", "probability": 7.381184895833333}, {"type": "earth", "probability": 12.477620442708332}], "peopleInDanger": 0, "vehiclesInDanger": 0, "riverOvertop": false, "area": "amphitheater", "areaProb": 0.2864433333333334, "outdoor": true, "emergencyType": "none", "emergencyProb": 0.9999934991200765, "category": "Commerce", "subcategory": "Other Shops", "coordinate": [45.55054180487325,11.548604965209961], "animalsInDanger": 4, "infraInDanger": ["room"], "objectsInDanger": ["Glue", "Book", "Shoe", "Ruler", "Fridge", "Fridge", "Blouse", "Door", "Blouse", "Clock", "Bookcase", "Ruler", "Sweater", "Window", "Shirt", "Glue", "Blouse", "Ruler", "Toothbrush", "Table", "Computer", "Shoe", "Fork", "Fridge", "Bicycle", "Ruler", "Clock", "Knife", "Coin", "Clock", "Shirt", "Bag"]}]}