{"_id": {"$oid": "62430bc8e6d3068eca396a4a"}, "header": {"timestamp": "2022-03-29 16:02:36.107553", "sender": "Visual Analysis", "entity": "video", "simmoid": "cf798436-e82a-4af5-8de0-c6faeb8069cb", "project_id": "82"}, "shotInfo": [

{"shotIdx": 3, "startFrame": "875", "endFrame": "975", "objectsFound": [{"type": "sky", "probability": 53.81334092881944}, {"type": "mountain", "probability": 17.53811306423611}, {"type": "building", "probability": 24.516465928819446}, {"type": "wall", "probability": 5.827501085069445}, {"type": "tree", "probability": 6.780327690972222}], "peopleInDanger": 0, "vehiclesInDanger": 0, "riverOvertop": false, "area": "hotel_outdoor", "areaProb": 0.08585714285714285, "outdoor": true, "emergencyType": "none", "emergencyProb": 0.9999983310699463, "category": "Medical", "subcategory": "Doctors", "coordinate": [45.55054180487325,11.548604965209961], "animalsInDanger": 1, "infraInDanger": ["road", "stadium", "office", "room", "tourist office", "stadium"], "objectsInDanger": ["Pen", "Washing machine", "Bicycle", "Wallet", "Pencil", "Notebook", "Chair", "Bicycle", "Table", "Bookcase", "Bed", "Blouse", "Glue", "Chair", "Stool", "Ruler", "Table", "Ruler", "Sweater", "Bookcase", "Pen", "Toothbrush", "Stool", "Bed", "Shoe", "Dish", "Door", "Glue", "Banknote", "Cupboard"]}]}