{"_id": {"$oid": "62820c5a6611e02826986a59"}, "header": {"timestamp": "2022-05-16 11:28:11.387201", "sender": "Visual Analysis", "entity": "video", "simmoid": "60aeb4e9-f9a5-4470-8a8d-de0694182f7c", "project_id": "143"}, "shotInfo": [

{"shotIdx": 31, "startFrame": "3527", "endFrame": "3648", "objectsFound": [{"type": "sky", "probability": 47.134282447735195}, {"type": "building", "probability": 47.445285278745644}, {"type": "road", "probability": 14.61577199477352}, {"type": "earth", "probability": 7.557981271777003}, {"type": "tree", "probability": 5.766822735191638}, {"type": "sea", "probability": 1.9272648083623696}, {"type": "field", "probability": 2.958950348432056}], "peopleInDanger": 0, "vehiclesInDanger": 0, "riverOvertop": false, "area": "palace", "areaProb": 0.10333636363636366, "outdoor": true, "emergencyType": "none", "emergencyProb": 0.9993260552485784, "category": "Natural Elements", "subcategory": "Natura 2000 Sites", "coordinate": [45.55054180487325, 11.548604965209961], "animalsInDanger": 18, "infraInDanger": [], "objectsInDanger": ["Key", "Key", "Stove"]}]}