{"_id": {"$oid": "62430bc8e6d3068eca396a4a"}, "header": {"timestamp": "2022-03-29 16:02:36.107553", "sender": "Visual Analysis", "entity": "video", "simmoid": "cf798436-e82a-4af5-8de0-c6faeb8069cb", "project_id": "82"}, "shotInfo": [

{"shotIdx": 15, "startFrame": "2210", "endFrame": "2312", "objectsFound": [{"type": "wall", "probability": 79.04798719618056}, {"type": "building", "probability": 0.1163601345486111}, {"type": "ceiling", "probability": 10.068766276041668}, {"type": "person", "probability": 3.384060329861111}, {"type": "sculpture", "probability": 2.394612630208333}, {"type": "table", "probability": 2.543131510416667}], "peopleInDanger": 0, "vehiclesInDanger": 0, "riverOvertop": false, "area": "bar", "areaProb": 0.44644444444444437, "outdoor": true, "emergencyType": "none", "emergencyProb": 0.9985508561134339, "category": "Medical", "subcategory": "Doctors", "coordinate": [45.55054180487325, 11.548604965209961], "animalsInDanger": 16, "infraInDanger": ["tourist office", "tourist office", "road", "university", "university", "office", "office", "ceiling", "tourist office", "ceiling", "tourist office", "tower", "tower", "room", "parking"], "objectsInDanger": ["Glue", "Fork", "Coffee maker", "Dish", "Clock", "Coin", "Whiteboard", "Toothbrush", "Coin", "Coin", "Helmet", "Blouse", "Knife", "Shirt", "Helmet", "Sink", "Pencil", "Blouse"]}]}