{"_id": {"$oid": "6216016f600a435c38d2a295"}, "header": {"timestamp": "2022-02-23 10:39:45.180299", "sender": "Visual Analysis", "entity": "video", "simmoid": "60aeb4e9-f9a5-4470-8a8d-de0694182f7c", "project_id": "1"}, "shotInfo": [

{"shotIdx": 30, "startFrame": "3399", "endFrame": "3526", "objectsFound": [{"type": "building", "probability": 46.05305989583333}, {"type": "tree", "probability": 26.798502604166668}, {"type": "sky", "probability": 17.76394314236111}, {"type": "road", "probability": 11.92355685763889}, {"type": "earth", "probability": 0.9263780381944444}, {"type": "ceiling", "probability": 0.01349555121527778}], "peopleInDanger": 0, "vehiclesInDanger": 0, "riverOvertop": false, "area": "palace", "areaProb": 0.08267499999999998, "outdoor": true, "emergencyType": "none", "emergencyProb": 0.9999992648760477, "category": "Transportation", "subcategory": "Bike Rentals", "coordinate": [35.52925763063966,24.07529354095459], "animalsInDanger": 8, "infraInDanger": ["road", "house"], "objectsInDanger": ["Clock", "Notebook", "Paper", "Helmet", "Clock", "Stove", "Wallet", "Shoe", "Blanket", "Coffee maker", "Trousers", "Banknote", "Shirt", "Fridge", "Shoe", "Washing machine", "Blouse", "Table", "Ruler", "Fork", "Computer", "Computer", "Helmet", "Sofa"]}]}