{"_id": {"$oid": "61e6d89fca35937de3162dce"}, 
"header": {"timestamp": "2022-01-18 16:19:05.660883", "sender": "Visual Analysis", "entity": "video", "simmoid": "1420406195626692620", "project_id": "test"}, 
"shotInfo": [	
	{"shotIdx": 0, "startFrame": "0", "endFrame": "222", "objectsFound": [{"type": "building", "probability": 63.458251953125}, {"type": "wall", "probability": 55.25550842285156}, {"type": "earth", "probability": 59.78279113769531}, {"type": "tree", "probability": 10.449981689453125}, {"type": "door", "probability": 3.568267822265625}, {"type": "mountain", "probability": 0.07476806640625}, {"type": "water", "probability": 81.1737060546875}, {"type": "sky", "probability": 2.23846435546875}, {"type": "road", "probability": 91.21894836425781}, {"type": "person", "probability": 6.052398681640625}, {"type": "truck", "probability": 0.012683868408203125}], "peopleInDanger": 0.018867924528301886, "vehiclesInDanger": 0, "riverOvertop": false, "area": "railroad_track", "areaProb": 0.22671904761904763, "outdoor": true, "emergencyType": "none", "emergencyProb": 0.8879827516419547, "category": "Natural Elements", "subcategory": "Water Bodies", "coordinate": [45.55054180487325,11.548604965209961], "animalsInDanger": 13, "infraInDanger": ["company", "office", "ceiling", "ceiling", "room"], "objectsInDanger": ["Notebook", "Bag"]}]}
