{"_id": {"$oid": "6213ca0942fde02430089b1b"}, "header": {"timestamp": "2022-02-21 16:39:09.725780", "sender": "Visual Analysis", "entity": "video", "simmoid": "60aeb4e9-f9a5-4470-8a8d-de0694182f7c", "project_id": "1"}, "shotInfo": [

{"shotIdx": 35, "startFrame": "4071", "endFrame": "4253", "objectsFound": [{"type": "building", "probability": 92.07356770833334}, {"type": "wall", "probability": 70.27723524305556}, {"type": "ceiling", "probability": 13.920762803819445}, {"type": "road", "probability": 5.933295355902778}], "peopleInDanger": 0, "vehiclesInDanger": 0, "riverOvertop": false, "area": "railroad_track", "areaProb": 0.1233875, "outdoor": true, "emergencyType": "none", "emergencyProb": 0.9998806118965149, "category": "Production Planning", "subcategory": "Sources of Pollution", "coordinate": [45.544777, 11.564912], "animalsInDanger": 1, "infraInDanger": ["room", "room", "stadium", "kindergraden", "tower", "kindergraden", "ceiling"], "objectsInDanger": ["Banknote", "Toothbrush", "Cup", "Bed", "Book", "Book", "Blanket", "Pot", "Notebook", "Chair", "Desk", "Pencil", "Dish", "Clock", "Sweater", "Bicycle", "Pot", "Book", "Trousers", "Stove"]}]}