{"_id": {"$oid": "62c437b2e8fea246c375dae4"}, "header": {"timestamp": "2022-07-05 16:03:23.987588", "sender": "Visual Analysis", "entity": "video", "simmoid": "60aeb4e9-f9a5-4470-8a8d-de0694182f7c", "project_id": "154"}, "shotInfo": [{"shotIdx": 40, "startFrame": "5169", "endFrame": "5937", "objectsFound": [{"type": "sky", "probability": 100}, {"type": "wall", "probability": 5.662020905923345}, {"type": "road", "probability": 2.7534298780487805}], "peopleInDanger": 0, "vehiclesInDanger": 0, "riverOvertop": false, "area": "field_cultivated", "areaProb": 0.07026538461538462, "outdoor": true, "emergencyType": "none", "emergencyProb": 0.9999609754273766, "category": "Transportation", "subcategory": "Taxi", "coordinate": [35.52925763063966,24.07529354095459], "animalsInDanger": 10, "infraInDanger": ["kindergraden", "house", "ceiling", "office", "company", "tower", "ceiling", "kindergraden", "ceiling", "parking", "school"], "objectsInDanger": ["Fork", "Helmet", "Table", "Pillow", "Bed", "Pen", "Ruler", "Desk", "Pot", "Banknote", "Bicycle", "Blouse", "Stool", "Dish", "Spoon", "Blanket", "Bed", "Cup", "Bed", "Table", "Toothbrush", "Banknote", "Toothbrush", "Fork", "Fork", "Stool", "Dish", "Window", "Pen", "Helmet", "Spoon", "Shirt", "Door", "Cup", "Pen", "Toothbrush", "Pillow", "Sofa", "Stool", "Blouse", "Blanket", "Coffee maker", "Computer", "Stool", "Blanket", "Chair", "Cup", "Book", "Book"]}]}