{"_id": {"$oid": "62c43dc9f3550fdf4325472d"}, "header": {"timestamp": "2022-07-05 16:33:37.859224", "sender": "Visual Analysis", "entity": "video", "simmoid": "0010ee34-e2e3-4eaa-a9bb-51b01fa137dc", "project_id": "citizen"}, "shotInfo": [{"shotIdx": 0, "startFrame": 0, "endFrame": 0, "objectsFound": [{"type": "wall", "probability": 0.5149586995442709}, {"type": "sky", "probability": 0.1697845458984375}, {"type": "building", "probability": 0.11416117350260419}, {"type": "table", "probability": 0.0904388427734375}, {"type": "ceiling", "probability": 0.06551106770833333}, {"type": "floor", "probability": 0.019022623697916668}, {"type": "boat", "probability": 0.013193766276041664}, {"type": "signboard", "probability": 0.005671183268229168}, {"type": "glass", "probability": 0.0025634765625}, {"type": "crt", "probability": 0.001825968424479167}, {"type": "chair", "probability": 0.00103759765625}, {"type": "plate", "probability": 0.0008595784505208335}, {"type": "road", "probability": 0.00040690104166666674}, {"type": "car", "probability": 0.00035603841145833326}, {"type": "sidewalk", "probability": 0.0001983642578125}, {"type": "person", "probability": 1.0172526041666664e-05}], "peopleInDanger": 0, "vehiclesInDanger": 0, "riverOvertop": false, "area": "courtyard", "areaProb": 0.0385, "outdoor": true, "emergencyType": "none", "emergencyProb": 1, "category": "Commerce", "subcategory": "Clothing", "coordinate": [35.52925763063966,24.07529354095459], "animalsInDanger": 17, "infraInDanger": ["tourist office", "school", "tourist office", "room"], "objectsInDanger": ["Desk", "Sweater", "Stool", "Key", "Desk", "Cupboard", "Stove", "Coin", "Bag", "Glass", "Door", "Chair", "Washing machine", "Pencil", "Desk", "Door", "Sink", "Bicycle", "Washing machine", "Pillow", "Door", "Glass", "Paper", "Fork", "Cup", "Stove", "Computer", "Stool", "Bicycle", "Ruler", "Key", "Stove", "Paper", "Pencil"]}]}