{"_id": {"$oid": "6213ca0942fde02430089b1b"}, "header": {"timestamp": "2022-02-21 16:39:09.725780", "sender": "Visual Analysis", "entity": "video", "simmoid": "60aeb4e9-f9a5-4470-8a8d-de0694182f7c", "project_id": "1"}, "shotInfo": [

{"shotIdx": 18, "startFrame": "2073", "endFrame": "2136", "objectsFound": [{"type": "building", "probability": 60.660129123263886}, {"type": "sky", "probability": 24.91726345486111}, {"type": "road", "probability": 14.54806857638889}], "peopleInDanger": 0, "vehiclesInDanger": 0, "riverOvertop": false, "area": "courtyard", "areaProb": 0.2629571428571429, "outdoor": true, "emergencyType": "none", "emergencyProb": 1, "category": "Public Services", "subcategory": "Tourist Offices", "coordinate": [45.544777, 11.564912], "animalsInDanger": 17, "infraInDanger": ["parking", "parking", "office", "kindergraden", "road", "stadium", "tourist office"], "objectsInDanger": ["Washing machine", "Pen", "Backpack", "Notebook", "Pillow", "Cup", "Backpack", "Blanket", "Banknote", "Clock", "Whiteboard", "Spoon", "Sink", "Pencil", "Bag", "Blouse", "Cupboard", "Notebook", "Computer"]}]}