{"_id": {"$oid": "61ea90eb04d45a5f9f7df411"}, "header": {"timestamp": "2022-01-21 12:19:14.938730", "sender": "Visual Analysis", "entity": "video", "simmoid": "9a9275fa-a37c-4f21-ad45-e92145c601fb", "project_id": "test"}, "shotInfo": [
{"shotIdx": 6, "startFrame": "835", "endFrame": "965", "objectsFound": [{"type": "building", "probability": 27.290852864583332}, {"type": "earth", "probability": 21.641031901041664}, {"type": "water", "probability": 20.38302951388889}, {"type": "mountain", "probability": 24.609375}, {"type": "sky", "probability": 11.77639431423611}, {"type": "wall", "probability": 8.711073133680555}, {"type": "sea", "probability": 15.289306640625}, {"type": "field", "probability": 1.087103949652778}, {"type": "hill", "probability": 1.6398111979166667}, {"type": "house", "probability": 1.6771104600694444}, {"type": "tree", "probability": 3.1297471788194446}, {"type": "sand", "probability": 0.7568359375}], "peopleInDanger": 0, "vehiclesInDanger": 0, "riverOvertop": false, "area": "amphitheater", "areaProb": 0.14475172413793105, "outdoor": true, "emergencyType": "none", "emergencyProb": 0.9999895215034484, "category": "Transportation", "subcategory": "Bike Rentals", "coordinate": [48.130088, 11.60539], "animalsInDanger": 15, "infraInDanger": ["tourist office", "road", "room", "room", "university", "company", "kindergraden", "office"], "objectsInDanger": ["Toothbrush", "Washing machine", "Chair", "Window", "Table", "Book", "Computer", "Bicycle", "Trousers", "Pot", "Trousers", "Washing machine", "Blouse", "Pencil", "Toothbrush", "Coin", "Cupboard", "Bag", "Ruler", "Desk", "Banknote", "Stove", "Pillow", "Fridge", "Table", "Bed", "Blanket"]}]}