{"_id": {"$oid": "62434aa1692f7f5379d3d2ff"}, "header": {"timestamp": "2022-03-29 18:09:51.052135", "sender": "Visual Analysis", "entity": "video", "simmoid": "372d0e9b-b361-452b-af05-34ee99bced76", "project_id": "82"}, "shotInfo": [

{"shotIdx": 6, "startFrame": "2692", "endFrame": "2899", "objectsFound": [{"type": "building", "probability": 84.37635633680556}, {"type": "sky", "probability": 16.31401909722222}, {"type": "boat", "probability": 1.171875}], "peopleInDanger": 0, "vehiclesInDanger": 0, "riverOvertop": false, "area": "doorway_outdoor", "areaProb": 0.09711, "outdoor": true, "emergencyType": "none", "emergencyProb": 0.999977993965149, "category": "Commerce", "subcategory": "Other Shops", "coordinate": [45.55054180487325, 11.548604965209961], "animalsInDanger": 18, "infraInDanger": ["stadium", "room", "company", "school", "kindergraden", "kindergraden", "office", "company", "company", "tower", "stadium", "university", "ceiling", "parking", "office"], "objectsInDanger": ["Fridge", "Computer", "Clock", "Wallet", "Fridge"]}]}