{"_id": {"$oid": "6241aec2a8da5dc100eff0ea"}, "header": {"timestamp": "2022-03-28 15:10:29.620942", "sender": "Visual Analysis", "entity": "video", "simmoid": "cf798436-e82a-4af5-8de0-c6faeb8069cb", "project_id": "85"}, "shotInfo": [

{"shotIdx": 9, "startFrame": "1481", "endFrame": "1575", "objectsFound": [{"type": "sky", "probability": 35.36512586805556}, {"type": "earth", "probability": 13.392469618055555}, {"type": "sea", "probability": 10.09250217013889}, {"type": "sand", "probability": 27.264404296875}, {"type": "building", "probability": 3.8099500868055554}, {"type": "tree", "probability": 5.378553602430555}, {"type": "boat", "probability": 5.638970269097222}, {"type": "car", "probability": 3.8743760850694446}, {"type": "water", "probability": 1.6879611545138888}], "peopleInDanger": 0, "vehiclesInDanger": 0, "riverOvertop": false, "area": "parking_lot", "areaProb": 0.11101428571428572, "outdoor": true, "emergencyType": "none", "emergencyProb": 0.6135002493858337, "category": "Accommodation", "subcategory": "Apartments", "coordinate": [45.544775, 11.564912], "animalsInDanger": 19, "infraInDanger": ["office", "parking"], "objectsInDanger": ["Stove", "Cupboard", "Trousers", "Dish", "Pot", "Car", "Pillow", "Shoe", "Coffee maker", "Door", "Helmet", "Book", "Glue", "Pencil", "Pillow", "Book", "Cup", "Wallet", "Stove", "Cup", "Computer", "Washing machine", "Key", "Helmet", "Pencil", "Pot", "Blouse", "Helmet", "Bookcase", "Ruler", "Blanket", "Helmet", "Stool", "Banknote", "Ruler", "Banknote", "Ruler", "Stove", "Washing machine", "Pillow", "Key", "Trousers", "Cup", "Glass", "Cup", "Blouse", "Toothbrush", "Fridge", "Bed"]}]}