{"_id": {"$oid": "620184d21622298797a5e7a7"}, "header": {"timestamp": "2022-02-07 18:21:48.579512", "sender": "Visual Analysis", "entity": "video", "simmoid": "714f4421-a082-430d-899d-58a639ed59b9", "project_id": "test"}, "shotInfo": [

	{"shotIdx": 0, "startFrame": "0", "endFrame": "85", "objectsFound": [{"type": "wall", "probability": 76.16017659505209}, {"type": "road", "probability": 12.340799967447918}, {"type": "water", "probability": 7.330830891927083}, {"type": "door", "probability": 1.10015869140625}], "peopleInDanger": 0, "vehiclesInDanger": 0, "riverOvertop": false, "area": "hotel_outdoor", "areaProb": 0.09363157894736843, "outdoor": true, "emergencyType": "none", "emergencyProb": 0.9999834048120599, "category": "Transportation", "subcategory": "Taxi", "coordinate": [45.55054180487325,11.548604965209961], "animalsInDanger": 12, "infraInDanger": ["road", "stadium", "tower", "tourist office", "office", "office", "ceiling", "tourist office", "company"], "objectsInDanger": ["Fridge", "Stove", "Spoon", "Notebook", "Toothbrush", "Door", "Pot", "Notebook", "Pillow", "Banknote", "Stove", "Whiteboard", "Backpack", "Coffee maker", "Door", "Shirt", "Backpack", "Window", "Shoe", "Dish", "Cupboard", "Sink", "Washing machine", "Table", "Table", "Helmet", "Computer", "Shoe", "Table", "Glass", "Pot", "Pot"]}]}