{"_id": {"$oid": "6241aec2a8da5dc100eff0ea"}, "header": {"timestamp": "2022-03-28 15:10:29.620942", "sender": "Visual Analysis", "entity": "video", "simmoid": "cf798436-e82a-4af5-8de0-c6faeb8069cb", "project_id": "85"}, "shotInfo": [

{"shotIdx": 8, "startFrame": "1378", "endFrame": "1479", "objectsFound": [{"type": "sky", "probability": 43.38107638888889}, {"type": "sea", "probability": 43.292236328125}, {"type": "boat", "probability": 5.317518446180555}, {"type": "sand", "probability": 6.844753689236111}, {"type": "mountain", "probability": 10.96462673611111}, {"type": "building", "probability": 0.010572645399305556}], "peopleInDanger": 0, "vehiclesInDanger": 0, "riverOvertop": false, "area": "harbor", "areaProb": 0.27677, "outdoor": true, "emergencyType": "none", "emergencyProb": 0.9607985854148865, "category": "Infrastructure", "subcategory": "Aqueducts", "coordinate": [45.544775, 11.564912], "animalsInDanger": 1, "infraInDanger": ["parking", "tourist office", "room", "parking", "school", "room", "nurseries"], "objectsInDanger": []}]}