{"_id": {"$oid": "627e6aeb822e5f883d74baf4"}, "header": {"timestamp": "2022-05-13 17:27:28.835827", "sender": "Visual Analysis", "entity": "image", "project_id": 140}, "shotInfo": [{"shotIdx": 0, "startFrame": 0, "endFrame": 0, "objectsFound": [{"type": "sky", "probability": 0.28919219970703125}, {"type": "building", "probability": 0.2335662841796875}, {"type": "road", "probability": 0.21727752685546875}, {"type": "sidewalk", "probability": 0.17838287353515625}, {"type": "person", "probability": 0.05828857421875}, {"type": "car", "probability": 0.0118255615234375}, {"type": "signboard", "probability": 0.0042572021484375}, {"type": "base", "probability": 0.0019073486328125}, {"type": "flag", "probability": 0.0017547607421875}, {"type": "plant", "probability": 0.00165557861328125}, {"type": "minibike", "probability": 0.0013275146484375}, {"type": "poster", "probability": 0.00037384033203125}, {"type": "bench", "probability": 7.62939453125e-05}, {"type": "skyscraper", "probability": 6.103515625e-05}, {"type": "box", "probability": 3.814697265625e-05}, {"type": "traffic", "probability": 1.52587890625e-05}], "peopleInDanger": 0, "vehiclesInDanger": 0, "riverOvertop": false, "area": "plaza", "areaProb": 0.2961, "outdoor": true, "emergencyType": "none", "emergencyProb": 0.999779999256134, "category": "Production Planning", "subcategory": "Sources of Pollution", "coordinate": [48.130089, 11.6053], "animalsInDanger": 13, "infraInDanger": ["room", "nurseries", "room", "parking", "company"], "objectsInDanger": ["Stool", "Shoe", "Wallet", "Clock", "Dish", "Fork", "Cup", "Table", "Bookcase", "Fork", "Shirt", "Pen", "Sofa", "Dish", "Ruler", "Shirt"]}]}