{"_id": {"$oid": "6216016f600a435c38d2a295"}, "header": {"timestamp": "2022-02-23 10:39:45.180299", "sender": "Visual Analysis", "entity": "video", "simmoid": "60aeb4e9-f9a5-4470-8a8d-de0694182f7c", "project_id": "1"}, "shotInfo": [

{"shotIdx": 37, "startFrame": "4433", "endFrame": "4534", "objectsFound": [{"type": "sky", "probability": 38.4033203125}, {"type": "tree", "probability": 33.98234049479167}, {"type": "field", "probability": 13.408067491319445}, {"type": "grass", "probability": 8.991156684027777}, {"type": "plant", "probability": 12.621392144097221}, {"type": "building", "probability": 3.8092719184027777}, {"type": "wall", "probability": 6.287299262152778}, {"type": "earth", "probability": 25.511338975694443}, {"type": "house", "probability": 3.5332573784722223}, {"type": "road", "probability": 3.7163628472222223}], "peopleInDanger": 0, "vehiclesInDanger": 0, "riverOvertop": false, "area": "mansion", "areaProb": 0.15069999999999997, "outdoor": true, "emergencyType": "none", "emergencyProb": 0.9999398469924927, "category": "Production Planning", "subcategory": "Sources of Pollution", "coordinate": [35.52925763063966,24.07529354095459], "animalsInDanger": 18, "infraInDanger": ["nurseries", "office", "company", "office", "parking"], "objectsInDanger": ["Blanket", "Sofa", "Pencil", "Clock", "Helmet", "Glass", "Pot", "Cup", "Shoe", "Table", "Computer", "Glass", "Cupboard", "Blouse", "Key", "Fork", "Cupboard", "Sink", "Car", "Chair", "Desk", "Washing machine", "Pencil"]}]}