{"_id": {"$oid": "620184d21622298797a5e7a7"}, "header": {"timestamp": "2022-02-07 18:21:48.579512", "sender": "Visual Analysis", "entity": "video", "simmoid": "714f4421-a082-430d-899d-58a639ed59b9", "project_id": "test"}, "shotInfo": [{"shotIdx": 1, "startFrame": "86", "endFrame": "4429", "objectsFound": [{"type": "sky", "probability": 36.82301839192708}, {"type": "road", "probability": 48.14910888671875}, {"type": "earth", "probability": 41.21907552083333}, {"type": "grass", "probability": 53.138224283854164}, {"type": "tree", "probability": 61.624654134114586}, {"type": "wall", "probability": 25.401814778645832}, {"type": "mountain", "probability": 53.30657958984375}, {"type": "building", "probability": 35.20406087239583}, {"type": "car", "probability": 7.6690673828125}, {"type": "water", "probability": 2.172342936197917}, {"type": "ceiling", "probability": 10.565185546875}, {"type": "sea", "probability": 7.0281982421875}, {"type": "field", "probability": 3.6966959635416665}, {"type": "house", "probability": 0.5930582682291667}, {"type": "skyscraper", "probability": 1.7552693684895833}, {"type": "plant", "probability": 5.3131103515625}, {"type": "door", "probability": 3.3269246419270835}, {"type": "runway", "probability": 4.358927408854166}, {"type": "bus", "probability": 2.868143717447917}], "peopleInDanger": 0, "vehiclesInDanger": 0, "riverOvertop": false, "area": "formal_garden", "areaProb": 0.16635376344086023, "outdoor": true, "emergencyType": "none", "emergencyProb": 0.9983613376137955, "category": "Flood Forecasts", "subcategory": "Flood Results From Model", "coordinate": [35.52925763063966, 24.07529354095459], "animalsInDanger": 0, "infraInDanger": ["road", "office", "house"], "objectsInDanger": ["Paper", "Sweater", "Sofa", "Key", "Toothbrush", "Cupboard", "Glue", "Sink", "Washing machine", "Toothbrush", "Table", "Bicycle", "Chair", "Bicycle", "Computer", "Door", "Backpack", "Sweater", "Sweater", "Trousers", "Trousers", "Shirt", "Spoon", "Bookcase", "Pen", "Pen", "Whiteboard", "Bed", "Pencil", "Spoon", "Backpack"]}]}