{"_id": {"$oid": "620145b21622298797a5e7a5"}, "header": {"timestamp": "2022-02-07 14:35:53.992469", "sender": "Visual Analysis", "entity": "video", "simmoid": "ba77ab03-1220-442b-a73f-3173ac9724d5", "project_id": "test"}, "shotInfo": [

	{"shotIdx": 0, "startFrame": "0", "endFrame": "85", "objectsFound": [{"type": "wall", "probability": 74.58292643229166}, {"type": "road", "probability": 12.932332356770834}, {"type": "water", "probability": 8.181254069010418}, {"type": "door", "probability": 1.0996500651041665}], "peopleInDanger": 0, "vehiclesInDanger": 0, "riverOvertop": false, "area": "hotel_outdoor", "areaProb": 0.09291999999999997, "outdoor": true, "emergencyType": "none", "emergencyProb": 0.9999832605060778, "category": "Commerce", "subcategory": "Electronics", "coordinate": [45.55054180487325,11.548604965209961], "animalsInDanger": 16, "infraInDanger": ["office", "office", "office", "road", "office", "office", "company", "office", "tourist office", "office", "office", "office", "parking"], "objectsInDanger": ["Ruler", "Banknote", "Washing machine", "Toothbrush", "Clock", "Shirt", "Pillow", "Backpack", "Sink", "Car", "Computer", "Stool"]}]}