{"_id": {"$oid": "6216016f600a435c38d2a295"}, "header": {"timestamp": "2022-02-23 10:39:45.180299", "sender": "Visual Analysis", "entity": "video", "simmoid": "60aeb4e9-f9a5-4470-8a8d-de0694182f7c", "project_id": "1"}, "shotInfo": [{"shotIdx": 28, "startFrame": "3144", "endFrame": "3275", "objectsFound": [{"type": "wall", "probability": 76.17526584201389}, {"type": "ceiling", "probability": 23.63959418402778}, {"type": "tree", "probability": 3.3637152777777777}, {"type": "plant", "probability": 1.6933865017361112}, {"type": "sky", "probability": 0.8870442708333334}, {"type": "building", "probability": 0.9677463107638888}], "peopleInDanger": 0, "vehiclesInDanger": 0, "riverOvertop": false, "area": "church_outdoor", "areaProb": 0.06528333333333333, "outdoor": true, "emergencyType": "none", "emergencyProb": 0.9999636870164138, "category": "Commerce", "subcategory": "Other Shops", "coordinate": [35.52925763063966,24.07529354095459], "animalsInDanger": 7, "infraInDanger": ["house", "ceiling", "house", "office", "kindergraden", "house", "ceiling", "stadium", "company", "room", "tourist office"], "objectsInDanger": ["Cupboard", "Stool", "Chair", "Cupboard", "Dish", "Backpack", "Pen", "Shirt", "Fork", "Glass"]}]}