{"_id": {"$oid": "6241aec2a8da5dc100eff0ea"}, "header": {"timestamp": "2022-03-28 15:10:29.620942", "sender": "Visual Analysis", "entity": "video", "simmoid": "cf798436-e82a-4af5-8de0-c6faeb8069cb", "project_id": "85"}, "shotInfo": [

{"shotIdx": 24, "startFrame": "3231", "endFrame": "3316", "objectsFound": [{"type": "wall", "probability": 55.118136935763886}, {"type": "building", "probability": 4.794650607638888}, {"type": "ceiling", "probability": 6.927490234375}, {"type": "tree", "probability": 5.628797743055555}, {"type": "door", "probability": 1.1576334635416665}], "peopleInDanger": 0, "vehiclesInDanger": 0, "riverOvertop": false, "area": "train_station_platform", "areaProb": 0.053380000000000004, "outdoor": true, "emergencyType": "none", "emergencyProb": 0.9976044446229935, "category": "Transportation", "subcategory": "Air Travel", "coordinate": [45.55054180487325,11.548604965209961], "animalsInDanger": 2, "infraInDanger": [], "objectsInDanger": ["Bookcase", "Key", "Dish", "Sink", "Blanket", "Dish", "Computer", "Notebook", "Wallet", "Bicycle", "Key", "Fork", "Chair", "Whiteboard", "Cupboard", "Fork", "Window", "Book", "Sink", "Coffee maker", "Coffee maker", "Desk", "Bed", "Notebook", "Cupboard", "Stool", "Chair", "Stove", "Cup", "Washing machine", "Whiteboard", "Bag", "Bookcase", "Dish", "Helmet", "Pen", "Table", "Clock", "Stool", "Bookcase", "Blouse", "Sofa"]}]}