{"_id": {"$oid": "62418d3d32716b72191da410"}, "header": {"timestamp": "2022-03-28 12:44:26.401075", "sender": "Visual Analysis", "entity": "video", "simmoid": "cf798436-e82a-4af5-8de0-c6faeb8069cb", "project_id": "83"}, "shotInfo": [

{"shotIdx": 13, "startFrame": "1982", "endFrame": "2108", "objectsFound": [{"type": "building", "probability": 92.75241427951389}, {"type": "sky", "probability": 9.51877170138889}, {"type": "flag", "probability": 1.325141059027778}, {"type": "wall", "probability": 22.325303819444446}, {"type": "earth", "probability": 0.02855088975694444}, {"type": "road", "probability": 0.011990017361111112}, {"type": "ceiling", "probability": 4.00390625}, {"type": "door", "probability": 0.0146484375}, {"type": "ship", "probability": 0.011264377170138888}], "peopleInDanger": 0, "vehiclesInDanger": 0, "riverOvertop": false, "area": "bar", "areaProb": 0.07224000000000001, "outdoor": true, "emergencyType": "none", "emergencyProb": 0.9997473706801733, "category": "Accommodation", "subcategory": "Campsites", "coordinate": [45.559496, 11.5306666], "animalsInDanger": 2, "infraInDanger": ["room", "office", "nurseries", "kindergraden", "office", "nurseries", "nurseries", "university", "room"], "objectsInDanger": ["Book", "Bag", "Cup", "Bed", "Wallet", "Bag", "Stove", "Spoon", "Sink", "Sink", "Sink", "Computer", "Blouse", "Glue", "Knife", "Pen", "Stove", "Bicycle", "Shoe", "Sink", "Pen", "Notebook", "Sweater", "Fridge", "Stove", "Sofa", "Clock", "Pillow"]}]}