{"_id": {"$oid": "6216016f600a435c38d2a295"}, "header": {"timestamp": "2022-02-23 10:39:45.180299", "sender": "Visual Analysis", "entity": "video", "simmoid": "60aeb4e9-f9a5-4470-8a8d-de0694182f7c", "project_id": "1"}, "shotInfo": [

{"shotIdx": 20, "startFrame": "2261", "endFrame": "2326", "objectsFound": [{"type": "building", "probability": 64.55349392361111}, {"type": "sky", "probability": 17.17800564236111}, {"type": "earth", "probability": 0.017876519097222224}], "peopleInDanger": 0, "vehiclesInDanger": 0, "riverOvertop": false, "area": "hotel_outdoor", "areaProb": 0.10756, "outdoor": true, "emergencyType": "none", "emergencyProb": 0.9999961853027344, "category": "Production Planning", "subcategory": "Sources of Pollution", "coordinate": [48.13009, 11.6053], "animalsInDanger": 15, "infraInDanger": ["house", "room", "parking", "office"], "objectsInDanger": ["Glass", "Whiteboard", "Helmet", "Pillow", "Stool", "Spoon", "Sweater", "Pillow", "Bag", "Ruler", "Stove", "Backpack", "Stove", "Knife", "Table", "Whiteboard", "Shirt", "Spoon", "Coffee maker", "Blouse", "Cupboard", "Door", "Coffee maker", "Stool", "Glass", "Blanket", "Blanket", "Clock", "Clock", "Sofa", "Car", "Coin", "Pencil", "Pencil", "Dish", "Door", "Backpack", "Bookcase", "Knife", "Spoon", "Glue", "Glue", "Trousers", "Ruler", "Bicycle", "Pen", "Fridge", "Glue", "Computer"]}]}