{"_id": {"$oid": "62418d3d32716b72191da410"}, "header": {"timestamp": "2022-03-28 12:44:26.401075", "sender": "Visual Analysis", "entity": "video", "simmoid": "cf798436-e82a-4af5-8de0-c6faeb8069cb", "project_id": "83"}, "shotInfo": [

{"shotIdx": 15, "startFrame": "2210", "endFrame": "2312", "objectsFound": [{"type": "wall", "probability": 79.04798719618056}, {"type": "building", "probability": 0.1163601345486111}, {"type": "ceiling", "probability": 10.068766276041668}, {"type": "person", "probability": 3.384060329861111}, {"type": "sculpture", "probability": 2.394612630208333}, {"type": "table", "probability": 2.543131510416667}], "peopleInDanger": 0, "vehiclesInDanger": 0, "riverOvertop": false, "area": "bar", "areaProb": 0.44644444444444437, "outdoor": true, "emergencyType": "none", "emergencyProb": 0.9985508561134339, "category": "Infrastructure", "subcategory": "Antennas", "coordinate": [45.559496, 11.5306666], "animalsInDanger": 2, "infraInDanger": ["house", "tourist office", "stadium", "tourist office", "house", "office", "kindergraden", "tower"], "objectsInDanger": ["Bag"]}]}