{"_id": {"$oid": "6216016f600a435c38d2a295"}, "header": {"timestamp": "2022-02-23 10:39:45.180299", "sender": "Visual Analysis", "entity": "video", "simmoid": "60aeb4e9-f9a5-4470-8a8d-de0694182f7c", "project_id": "1"}, "shotInfo": [{"shotIdx": 25, "startFrame": "2640", "endFrame": "2891", "objectsFound": [{"type": "building", "probability": 82.36762152777779}, {"type": "mountain", "probability": 14.568413628472221}, {"type": "tree", "probability": 9.241400824652777}, {"type": "road", "probability": 5.223931206597222}, {"type": "sky", "probability": 7.863362630208333}, {"type": "ship", "probability": 3.4830729166666665}, {"type": "ceiling", "probability": 8.916558159722223}, {"type": "wall", "probability": 6.329345703125}, {"type": "boat", "probability": 8.20041232638889}, {"type": "grass", "probability": 0.638156467013889}, {"type": "sea", "probability": 0.010762532552083336}], "peopleInDanger": 0, "vehiclesInDanger": 0, "riverOvertop": false, "area": "bar", "areaProb": 0.060200000000000004, "outdoor": true, "emergencyType": "none", "emergencyProb": 0.9997501134872436, "category": "Production Planning", "subcategory": "Sources of Pollution", "coordinate": [35.52925763063966,24.07529354095459], "animalsInDanger": 11, "infraInDanger": ["parking", "stadium", "ceiling"], "objectsInDanger": ["Shoe", "Cupboard", "Table", "Notebook", "Stove", "Glass", "Clock", "Door", "Pot", "Table", "Stove", "Washing machine", "Desk", "Trousers", "Stove", "Bag", "Cup", "Backpack", "Cupboard", "Table", "Notebook"]}]}