{"_id": {"$oid": "6284b1bacaaa54207e93abd8"}, "header": {"timestamp": "2022-05-18 11:40:37.034564", "sender": "Visual Analysis", "entity": "twitter_post", "simmoid": "1420491281487351809", "project_id": "154"}, "shotInfo": [{"shotIdx": 0, "startFrame": "0", "endFrame": "188", "objectsFound": [{"type": "wall", "probability": 53.643564895470384}, {"type": "person", "probability": 24.128239329268293}, {"type": "table", "probability": 2.6649608013937285}, {"type": "sculpture", "probability": 1.2889263937282232}, {"type": "chair", "probability": 1.0078669425087108}], "peopleInDanger": 0, "vehiclesInDanger": 0, "riverOvertop": false, "area": "bar", "areaProb": 0.4137888888888889, "outdoor": true, "emergencyType": "none", "emergencyProb": 0.9999498195118375, "category": "Education", "subcategory": "Universities", "coordinate": [48.13009, 11.6053], "animalsInDanger": 18, "infraInDanger": [], "objectsInDanger": ["Car", "Shoe", "Banknote", "Desk"]}]}