{"_id": {"$oid": "62418d3d32716b72191da410"}, "header": {"timestamp": "2022-03-28 12:44:26.401075", "sender": "Visual Analysis", "entity": "video", "simmoid": "cf798436-e82a-4af5-8de0-c6faeb8069cb", "project_id": "83"}, "shotInfo": [

{"shotIdx": 24, "startFrame": "3231", "endFrame": "3316", "objectsFound": [{"type": "wall", "probability": 55.118136935763886}, {"type": "building", "probability": 4.794650607638888}, {"type": "ceiling", "probability": 6.927490234375}, {"type": "tree", "probability": 5.628797743055555}, {"type": "door", "probability": 1.1576334635416665}], "peopleInDanger": 0, "vehiclesInDanger": 0, "riverOvertop": false, "area": "train_station_platform", "areaProb": 0.053380000000000004, "outdoor": true, "emergencyType": "none", "emergencyProb": 0.9976044446229935, "category": "Infrastructure", "subcategory": "Antennas", "coordinate": [45.544775, 11.564912], "animalsInDanger": 3, "infraInDanger": ["parking", "office", "tourist office", "office", "stadium", "nurseries", "parking", "tourist office", "tower", "tower", "parking"], "objectsInDanger": ["Table", "Trousers", "Washing machine", "Fork", "Cupboard", "Computer", "Bag"]}]}