{"_id": {"$oid": "62430bc8e6d3068eca396a4a"}, "header": {"timestamp": "2022-03-29 16:02:36.107553", "sender": "Visual Analysis", "entity": "video", "simmoid": "cf798436-e82a-4af5-8de0-c6faeb8069cb", "project_id": "82"}, "shotInfo": [

{"shotIdx": 7, "startFrame": "1257", "endFrame": "1377", "objectsFound": [{"type": "water", "probability": 18.86257595486111}, {"type": "sea", "probability": 21.712239583333336}, {"type": "sky", "probability": 16.871473524305554}, {"type": "wall", "probability": 29.463026258680557}, {"type": "tower", "probability": 1.8961588541666667}, {"type": "tree", "probability": 7.712809244791667}, {"type": "earth", "probability": 6.236436631944445}, {"type": "ship", "probability": 15.300835503472221}, {"type": "boat", "probability": 5.960422092013888}, {"type": "mountain", "probability": 2.762858072916667}, {"type": "house", "probability": 1.8636067708333333}, {"type": "sand", "probability": 0.6903754340277778}], "peopleInDanger": 0, "vehiclesInDanger": 0, "riverOvertop": false, "area": "canal_urban", "areaProb": 0.058179999999999996, "outdoor": true, "emergencyType": "none", "emergencyProb": 0.9909887259656732, "category": "Commerce", "subcategory": "Other Shops", "coordinate": [45.55054180487325,11.548604965209961], "animalsInDanger": 11, "infraInDanger": ["nurseries", "tourist office", "parking", "office"], "objectsInDanger": ["Bed", "Stool", "Window", "Washing machine", "Washing machine", "Blouse", "Cupboard", "Sink", "Backpack", "Spoon", "Key", "Desk", "Pen", "Stool", "Bag", "Shoe", "Stove", "Whiteboard", "Whiteboard", "Spoon", "Sofa", "Computer", "Pillow", "Coin", "Toothbrush", "Cup"]}]}