{"_id": {"$oid": "61eac2f87d2bf8167cc41c5e"}, "header": {"timestamp": "2022-01-21 14:12:34.824049", "sender": "Visual Analysis", "entity": "video", "simmoid": "abbb259b-7867-4b8a-ae2f-10becb2a96b5", "project_id": "test"}, "shotInfo": [
{"shotIdx": 6, "startFrame": "2536", "endFrame": "3628", "objectsFound": [{"type": "earth", "probability": 94.73876953125}, {"type": "road", "probability": 22.368028428819446}, {"type": "mountain", "probability": 54.599338107638886}, {"type": "building", "probability": 51.749674479166664}, {"type": "wall", "probability": 2.048068576388889}, {"type": "tree", "probability": 7.258436414930555}, {"type": "sea", "probability": 18.38921440972222}, {"type": "river", "probability": 0.628662109375}, {"type": "hill", "probability": 4.673936631944445}, {"type": "plant", "probability": 10.413275824652777}, {"type": "sand", "probability": 4.985894097222222}, {"type": "water", "probability": 2.425130208333333}, {"type": "grass", "probability": 1.4607747395833335}, {"type": "house", "probability": 0.17632378472222224}], "peopleInDanger": 0, "vehiclesInDanger": 0, "riverOvertop": false, "area": "village", "areaProb": 0.3050705202312139, "outdoor": true, "emergencyType": "none", "emergencyProb": 0.999437213163974, "category": "Flood Forecasts", "subcategory": "Flood Results From Model", "coordinate": [45.55054180487325,11.548604965209961], "animalsInDanger": 7, "infraInDanger": ["office", "office", "office"], "objectsInDanger": ["Blouse", "Bed", "Clock", "Cupboard", "Sweater", "Toothbrush", "Blouse", "Bag", "Shirt", "Book", "Dish", "Knife", "Stove", "Pillow", "Paper", "Clock", "Coin", "Key", "Coin", "Wallet", "Computer", "Helmet", "Blouse", "Spoon", "Pen", "Washing machine", "Knife", "Stool", "Bookcase", "Spoon", "Stove", "Pillow", "Fork", "Bookcase", "Blanket", "Backpack", "Ruler", "Coffee maker", "Pot", "Washing machine", "Glue", "Knife", "Glue", "Wallet", "Pot", "Trousers", "Spoon", "Fridge"]}]}