{"_id": {"$oid": "62418d3d32716b72191da410"}, "header": {"timestamp": "2022-03-28 12:44:26.401075", "sender": "Visual Analysis", "entity": "video", "simmoid": "cf798436-e82a-4af5-8de0-c6faeb8069cb", "project_id": "83"}, "shotInfo": [

{"shotIdx": 21, "startFrame": "2876", "endFrame": "2943", "objectsFound": [{"type": "sky", "probability": 47.55927191840278}, {"type": "mountain", "probability": 20.424397786458336}, {"type": "earth", "probability": 24.336073133680554}, {"type": "tree", "probability": 0.03662109375}, {"type": "house", "probability": 3.3860948350694446}, {"type": "building", "probability": 0.8266872829861112}, {"type": "water", "probability": 1.0728624131944444}], "peopleInDanger": 0, "vehiclesInDanger": 0, "riverOvertop": false, "area": "bar", "areaProb": 0.06336666666666667, "outdoor": true, "emergencyType": "none", "emergencyProb": 0.9985844989617666, "category": "Production Planning", "subcategory": "Restricted Areas", "coordinate": [45.544775, 11.564912], "animalsInDanger": 16, "infraInDanger": ["tower", "road", "university", "road", "kindergraden", "company", "tower"], "objectsInDanger": ["Cupboard"]}]}