{"_id": {"$oid": "628210116611e02826986a5f"}, "header": {"timestamp": "2022-05-16 11:48:59.864836", "sender": "Visual Analysis", "entity": "twitter_post", "simmoid": "1420240116509990912", "project_id": "144"}, "shotInfo": [{"shotIdx": 0, "startFrame": 0, "endFrame": 0, "objectsFound": [{"type": "sky", "probability": 0.44748327529325516}, {"type": "building", "probability": 0.31758041605571846}, {"type": "mountain", "probability": 0.14336281158357772}, {"type": "tree", "probability": 0.09110955828445748}, {"type": "earth", "probability": 0.0002806543255131965}, {"type": "crt", "probability": 0.00018328445747800586}], "peopleInDanger": 0, "vehiclesInDanger": 0, "riverOvertop": false, "area": "village", "areaProb": 0.46799999999999997, "outdoor": true, "emergencyType": "none", "emergencyProb": 0.9956977367401123, "category": "Finance", "subcategory": "Exchange Offices", "coordinate": [48.130089, 11.6053], "animalsInDanger": 2, "infraInDanger": ["parking", "school", "kindergraden", "school", "office", "ceiling", "ceiling", "house", "office", "house", "parking", "tourist office", "school"], "objectsInDanger": ["Sweater", "Ruler", "Pot", "Backpack", "Ruler", "Dish", "Washing machine", "Fork", "Car", "Pen", "Shoe", "Coin", "Shoe", "Clock", "Notebook", "Fork"]}]}