{"_id": {"$oid": "6214e0fa0e54a551b7172a31"}, "header": {"timestamp": "2022-02-22 13:33:36.981597", "sender": "Visual Analysis", "entity": "video", "simmoid": "cf798436-e82a-4af5-8de0-c6faeb8069cb", "project_id": "1"}, "shotInfo": [

{"shotIdx": 15, "startFrame": "2210", "endFrame": "2312", "objectsFound": [{"type": "wall", "probability": 82.49172634548611}, {"type": "building", "probability": 0.1163601345486111}, {"type": "ceiling", "probability": 13.154432508680555}, {"type": "person", "probability": 4.069010416666666}, {"type": "sculpture", "probability": 2.394612630208333}, {"type": "table", "probability": 2.543131510416667}], "peopleInDanger": 0, "vehiclesInDanger": 0, "riverOvertop": false, "area": "bar", "areaProb": 0.4374818181818182, "outdoor": true, "emergencyType": "none", "emergencyProb": 0.9985500574111938, "category": "Infrastructure", "subcategory": "Antennas", "coordinate": [45.55054180487325,11.548604965209961], "animalsInDanger": 9, "infraInDanger": ["road", "company", "tower", "house", "company", "stadium", "tourist office", "university", "house", "university", "room", "company"], "objectsInDanger": ["Blanket", "Bookcase", "Sink", "Banknote", "Ruler", "Key", "Spoon", "Sink", "Sofa", "Fridge", "Notebook", "Stool", "Pen", "Key", "Glass", "Book", "Helmet", "Knife", "Cup", "Coffee maker", "Glass", "Fridge", "Bed", "Stove", "Key", "Cup", "Shirt", "Bed", "Bookcase", "Pillow", "Car", "Coffee maker", "Car", "Trousers"]}]}