{"_id": {"$oid": "6214e0fa0e54a551b7172a31"}, "header": {"timestamp": "2022-02-22 13:33:36.981597", "sender": "Visual Analysis", "entity": "video", "simmoid": "cf798436-e82a-4af5-8de0-c6faeb8069cb", "project_id": "1"}, "shotInfo": [

{"shotIdx": 25, "startFrame": "3317", "endFrame": "3420", "objectsFound": [{"type": "building", "probability": 58.120388454861114}, {"type": "sky", "probability": 36.51190863715278}, {"type": "tree", "probability": 8.59714084201389}, {"type": "road", "probability": 2.1857367621527777}, {"type": "earth", "probability": 1.5862358940972223}, {"type": "path", "probability": 1.6072591145833333}], "peopleInDanger": 0, "vehiclesInDanger": 0, "riverOvertop": false, "area": "mansion", "areaProb": 0.09064444444444444, "outdoor": true, "emergencyType": "none", "emergencyProb": 0.9999994685252508, "category": "Production Planning", "subcategory": "Snapshots", "coordinate": [45.55054180487325,11.548604965209961], "animalsInDanger": 14, "infraInDanger": ["office"], "objectsInDanger": ["Washing machine", "Backpack", "Pot", "Table", "Stove", "Notebook", "Chair", "Fork", "Shirt", "Glass", "Bicycle"]}]}