{"_id": {"$oid": "62820c5a6611e02826986a59"}, "header": {"timestamp": "2022-05-16 11:28:11.387201", "sender": "Visual Analysis", "entity": "video", "simmoid": "60aeb4e9-f9a5-4470-8a8d-de0694182f7c", "project_id": "143"}, "shotInfo": [

{"shotIdx": 21, "startFrame": "2327", "endFrame": "2389", "objectsFound": [{"type": "building", "probability": 76.2399281358885}, {"type": "sky", "probability": 16.32866942508711}, {"type": "road", "probability": 6.119337979094077}, {"type": "fountain", "probability": 3.555776350174216}, {"type": "earth", "probability": 1.5774716898954704}], "peopleInDanger": 0, "vehiclesInDanger": 0, "riverOvertop": false, "area": "apartment_building_outdoor", "areaProb": 0.08439999999999999, "outdoor": true, "emergencyType": "none", "emergencyProb": 0.9986814657847086, "category": "Medical", "subcategory": "Doctors", "coordinate": [35.53375, 24.06505], "animalsInDanger": 12, "infraInDanger": ["school", "company"], "objectsInDanger": ["Fridge", "Fridge", "Fridge", "Pen", "Wallet", "Stove", "Cup", "Bookcase", "Notebook", "Blanket", "Key", "Washing machine", "Key", "Blouse", "Bookcase", "Shoe", "Table", "Pen", "Door", "Sweater", "Spoon", "Clock", "Bed", "Door", "Fridge", "Shoe", "Ruler", "Blanket", "Dish", "Notebook", "Ruler", "Window", "Chair", "Bed", "Chair", "Sink", "Stove", "Window", "Toothbrush", "Book", "Backpack", "Glue", "Key", "Banknote", "Paper", "Blanket", "Chair", "Window"]}]}