{"_id": {"$oid": "627cb724d32319b204f069a2"}, "header": {"timestamp": "2022-05-12 10:25:20.443635", "sender": "Visual Analysis", "entity": "video", "simmoid": "cf798436-e82a-4af5-8de0-c6faeb8069cb", "project_id": "118"}, "shotInfo": [

{"shotIdx": 7, "startFrame": "1257", "endFrame": "1377", "objectsFound": [{"type": "water", "probability": 23.207480400696863}, {"type": "sky", "probability": 19.470002177700348}, {"type": "wall", "probability": 25.595464939024392}, {"type": "sea", "probability": 22.31734538327526}, {"type": "tree", "probability": 6.141114982578397}, {"type": "boat", "probability": 4.1805041376306615}, {"type": "ship", "probability": 3.5734701655052263}, {"type": "earth", "probability": 7.949967334494773}, {"type": "mountain", "probability": 0.31508601916376305}], "peopleInDanger": 0, "vehiclesInDanger": 0, "riverOvertop": false, "area": "canal_urban", "areaProb": 0.06847999999999999, "outdoor": true, "emergencyType": "none", "emergencyProb": 0.9978057525374673, "category": "Finance", "subcategory": "Exchange Offices", "coordinate": [45.55054180487325, 11.548604965209961], "animalsInDanger": 20, "infraInDanger": ["house"], "objectsInDanger": ["Desk", "Chair", "Sink", "Pen", "Spoon", "Door", "Washing machine", "Washing machine", "Helmet", "Bed", "Notebook", "Door", "Blanket", "Blouse", "Blanket", "Computer", "Computer", "Bed", "Computer", "Fridge", "Computer", "Desk"]}]}