{"_id": {"$oid": "623c9aaf7d9e4cd180c9a6f8"}, "header": {"timestamp": "2022-03-24 17:42:23.152261", "sender": "Visual Analysis", "entity": "video", "simmoid": "cf798436-e82a-4af5-8de0-c6faeb8069cb", "project_id": "20"}, "shotInfo": [

{"shotIdx": 0, "startFrame": "0", "endFrame": "259", "objectsFound": [{"type": "sky", "probability": 94.74148220486111}, {"type": "sea", "probability": 3.9530436197916665}, {"type": "mountain", "probability": 5.694580078125}, {"type": "hill", "probability": 2.7594672309027777}], "peopleInDanger": 0, "vehiclesInDanger": 0, "riverOvertop": false, "area": "grotto", "areaProb": 0.24658333333333335, "outdoor": true, "emergencyType": "none", "emergencyProb": 0.9999457502365112, "category": "Commerce", "subcategory": "Clothing", "coordinate": [45.55054180487325,11.548604965209961], "animalsInDanger": 3, "infraInDanger": ["stadium", "office", "tourist office", "room", "company", "ceiling", "tourist office", "office", "nurseries"], "objectsInDanger": ["Window", "Cup", "Sofa", "Stool", "Bag", "Sink", "Bookcase", "Key", "Door", "Pencil", "Backpack", "Pen", "Pot", "Window", "Fridge", "Shirt", "Sweater", "Table", "Glass", "Notebook", "Key", "Computer", "Coin", "Banknote", "Sofa", "Banknote", "Blouse"]}]}