{"_id": {"$oid": "62418d3d32716b72191da410"}, "header": {"timestamp": "2022-03-28 12:44:26.401075", "sender": "Visual Analysis", "entity": "video", "simmoid": "cf798436-e82a-4af5-8de0-c6faeb8069cb", "project_id": "83"}, "shotInfo": [

{"shotIdx": 18, "startFrame": "2518", "endFrame": "2629", "objectsFound": [{"type": "wall", "probability": 40.08721245659722}, {"type": "ceiling", "probability": 23.59551323784722}, {"type": "building", "probability": 14.219156901041666}, {"type": "person", "probability": 4.721408420138888}, {"type": "table", "probability": 2.2040473090277777}, {"type": "canopy", "probability": 0.7588704427083333}, {"type": "chair", "probability": 1.947021484375}, {"type": "door", "probability": 3.372531467013889}], "peopleInDanger": 0, "vehiclesInDanger": 0, "riverOvertop": false, "area": "bar", "areaProb": 0.21913999999999997, "outdoor": true, "emergencyType": "none", "emergencyProb": 0.9998685284094377, "category": "Commerce", "subcategory": "Clothing", "coordinate": [45.559496, 11.5306666], "animalsInDanger": 13, "infraInDanger": ["nurseries", "stadium", "stadium", "ceiling", "ceiling"], "objectsInDanger": ["Sink", "Pillow", "Computer", "Helmet", "Whiteboard", "Bicycle", "Clock", "Spoon", "Computer", "Glue", "Book", "Paper", "Trousers", "Pillow"]}]}