{"_id": {"$oid": "62b431e7a8d96e104c0de315"}, "header": {"timestamp": "2022-06-23 12:26:45.302054", "sender": "Visual Analysis", "entity": "twitter_post", "simmoid": "1420240116509990912", "project_id": "154"}, "shotInfo": [{"shotIdx": 0, "startFrame": 0, "endFrame": 0, "objectsFound": [{"type": "sky", "probability": 0.44748327529325516}, {"type": "building", "probability": 0.31758041605571846}, {"type": "mountain", "probability": 0.14336281158357772}, {"type": "tree", "probability": 0.09110955828445748}, {"type": "earth", "probability": 0.0002806543255131965}, {"type": "crt", "probability": 0.00018328445747800586}], "peopleInDanger": 0, "vehiclesInDanger": 0, "riverOvertop": false, "area": "village", "areaProb": 0.46799999999999997, "outdoor": true, "emergencyType": "none", "emergencyProb": 0.9956977367401123, "category": "Education", "subcategory": "Kindergartens", "coordinate": [48.13009, 11.6053], "animalsInDanger": 10, "infraInDanger": ["kindergraden", "nurseries", "stadium", "kindergraden", "parking", "house", "nurseries", "parking", "office", "company"], "objectsInDanger": ["Blouse", "Fork", "Glue", "Coin", "Bag", "Coffee maker", "Coffee maker", "Fridge", "Shoe", "Sweater", "Window", "Pot", "Key", "Knife", "Toothbrush", "Backpack", "Paper", "Notebook", "Chair"]}]}