{"_id": {"$oid": "62820c5a6611e02826986a59"}, "header": {"timestamp": "2022-05-16 11:28:11.387201", "sender": "Visual Analysis", "entity": "video", "simmoid": "60aeb4e9-f9a5-4470-8a8d-de0694182f7c", "project_id": "143"}, "shotInfo": [{"shotIdx": 39, "startFrame": "4662", "endFrame": "5168", "objectsFound": [{"type": "sky", "probability": 42.8598649825784}, {"type": "building", "probability": 34.38316637630662}, {"type": "tree", "probability": 10.928653092334494}, {"type": "person", "probability": 13.648736933797908}, {"type": "mountain", "probability": 27.172936628919857}, {"type": "sea", "probability": 7.294615635888501}, {"type": "field", "probability": 4.307082970383275}], "peopleInDanger": 0, "vehiclesInDanger": 0, "riverOvertop": false, "area": "village", "areaProb": 0.5843159999999998, "outdoor": true, "emergencyType": "none", "emergencyProb": 0.999991512298584, "category": "Finance", "subcategory": "Exchange Offices", "coordinate": [35.53375, 24.0650185], "animalsInDanger": 7, "infraInDanger": ["company"], "objectsInDanger": ["Sink", "Notebook", "Coffee maker"]}]}