{"_id": {"$oid": "62b41a6ea8d96e104c0de311"}, "header": {"timestamp": "2022-06-23 10:46:45.469033", "sender": "Visual Analysis", "entity": "twitter_post", "simmoid": "1420640440135524355", "project_id": "154"}, "shotInfo": [{"shotIdx": 0, "startFrame": 0, "endFrame": 0, "objectsFound": [{"type": "person", "probability": 0.7061812347188264}, {"type": "wall", "probability": 0.2707203163202934}, {"type": "flower", "probability": 0.014326100244498777}, {"type": "table", "probability": 0.003863271699266504}, {"type": "seat", "probability": 0.0031756188875305623}, {"type": "shelf", "probability": 0.0012081677872860636}, {"type": "basket", "probability": 0.0004918627750611247}, {"type": "box", "probability": 3.342756723716381e-05}], "peopleInDanger": 0, "vehiclesInDanger": 0, "riverOvertop": false, "area": "restaurant", "areaProb": 0.192, "outdoor": true, "emergencyType": "none", "emergencyProb": 0.99874347448349, "category": "Finance", "subcategory": "Exchange Offices", "coordinate": [48.13009, 11.6053], "animalsInDanger": 7, "infraInDanger": ["parking", "company", "ceiling", "tower", "school", "parking", "office", "tower", "tower", "office", "tourist office"], "objectsInDanger": ["Notebook", "Bicycle", "Table", "Bed", "Fridge", "Paper", "Shoe", "Paper", "Coffee maker", "Bicycle", "Book", "Coin", "Bicycle", "Blouse", "Table", "Bed", "Spoon", "Cup", "Pillow", "Key", "Cupboard", "Glass", "Book", "Toothbrush", "Pillow", "Pencil", "Knife", "Bed", "Shirt", "Sofa", "Whiteboard", "Coffee maker", "Toothbrush", "Blouse", "Shoe", "Glass", "Trousers", "Desk", "Car", "Pot", "Bed", "Fork", "Door", "Desk", "Notebook"]}]}