{"_id": {"$oid": "62430bc8e6d3068eca396a4a"}, "header": {"timestamp": "2022-03-29 16:02:36.107553", "sender": "Visual Analysis", "entity": "video", "simmoid": "cf798436-e82a-4af5-8de0-c6faeb8069cb", "project_id": "82"}, "shotInfo": [

{"shotIdx": 16, "startFrame": "2313", "endFrame": "2422", "objectsFound": [{"type": "building", "probability": 97.28529188368056}, {"type": "sky", "probability": 3.4166124131944446}, {"type": "tree", "probability": 1.519775390625}, {"type": "wall", "probability": 0.885009765625}], "peopleInDanger": 0, "vehiclesInDanger": 0, "riverOvertop": false, "area": "staircase", "areaProb": 0.078, "outdoor": true, "emergencyType": "none", "emergencyProb": 0.9999686717987061, "category": "Production Planning", "subcategory": "Sources of Pollution", "coordinate": [45.55054180487325, 11.548604965209961], "animalsInDanger": 2, "infraInDanger": ["university", "company", "company", "kindergraden", "nurseries", "parking", "room", "house", "house", "parking"], "objectsInDanger": ["Bed", "Shoe", "Blouse", "Clock"]}]}