{"_id": {"$oid": "62b464a3584b330fea0eceec"}, "header": {"timestamp": "2022-06-23 16:03:11.587720", "sender": "Visual Analysis", "entity": "twitter_post", "simmoid": "1420123007163543560", "project_id": "154"}, "shotInfo": [{"shotIdx": 0, "startFrame": 0, "endFrame": 0, "objectsFound": [{"type": "road", "probability": 0.548908390410959}, {"type": "tent", "probability": 0.14233197773972603}, {"type": "person", "probability": 0.08694884417808219}, {"type": "signboard", "probability": 0.03402718321917808}, {"type": "sky", "probability": 0.03296232876712329}, {"type": "wall", "probability": 0.030532962328767125}, {"type": "fence", "probability": 0.02343214897260274}, {"type": "step", "probability": 0.02007170376712329}, {"type": "hill", "probability": 0.015143407534246575}, {"type": "pole", "probability": 0.01445847602739726}, {"type": "conveyer", "probability": 0.011766909246575342}, {"type": "grandstand", "probability": 0.007502140410958904}, {"type": "bathtub", "probability": 0.006940282534246576}, {"type": "car", "probability": 0.006683433219178082}, {"type": "sea", "probability": 0.005024614726027398}, {"type": "building", "probability": 0.003301583904109589}, {"type": "airplane", "probability": 0.002563142123287671}, {"type": "truck", "probability": 0.0021350599315068494}, {"type": "runway", "probability": 0.0016267123287671233}, {"type": "base", "probability": 0.0016106592465753426}, {"type": "stairs", "probability": 0.0008240582191780823}, {"type": "streetlight", "probability": 0.0008240582191780823}, {"type": "bed", "probability": 0.0002300941780821918}, {"type": "mountain", "probability": 6.956335616438356e-05}, {"type": "field", "probability": 5.351027397260274e-05}, {"type": "tank", "probability": 2.675513698630137e-05}], "peopleInDanger": 0, "vehiclesInDanger": 0, "riverOvertop": false, "area": "railroad_track", "areaProb": 0.0682, "outdoor": true, "emergencyType": "none", "emergencyProb": 0.9998182654380798, "category": "Disaster Management", "subcategory": "Civil Protection", "coordinate": [35.52925763063966,24.07529354095459], "animalsInDanger": 4, "infraInDanger": ["university", "office", "kindergraden", "room", "office", "road", "company", "road", "tourist office", "ceiling", "school"], "objectsInDanger": ["Chair", "Bag", "Helmet", "Book", "Pillow", "Notebook", "Cupboard", "Table", "Key", "Cup", "Door", "Trousers", "Table", "Shirt", "Fridge", "Car", "Window", "Paper", "Whiteboard", "Bag", "Pen", "Sink", "Car", "Sink", "Book", "Car", "Door", "Sink", "Bed", "Helmet", "Door", "Fridge"]}]}