{"_id": {"$oid": "6214e0fa0e54a551b7172a31"}, "header": {"timestamp": "2022-02-22 13:33:36.981597", "sender": "Visual Analysis", "entity": "video", "simmoid": "cf798436-e82a-4af5-8de0-c6faeb8069cb", "project_id": "1"}, "shotInfo": [

{"shotIdx": 3, "startFrame": "875", "endFrame": "975", "objectsFound": [{"type": "sky", "probability": 53.983561197916664}, {"type": "mountain", "probability": 17.78835720486111}, {"type": "building", "probability": 26.066080729166668}, {"type": "wall", "probability": 6.250678168402778}, {"type": "tree", "probability": 8.513047960069445}], "peopleInDanger": 0, "vehiclesInDanger": 0, "riverOvertop": false, "area": "hotel_outdoor", "areaProb": 0.10034736842105263, "outdoor": true, "emergencyType": "none", "emergencyProb": 0.9999982792398204, "category": "Education", "subcategory": "Universities", "coordinate": [37.980401, 23.757333], "animalsInDanger": 3, "infraInDanger": ["office", "office", "tower", "office", "road", "parking", "tourist office", "tower", "ceiling", "office", "office", "parking"], "objectsInDanger": ["Door", "Computer", "Toothbrush", "Glue", "Spoon", "Sweater", "Washing machine", "Banknote", "Cupboard", "Sofa", "Bicycle", "Helmet", "Coffee maker", "Stove", "Dish", "Table", "Bag", "Glass", "Sink", "Knife"]}]}