{"_id": {"$oid": "62434aa1692f7f5379d3d2ff"}, "header": {"timestamp": "2022-03-29 18:09:51.052135", "sender": "Visual Analysis", "entity": "video", "simmoid": "372d0e9b-b361-452b-af05-34ee99bced76", "project_id": "82"}, "shotInfo": [

{"shotIdx": 21, "startFrame": "10230", "endFrame": "10747", "objectsFound": [{"type": "building", "probability": 32.91490342881944}, {"type": "sea", "probability": 24.37744140625}, {"type": "earth", "probability": 15.812174479166666}, {"type": "mountain", "probability": 16.88164605034722}, {"type": "tree", "probability": 21.00830078125}, {"type": "wall", "probability": 6.405300564236111}, {"type": "sky", "probability": 16.26315646701389}, {"type": "plant", "probability": 2.6787651909722223}], "peopleInDanger": 0, "vehiclesInDanger": 0, "riverOvertop": false, "area": "castle", "areaProb": 0.13454285714285716, "outdoor": true, "emergencyType": "none", "emergencyProb": 0.9997837917477477, "category": "Public Services", "subcategory": "Tourist Offices", "coordinate": [45.55054180487325, 11.548604965209961], "animalsInDanger": 4, "infraInDanger": ["stadium", "kindergraden", "stadium", "kindergraden", "office", "kindergraden", "tourist office", "school", "parking", "office", "parking", "office"], "objectsInDanger": ["Sweater", "Cupboard", "Paper", "Pen", "Cupboard", "Paper", "Pen", "Stove", "Bicycle"]}]}