{"_id": {"$oid": "62430bc8e6d3068eca396a4a"}, "header": {"timestamp": "2022-03-29 16:02:36.107553", "sender": "Visual Analysis", "entity": "video", "simmoid": "cf798436-e82a-4af5-8de0-c6faeb8069cb", "project_id": "82"}, "shotInfo": [

{"shotIdx": 6, "startFrame": "1118", "endFrame": "1256", "objectsFound": [{"type": "wall", "probability": 51.553683810763886}, {"type": "earth", "probability": 22.09201388888889}, {"type": "water", "probability": 14.07809787326389}, {"type": "sky", "probability": 8.611382378472223}, {"type": "tree", "probability": 5.196126302083334}, {"type": "building", "probability": 3.738064236111111}, {"type": "boat", "probability": 2.6007758246527777}, {"type": "grass", "probability": 1.7137315538194444}], "peopleInDanger": 0, "vehiclesInDanger": 0, "riverOvertop": false, "area": "canal_urban", "areaProb": 0.0969846153846154, "outdoor": true, "emergencyType": "none", "emergencyProb": 0.9639439536974981, "category": "Flood Forecasts", "subcategory": "Flood Results From Model", "coordinate": [35.524678, 24.084345], "animalsInDanger": 1, "infraInDanger": ["ceiling", "parking", "kindergraden", "nurseries", "room", "school", "tower"], "objectsInDanger": ["Toothbrush", "Window", "Window", "Stove", "Bicycle", "Desk", "Spoon", "Pen", "Glue", "Desk", "Wallet", "Table", "Stool", "Notebook", "Glass", "Bicycle", "Shirt", "Ruler", "Pillow"]}]}