{"_id": {"$oid": "62820c5a6611e02826986a59"}, "header": {"timestamp": "2022-05-16 11:28:11.387201", "sender": "Visual Analysis", "entity": "video", "simmoid": "60aeb4e9-f9a5-4470-8a8d-de0694182f7c", "project_id": "143"}, "shotInfo": [

{"shotIdx": 6, "startFrame": "993", "endFrame": "1057", "objectsFound": [{"type": "tree", "probability": 54.62080792682927}, {"type": "earth", "probability": 20.515298344947734}, {"type": "wall", "probability": 6.069659189895471}, {"type": "ceiling", "probability": 0.3593205574912892}, {"type": "sky", "probability": 3.8715429006968645}, {"type": "road", "probability": 2.4914253048780486}, {"type": "path", "probability": 1.0350881968641115}, {"type": "sea", "probability": 1.2310812282229966}], "peopleInDanger": 0, "vehiclesInDanger": 0, "riverOvertop": false, "area": "boardwalk", "areaProb": 0.11869999999999999, "outdoor": true, "emergencyType": "none", "emergencyProb": 0.9991758267084757, "category": "Disaster Management", "subcategory": "Flooded Reports", "coordinate": [45.55054180487325, 11.548604965209961], "animalsInDanger": 6, "infraInDanger": ["nurseries", "ceiling", "kindergraden", "nurseries"], "objectsInDanger": ["Sweater", "Door", "Fork", "Stove", "Knife", "Shoe", "Pot", "Sweater", "Ruler", "Whiteboard", "Bicycle", "Spoon", "Pillow", "Stool", "Shirt", "Computer", "Chair", "Window", "Stove", "Helmet", "Key", "Blanket", "Bookcase", "Blanket", "Fridge", "Sink", "Pen", "Dish", "Sofa", "Whiteboard", "Knife", "Cup", "Stove", "Ruler", "Blouse", "Fork", "Coin", "Coin", "Car", "Chair", "Glass"]}]}