{"_id": {"$oid": "6284a1efbaf457ecb19400c8"}, "header": {"timestamp": "2022-05-18 10:36:00.979404", "sender": "Visual Analysis", "entity": "video", "simmoid": "b9d4fe8d-07d5-4a5e-8d06-22b1ff7bbb5a", "project_id": "citizen"}, "shotInfo": [{"shotIdx": 0, "startFrame": 0, "endFrame": 0, "objectsFound": [{"type": "wall", "probability": 0.4128570556640625}, {"type": "floor", "probability": 0.2344207763671875}, {"type": "windowpane", "probability": 0.11368815104166669}, {"type": "bannister", "probability": 0.09457906087239581}, {"type": "case", "probability": 0.07270304361979167}, {"type": "ceiling", "probability": 0.04280598958333334}, {"type": "railing", "probability": 0.02516682942708333}, {"type": "painting", "probability": 0.003168741861979166}, {"type": "door", "probability": 0.00033060709635416674}, {"type": "chandelier", "probability": 0.00017293294270833337}, {"type": "sculpture", "probability": 0.00010172526041666668}, {"type": "mirror", "probability": 5.086263020833332e-06}], "peopleInDanger": 0, "vehiclesInDanger": 0, "riverOvertop": false, "area": "indoor", "areaProb": 0.1002, "outdoor": false, "emergencyType": "none", "emergencyProb": 0.9997925162315369, "category": "Disaster Management", "subcategory": "Civil Protection Distribution Places", "coordinate": [35.53375, 24.0650185], "animalsInDanger": 20, "infraInDanger": [], "objectsInDanger": ["Banknote", "Washing machine", "Glue", "Door", "Toothbrush", "Glass", "Shirt", "Coffee maker"]}]}