{"_id": {"$oid": "6213ca0942fde02430089b1b"}, "header": {"timestamp": "2022-02-21 16:39:09.725780", "sender": "Visual Analysis", "entity": "video", "simmoid": "60aeb4e9-f9a5-4470-8a8d-de0694182f7c", "project_id": "1"}, "shotInfo": [

{"shotIdx": 16, "startFrame": "1885", "endFrame": "2008", "objectsFound": [{"type": "building", "probability": 99.60462782118056}, {"type": "sculpture", "probability": 1.5597873263888888}], "peopleInDanger": 0, "vehiclesInDanger": 0, "riverOvertop": false, "area": "alley", "areaProb": 0.07720909090909092, "outdoor": true, "emergencyType": "none", "emergencyProb": 0.9999920540842516, "category": "Finance", "subcategory": "Exchange Offices", "coordinate": [45.544777, 11.564912], "animalsInDanger": 0, "infraInDanger": ["room", "school", "house"], "objectsInDanger": ["Sofa", "Blanket", "Cupboard", "Bicycle", "Toothbrush", "Car", "Spoon"]}]}