{"_id": {"$oid": "6214e0fa0e54a551b7172a31"}, "header": {"timestamp": "2022-02-22 13:33:36.981597", "sender": "Visual Analysis", "entity": "video", "simmoid": "cf798436-e82a-4af5-8de0-c6faeb8069cb", "project_id": "1"}, "shotInfo": [

{"shotIdx": 1, "startFrame": "260", "endFrame": "347", "objectsFound": [{"type": "sky", "probability": 59.602864583333336}, {"type": "water", "probability": 58.376736111111114}, {"type": "sand", "probability": 5.450439453125}, {"type": "sea", "probability": 3.255886501736111}, {"type": "earth", "probability": 2.455647786458333}], "peopleInDanger": 0, "vehiclesInDanger": 0, "riverOvertop": false, "area": "creek", "areaProb": 0.2080578947368421, "outdoor": true, "emergencyType": "none", "emergencyProb": 0.9962549418210983, "category": "Commerce", "subcategory": "Clothing", "coordinate": [35.52925763063966,24.07529354095459], "animalsInDanger": 6, "infraInDanger": ["room", "office", "office", "house", "company", "ceiling", "school", "school", "tourist office", "nurseries", "house"], "objectsInDanger": ["Coin"]}]}