{"_id": {"$oid": "6284c4a8bf84728271056fd4"}, "header": {"timestamp": "2022-05-18 13:03:58.025223", "sender": "Visual Analysis", "entity": "twitter_post", "simmoid": "1420445285332004865", "project_id": "154"}, "shotInfo": [{"shotIdx": 0, "startFrame": 0, "endFrame": 0, "objectsFound": [{"type": "wall", "probability": 0.8399251302083335}, {"type": "signboard", "probability": 0.1533203125}, {"type": "bannister", "probability": 0.003794352213541666}, {"type": "chair", "probability": 0.0022023518880208335}, {"type": "stairway", "probability": 0.0006001790364583334}, {"type": "building", "probability": 0.00010172526041666668}, {"type": "floor", "probability": 4.069010416666666e-05}, {"type": "ceiling", "probability": 1.52587890625e-05}], "peopleInDanger": 0, "vehiclesInDanger": 0, "riverOvertop": false, "area": "fire_escape", "areaProb": 0.43520000000000003, "outdoor": true, "emergencyType": "none", "emergencyProb": 0.9999996423721313, "category": "Transportation", "subcategory": "Bike Rentals", "coordinate": [35.53375, 24.0650185], "animalsInDanger": 1, "infraInDanger": ["university", "road", "parking", "house", "kindergraden", "room", "tourist office", "office", "stadium", "tourist office", "university", "parking", "kindergraden", "road"], "objectsInDanger": ["Pen", "Toothbrush", "Helmet", "Cup", "Toothbrush", "Blouse", "Blouse", "Pencil", "Trousers", "Window", "Fridge", "Trousers", "Stool", "Stool", "Bed", "Key", "Spoon", "Sweater", "Washing machine", "Desk", "Window", "Cup", "Key", "Paper", "Fridge", "Sink", "Pot", "Computer", "Bicycle", "Washing machine", "Coffee maker", "Blanket"]}]}