{"_id": {"$oid": "62418d3d32716b72191da410"}, "header": {"timestamp": "2022-03-28 12:44:26.401075", "sender": "Visual Analysis", "entity": "video", "simmoid": "cf798436-e82a-4af5-8de0-c6faeb8069cb", "project_id": "83"}, "shotInfo": [

{"shotIdx": 22, "startFrame": "2944", "endFrame": "3090", "objectsFound": [{"type": "sky", "probability": 28.480360243055557}, {"type": "building", "probability": 21.32500542534722}, {"type": "car", "probability": 10.961235894097223}, {"type": "road", "probability": 8.726671006944445}, {"type": "mountain", "probability": 4.937744140625}, {"type": "sea", "probability": 4.275851779513888}, {"type": "wall", "probability": 3.4044053819444446}, {"type": "boat", "probability": 0.8138020833333334}, {"type": "water", "probability": 2.032470703125}], "peopleInDanger": 0, "vehiclesInDanger": 0, "riverOvertop": false, "area": "alley", "areaProb": 0.1089875, "outdoor": true, "emergencyType": "none", "emergencyProb": 0.9884763870920453, "category": "Production Planning", "subcategory": "Sources of Pollution", "coordinate": [45.544775, 11.564912], "animalsInDanger": 7, "infraInDanger": ["nurseries", "office"], "objectsInDanger": ["Coin", "Coffee maker", "Glass", "Bag", "Ruler", "Book", "Pencil", "Window", "Pillow", "Sweater", "Shirt", "Glass", "Wallet", "Paper", "Key", "Shirt", "Glue", "Paper", "Pillow", "Stool", "Pot", "Clock", "Shoe", "Table", "Sweater", "Glass", "Sofa", "Glue", "Pencil", "Stool", "Pillow", "Fork", "Whiteboard", "Blanket", "Paper", "Coffee maker", "Glass", "Cupboard"]}]}